CustomerID,Churn,Tenure,TenureCohort,RiskLevel,DaySinceLastOrder,OrderCount,CashbackAmount,SatisfactionScore,Complain,CityTier,Gender
50001,1,4.0,Growing (4-6m),MEDIUM RISK,5.0,1.0,159.93,2,1,3,Female
50002,1,9.0,Established (7-12m),STANDARD RISK,0.0,1.0,120.9,3,1,1,Male
50003,1,9.0,Established (7-12m),STANDARD RISK,3.0,1.0,120.28,3,1,1,Male
50004,1,0.0,New (0-3m),STANDARD RISK,3.0,1.0,134.07,5,0,3,Male
50005,1,0.0,New (0-3m),STANDARD RISK,3.0,1.0,129.6,5,0,1,Male
50006,1,0.0,New (0-3m),STANDARD RISK,7.0,6.0,139.19,5,1,1,Female
50007,1,9.0,Established (7-12m),STANDARD RISK,0.0,1.0,120.86,2,0,3,Male
50008,1,9.0,Established (7-12m),STANDARD RISK,0.0,2.0,122.93,2,1,1,Male
50009,1,13.0,Mature (13-24m),STANDARD RISK,2.0,1.0,126.83,3,1,3,Male
50010,1,9.0,Established (7-12m),STANDARD RISK,1.0,1.0,122.93,3,0,1,Male
50011,1,4.0,Growing (4-6m),STANDARD RISK,8.0,15.0,295.45,3,0,1,Female
50012,1,11.0,Established (7-12m),STANDARD RISK,0.0,1.0,153.81,3,1,1,Male
50013,1,0.0,New (0-3m),STANDARD RISK,2.0,2.0,134.41,3,1,1,Male
50014,1,0.0,New (0-3m),STANDARD RISK,0.0,1.0,133.88,3,1,1,Male
50015,1,9.0,Established (7-12m),STANDARD RISK,7.0,4.0,196.19,2,0,3,Male
50016,1,9.0,Established (7-12m),STANDARD RISK,2.0,1.0,120.73,5,1,2,Male
50017,1,0.0,New (0-3m),CRITICAL RISK,0.0,1.0,129.26,2,1,1,Female
50018,1,0.0,New (0-3m),STANDARD RISK,3.0,1.0,157.44,3,1,3,Male
50019,1,0.0,New (0-3m),STANDARD RISK,6.0,1.0,160.74,3,1,1,Male
50020,1,19.0,Mature (13-24m),STANDARD RISK,3.0,4.0,149.63,4,1,1,Female
50021,1,0.0,New (0-3m),STANDARD RISK,7.0,7.0,161.72,3,1,3,Male
50022,1,20.0,Mature (13-24m),STANDARD RISK,6.0,15.0,203.12,2,0,1,Female
50023,1,9.0,Established (7-12m),STANDARD RISK,0.0,1.0,116.75,3,1,3,Male
50024,1,0.0,New (0-3m),STANDARD RISK,2.0,2.0,145.59,3,1,3,Female
50025,1,14.0,Mature (13-24m),STANDARD RISK,3.0,1.0,206.5,2,0,1,Male
50026,1,0.0,New (0-3m),STANDARD RISK,4.0,1.0,142.0,5,0,1,Female
50027,0,8.0,Established (7-12m),STANDARD RISK,6.0,1.0,172.95,4,0,3,Male
50028,0,9.0,Established (7-12m),STANDARD RISK,5.0,4.0,123.06,3,1,3,Male
50029,0,18.0,Mature (13-24m),LOW RISK,15.0,1.0,123.48,4,0,1,Male
50030,0,5.0,Growing (4-6m),MEDIUM RISK,7.0,3.0,189.98,2,0,3,Female
50031,0,2.0,New (0-3m),STANDARD RISK,9.0,1.0,143.19,3,0,1,Male
50032,0,0.0,New (0-3m),STANDARD RISK,0.0,1.0,161.32,3,0,1,Male
50033,0,30.0,Loyal (25m+),STANDARD RISK,0.0,1.0,133.46,4,1,1,Female
50034,0,13.0,Mature (13-24m),STANDARD RISK,11.0,2.0,208.55,2,0,3,Male
50035,0,9.0,Established (7-12m),STANDARD RISK,2.0,1.0,122.31,3,0,3,Female
50036,0,0.0,New (0-3m),STANDARD RISK,2.0,2.0,123.23,2,0,1,Male
50037,0,9.0,Established (7-12m),STANDARD RISK,2.0,2.0,120.24,4,0,1,Male
50038,0,1.0,New (0-3m),STANDARD RISK,2.0,1.0,127.13,2,0,1,Male
50039,0,30.0,Loyal (25m+),STANDARD RISK,4.0,1.0,194.39,2,1,1,Male
50040,0,0.0,New (0-3m),STANDARD RISK,1.0,1.0,125.66,3,1,1,Male
50041,0,23.0,Mature (13-24m),LOW RISK,4.0,4.0,299.26,4,0,1,Female
50042,0,14.0,Mature (13-24m),STANDARD RISK,8.0,1.0,124.51,3,0,1,Male
50043,0,3.0,New (0-3m),STANDARD RISK,4.0,7.0,194.19,2,0,3,Female
50044,0,11.0,Established (7-12m),STANDARD RISK,1.0,1.0,186.86,2,0,3,Female
50045,0,5.0,Growing (4-6m),STANDARD RISK,4.0,1.0,130.38,3,0,1,Male
50046,0,0.0,New (0-3m),STANDARD RISK,1.0,1.0,130.58,4,1,1,Male
50047,1,0.0,New (0-3m),STANDARD RISK,0.0,1.0,123.25,5,0,3,Female
50048,0,9.0,Established (7-12m),STANDARD RISK,2.0,7.0,120.88,4,0,1,Male
50049,0,3.0,New (0-3m),STANDARD RISK,10.0,6.0,130.72,5,0,1,Male
50050,0,18.0,Mature (13-24m),STANDARD RISK,3.0,1.0,150.06,5,1,3,Female
50051,0,29.0,Loyal (25m+),STANDARD RISK,2.0,2.0,142.57,5,1,1,Female
50052,0,6.0,Growing (4-6m),MEDIUM RISK,2.0,1.0,125.0,2,0,1,Male
50053,1,0.0,New (0-3m),STANDARD RISK,0.0,1.0,111.02,2,0,1,Male
50054,0,19.0,Mature (13-24m),LOW RISK,7.0,15.0,204.53,5,0,3,Female
50055,0,9.0,Established (7-12m),STANDARD RISK,1.0,2.0,122.88,2,0,1,Female
50056,0,4.0,Growing (4-6m),MEDIUM RISK,2.0,1.0,139.29,2,1,1,Female
50057,0,9.0,Established (7-12m),STANDARD RISK,2.0,1.0,123.11,4,0,1,Female
50058,1,4.0,Growing (4-6m),STANDARD RISK,2.0,1.0,131.4,4,1,3,Female
50059,0,23.0,Mature (13-24m),STANDARD RISK,2.0,1.0,136.9,3,0,1,Male
50060,0,26.0,Loyal (25m+),LOW RISK,3.0,1.0,144.5,5,0,1,Female
50061,0,6.0,Growing (4-6m),STANDARD RISK,6.0,1.0,127.56,4,0,1,Female
50062,0,13.0,Mature (13-24m),STANDARD RISK,9.0,9.0,290.33,3,0,1,Female
50063,0,28.0,Loyal (25m+),LOW RISK,15.0,2.0,287.22,4,0,1,Male
50064,0,7.0,Established (7-12m),STANDARD RISK,9.0,1.0,195.47,3,0,1,Male
50065,0,24.0,Mature (13-24m),LOW RISK,0.0,2.0,237.34,4,0,1,Female
50066,0,25.0,Loyal (25m+),STANDARD RISK,9.0,11.0,299.99,3,0,1,Male
50067,0,9.0,Established (7-12m),STANDARD RISK,3.0,1.0,122.79,4,0,1,Female
50068,1,0.0,New (0-3m),STANDARD RISK,1.0,1.0,159.16,3,1,1,Male
50069,0,9.0,Established (7-12m),STANDARD RISK,2.0,2.0,120.89,2,0,1,Male
50070,0,18.0,Mature (13-24m),STANDARD RISK,8.0,11.0,267.92,2,0,1,Male
50071,0,10.0,Established (7-12m),STANDARD RISK,7.0,1.0,135.64,5,1,1,Male
50072,0,8.0,Established (7-12m),STANDARD RISK,2.0,1.0,144.25,4,0,1,Female
50073,0,15.0,Mature (13-24m),STANDARD RISK,2.0,1.0,152.65,3,0,1,Female
50074,0,11.0,Established (7-12m),STANDARD RISK,0.0,1.0,165.53,3,0,1,Male
50075,0,11.0,Established (7-12m),STANDARD RISK,7.0,1.0,162.61,2,0,1,Male
50076,0,0.0,New (0-3m),STANDARD RISK,0.0,2.0,142.98,5,0,1,Male
50077,0,22.0,Mature (13-24m),STANDARD RISK,7.0,1.0,168.04,2,1,1,Male
50078,0,7.0,Established (7-12m),STANDARD RISK,0.0,2.0,138.15,3,1,1,Male
50079,0,13.0,Mature (13-24m),STANDARD RISK,7.0,3.0,127.41,2,1,1,Male
50080,1,1.0,New (0-3m),STANDARD RISK,0.0,1.0,166.73,5,1,1,Male
50081,1,0.0,New (0-3m),STANDARD RISK,9.0,1.0,176.39,2,0,3,Female
50082,0,0.0,New (0-3m),STANDARD RISK,2.0,2.0,123.28,4,1,1,Male
50083,0,9.0,Established (7-12m),STANDARD RISK,7.0,1.0,121.53,2,0,1,Female
50084,0,13.0,Mature (13-24m),STANDARD RISK,2.0,1.0,148.76,2,0,1,Male
50085,0,19.0,Mature (13-24m),LOW RISK,3.0,1.0,193.96,5,0,1,Male
50086,1,0.0,New (0-3m),STANDARD RISK,8.0,9.0,204.0,2,0,3,Male
50087,0,3.0,New (0-3m),STANDARD RISK,8.0,5.0,184.74,3,0,1,Male
50088,0,0.0,New (0-3m),STANDARD RISK,7.0,1.0,199.81,3,0,3,Female
50089,0,24.0,Mature (13-24m),LOW RISK,3.0,4.0,224.9,4,0,1,Male
50090,1,0.0,New (0-3m),STANDARD RISK,4.0,1.0,126.57,5,1,1,Female
50091,0,14.0,Mature (13-24m),STANDARD RISK,0.0,2.0,235.91000000000005,2,1,3,Female
50092,1,0.0,New (0-3m),STANDARD RISK,1.0,1.0,166.96,5,0,3,Female
50093,1,9.0,Established (7-12m),STANDARD RISK,5.0,1.0,120.58,3,0,1,Male
50094,0,18.0,Mature (13-24m),STANDARD RISK,8.0,12.0,188.65,2,0,3,Female
50095,0,27.0,Loyal (25m+),LOW RISK,5.0,1.0,159.4,5,0,3,Female
50096,0,9.0,Established (7-12m),STANDARD RISK,7.0,3.0,159.14,4,0,1,Male
50097,0,6.0,Growing (4-6m),STANDARD RISK,1.0,1.0,126.22,4,0,1,Female
50098,0,10.0,Established (7-12m),STANDARD RISK,3.0,1.0,221.85,2,1,1,Male
50099,0,11.0,Established (7-12m),STANDARD RISK,13.0,5.0,206.09,3,0,3,Male
50100,0,4.0,Growing (4-6m),STANDARD RISK,4.0,1.0,143.45,3,0,1,Male
50101,0,9.0,Established (7-12m),STANDARD RISK,0.0,1.0,121.77,2,0,1,Male
50102,0,10.0,Established (7-12m),STANDARD RISK,8.0,5.0,0.0,2,0,3,Male
50103,0,2.0,New (0-3m),STANDARD RISK,1.0,4.0,179.18,2,0,3,Female
50104,0,8.0,Established (7-12m),STANDARD RISK,8.0,1.0,187.89,3,0,3,Female
50105,1,0.0,New (0-3m),CRITICAL RISK,1.0,1.0,123.89,2,1,1,Male
50106,0,25.0,Loyal (25m+),STANDARD RISK,2.0,2.0,132.12,2,0,1,Female
50107,0,15.0,Mature (13-24m),STANDARD RISK,15.0,11.0,292.32,2,0,1,Male
50108,0,9.0,Established (7-12m),STANDARD RISK,2.0,2.0,122.67,3,0,2,Male
50109,0,23.0,Mature (13-24m),STANDARD RISK,6.0,1.0,295.17,2,0,3,Female
50110,1,0.0,New (0-3m),CRITICAL RISK,4.0,1.0,124.36,2,1,1,Male
50111,0,16.0,Mature (13-24m),STANDARD RISK,9.0,2.0,260.64,2,1,3,Female
50112,1,0.0,New (0-3m),STANDARD RISK,7.0,1.0,127.07,5,0,1,Female
50113,0,25.0,Loyal (25m+),STANDARD RISK,12.0,15.0,290.68,3,1,3,Male
50114,0,5.0,Growing (4-6m),STANDARD RISK,2.0,1.0,139.31,4,0,3,Female
50115,1,0.0,New (0-3m),STANDARD RISK,2.0,1.0,137.3,3,1,1,Male
50116,0,9.0,Established (7-12m),STANDARD RISK,2.0,1.0,122.32,3,0,1,Female
50117,0,5.0,Growing (4-6m),MEDIUM RISK,2.0,2.0,144.65,2,0,3,Male
50118,0,14.0,Mature (13-24m),LOW RISK,0.0,1.0,130.72,5,0,1,Male
50119,0,13.0,Mature (13-24m),STANDARD RISK,7.0,4.0,133.19,2,0,1,Male
50120,0,18.0,Mature (13-24m),STANDARD RISK,7.0,1.0,292.02,2,0,1,Male
50121,0,4.0,Growing (4-6m),STANDARD RISK,2.0,2.0,236.75,3,0,1,Male
50122,0,6.0,Growing (4-6m),MEDIUM RISK,2.0,1.0,129.11,2,0,1,Female
50123,0,7.0,Established (7-12m),STANDARD RISK,9.0,5.0,159.57,5,0,1,Male
50124,0,10.0,Established (7-12m),STANDARD RISK,2.0,1.0,139.2,5,0,1,Female
50125,0,18.0,Mature (13-24m),STANDARD RISK,2.0,1.0,164.34,3,0,1,Male
50126,1,0.0,New (0-3m),STANDARD RISK,0.0,1.0,200.48,3,0,1,Male
50127,0,12.0,Established (7-12m),STANDARD RISK,3.0,11.0,209.38,3,0,1,Female
50128,0,2.0,New (0-3m),STANDARD RISK,5.0,1.0,123.4,2,0,1,Male
50129,0,15.0,Mature (13-24m),STANDARD RISK,2.0,1.0,165.45,5,1,1,Female
50130,0,2.0,New (0-3m),STANDARD RISK,2.0,1.0,169.31,2,0,3,Male
50131,0,0.0,New (0-3m),STANDARD RISK,2.0,1.0,148.98,3,0,1,Female
50132,0,15.0,Mature (13-24m),STANDARD RISK,8.0,7.0,125.93,5,1,1,Female
50133,0,13.0,Mature (13-24m),STANDARD RISK,9.0,3.0,294.36,3,0,1,Male
50134,0,24.0,Mature (13-24m),STANDARD RISK,0.0,1.0,127.23,2,0,1,Male
50135,1,0.0,New (0-3m),STANDARD RISK,4.0,1.0,134.79,4,0,1,Male
50136,0,5.0,Growing (4-6m),STANDARD RISK,3.0,1.0,127.94,4,0,1,Male
50137,0,11.0,Established (7-12m),STANDARD RISK,5.0,7.0,152.49,2,0,3,Male
50138,0,9.0,Established (7-12m),STANDARD RISK,4.0,1.0,121.76,5,0,1,Male
50139,0,19.0,Mature (13-24m),STANDARD RISK,7.0,7.0,268.72,4,1,3,Female
50140,1,0.0,New (0-3m),STANDARD RISK,0.0,1.0,134.85,3,0,1,Male
50141,0,2.0,New (0-3m),STANDARD RISK,0.0,1.0,166.44,4,0,3,Male
50142,0,4.0,Growing (4-6m),MEDIUM RISK,8.0,7.0,155.82,2,0,1,Male
50143,0,0.0,New (0-3m),STANDARD RISK,5.0,1.0,140.0,5,0,1,Male
50144,0,18.0,Mature (13-24m),STANDARD RISK,10.0,2.0,234.96,2,1,1,Male
50145,0,9.0,Established (7-12m),STANDARD RISK,11.0,10.0,132.1,2,0,1,Male
50146,0,28.0,Loyal (25m+),STANDARD RISK,13.0,4.0,290.45,5,1,1,Male
50147,1,10.0,Established (7-12m),STANDARD RISK,3.0,9.0,218.49,4,1,1,Male
50148,0,9.0,Established (7-12m),STANDARD RISK,4.0,1.0,120.7,2,0,1,Male
50149,0,10.0,Established (7-12m),STANDARD RISK,1.0,1.0,165.02,2,0,3,Male
50150,0,0.0,New (0-3m),STANDARD RISK,0.0,1.0,132.3,3,0,1,Male
50151,0,10.0,Established (7-12m),STANDARD RISK,2.0,2.0,236.03,2,1,1,Female
50152,0,2.0,New (0-3m),STANDARD RISK,3.0,6.0,219.96,4,0,1,Female
50153,0,11.0,Established (7-12m),STANDARD RISK,7.0,7.0,156.05,5,1,3,Female
50154,0,0.0,New (0-3m),STANDARD RISK,4.0,1.0,163.97,4,0,1,Female
50155,0,23.0,Mature (13-24m),LOW RISK,6.0,1.0,291.44,4,0,1,Male
50156,0,26.0,Loyal (25m+),STANDARD RISK,3.0,1.0,275.84,3,1,1,Male
50157,0,15.0,Mature (13-24m),STANDARD RISK,6.0,11.0,149.07,3,0,3,Male
50158,0,2.0,New (0-3m),STANDARD RISK,9.0,1.0,145.54,2,0,3,Male
50159,0,28.0,Loyal (25m+),STANDARD RISK,8.0,1.0,154.15,2,1,1,Male
50160,0,0.0,New (0-3m),STANDARD RISK,3.0,3.0,147.41,5,1,1,Male
50161,0,9.0,Established (7-12m),STANDARD RISK,7.0,5.0,121.15,2,0,1,Female
50162,1,7.0,Established (7-12m),STANDARD RISK,0.0,1.0,131.61,3,1,1,Male
50163,0,11.0,Established (7-12m),STANDARD RISK,2.0,1.0,157.45,2,0,1,Male
50164,1,0.0,New (0-3m),STANDARD RISK,2.0,1.0,123.73,4,1,1,Male
50165,0,1.0,New (0-3m),STANDARD RISK,2.0,1.0,133.1,2,0,1,Female
50166,0,22.0,Mature (13-24m),STANDARD RISK,2.0,1.0,286.65,5,1,1,Female
50167,0,9.0,Established (7-12m),STANDARD RISK,7.0,7.0,144.85,4,0,1,Male
50168,0,4.0,Growing (4-6m),STANDARD RISK,2.0,2.0,127.89,4,0,3,Female
50169,1,0.0,New (0-3m),CRITICAL RISK,4.0,7.0,158.28,2,1,3,Male
50170,0,10.0,Established (7-12m),STANDARD RISK,2.0,1.0,123.26,2,1,1,Male
50171,0,15.0,Mature (13-24m),LOW RISK,8.0,2.0,235.25,4,0,3,Female
50172,1,9.0,Established (7-12m),STANDARD RISK,0.0,1.0,114.2,3,0,1,Male
50173,0,8.0,Established (7-12m),STANDARD RISK,9.0,6.0,180.2,4,0,3,Male
50174,0,9.0,Established (7-12m),STANDARD RISK,0.0,1.0,136.88,2,0,1,Male
50175,0,24.0,Mature (13-24m),LOW RISK,2.0,1.0,154.82,4,0,1,Male
50176,0,14.0,Mature (13-24m),LOW RISK,4.0,2.0,260.15,4,0,3,Male
50177,0,0.0,New (0-3m),STANDARD RISK,0.0,1.0,112.0,3,0,3,Female
50178,0,1.0,New (0-3m),STANDARD RISK,7.0,1.0,156.61,5,0,1,Male
50179,0,4.0,Growing (4-6m),MEDIUM RISK,7.0,7.0,169.29,2,0,3,Male
50180,0,12.0,Established (7-12m),STANDARD RISK,7.0,3.0,196.13,2,0,1,Male
50181,0,9.0,Established (7-12m),STANDARD RISK,8.0,1.0,156.74,4,0,1,Female
50182,0,5.0,Growing (4-6m),STANDARD RISK,8.0,4.0,154.84,3,0,3,Male
50183,0,11.0,Established (7-12m),STANDARD RISK,3.0,1.0,220.61,4,0,1,Female
50184,0,30.0,Loyal (25m+),STANDARD RISK,2.0,1.0,156.6,3,1,1,Male
50185,0,4.0,Growing (4-6m),MEDIUM RISK,3.0,1.0,148.21,2,1,1,Male
50186,0,4.0,Growing (4-6m),STANDARD RISK,0.0,1.0,164.1,5,0,2,Male
50187,0,18.0,Mature (13-24m),LOW RISK,11.0,9.0,152.1,5,0,1,Male
50188,0,4.0,Growing (4-6m),MEDIUM RISK,2.0,2.0,126.95,2,1,1,Male
50189,0,6.0,Growing (4-6m),STANDARD RISK,3.0,8.0,218.78,4,0,1,Female
50190,0,12.0,Established (7-12m),STANDARD RISK,10.0,11.0,270.68,5,1,1,Male
50191,0,16.0,Mature (13-24m),STANDARD RISK,7.0,1.0,124.55,2,0,1,Female
50192,0,22.0,Mature (13-24m),STANDARD RISK,7.0,2.0,239.64,3,1,1,Female
50193,1,15.0,Mature (13-24m),LOW RISK,7.0,7.0,149.41,4,0,1,Male
50194,0,0.0,New (0-3m),STANDARD RISK,2.0,1.0,124.78,4,1,1,Female
50195,0,5.0,Growing (4-6m),STANDARD RISK,9.0,11.0,152.28,4,1,3,Female
50196,0,0.0,New (0-3m),STANDARD RISK,4.0,1.0,144.78,3,1,3,Male
50197,0,4.0,Growing (4-6m),MEDIUM RISK,7.0,1.0,175.47,2,0,3,Male
50198,0,5.0,Growing (4-6m),MEDIUM RISK,7.0,1.0,150.55,2,0,1,Female
50199,1,0.0,New (0-3m),CRITICAL RISK,2.0,2.0,134.64,2,1,1,Male
50200,0,3.0,New (0-3m),STANDARD RISK,9.0,1.0,157.75,2,0,1,Female
50201,0,4.0,Growing (4-6m),STANDARD RISK,9.0,8.0,189.43,3,0,1,Female
50202,0,12.0,Established (7-12m),STANDARD RISK,3.0,13.0,292.72,2,0,1,Male
50203,1,2.0,New (0-3m),STANDARD RISK,0.0,1.0,152.38,3,1,3,Female
50204,0,6.0,Growing (4-6m),MEDIUM RISK,1.0,1.0,146.82,2,0,3,Male
50205,0,20.0,Mature (13-24m),STANDARD RISK,1.0,1.0,283.0,3,0,1,Male
50206,0,16.0,Mature (13-24m),STANDARD RISK,0.0,1.0,152.57,3,0,1,Female
50207,0,0.0,New (0-3m),STANDARD RISK,4.0,1.0,163.49,4,1,3,Male
50208,0,27.0,Loyal (25m+),STANDARD RISK,3.0,1.0,148.69,3,0,1,Female
50209,0,16.0,Mature (13-24m),LOW RISK,0.0,1.0,199.85,5,0,1,Female
50210,0,18.0,Mature (13-24m),STANDARD RISK,8.0,9.0,136.97,2,0,1,Male
50211,0,13.0,Mature (13-24m),STANDARD RISK,2.0,1.0,174.57,2,1,3,Male
50212,1,9.0,Established (7-12m),STANDARD RISK,7.0,1.0,121.19,5,1,1,Male
50213,0,2.0,New (0-3m),STANDARD RISK,2.0,2.0,139.83,2,0,1,Male
50214,0,3.0,New (0-3m),STANDARD RISK,2.0,1.0,161.18,3,0,3,Female
50215,0,0.0,New (0-3m),STANDARD RISK,7.0,1.0,162.14,4,0,3,Female
50216,0,10.0,Established (7-12m),STANDARD RISK,4.0,1.0,163.47,2,0,1,Male
50217,0,11.0,Established (7-12m),STANDARD RISK,3.0,2.0,215.1,2,1,1,Male
50218,0,4.0,Growing (4-6m),MEDIUM RISK,10.0,4.0,171.43,2,1,1,Female
50219,0,2.0,New (0-3m),STANDARD RISK,7.0,1.0,182.68,4,1,3,Female
50220,0,8.0,Established (7-12m),STANDARD RISK,13.0,1.0,180.95,4,0,1,Male
50221,0,0.0,New (0-3m),STANDARD RISK,2.0,1.0,129.04,2,0,1,Male
50222,0,14.0,Mature (13-24m),STANDARD RISK,2.0,1.0,160.32,4,1,1,Male
50223,0,20.0,Mature (13-24m),STANDARD RISK,0.0,1.0,129.76,3,0,3,Male
50224,0,15.0,Mature (13-24m),STANDARD RISK,0.0,2.0,259.92,2,0,1,Female
50225,0,2.0,New (0-3m),STANDARD RISK,2.0,1.0,146.49,3,0,3,Male
50226,0,15.0,Mature (13-24m),STANDARD RISK,0.0,1.0,126.96,3,1,2,Male
50227,0,5.0,Growing (4-6m),STANDARD RISK,7.0,1.0,123.7,4,0,1,Female
50228,0,21.0,Mature (13-24m),STANDARD RISK,3.0,1.0,225.04,3,0,3,Female
50229,0,10.0,Established (7-12m),STANDARD RISK,7.0,6.0,159.74,5,1,1,Male
50230,0,3.0,New (0-3m),STANDARD RISK,2.0,2.0,147.36,3,1,3,Female
50231,0,0.0,New (0-3m),STANDARD RISK,7.0,7.0,152.96,3,0,3,Male
50232,0,15.0,Mature (13-24m),STANDARD RISK,0.0,1.0,167.81,2,0,1,Male
50233,1,9.0,Established (7-12m),STANDARD RISK,2.0,1.0,121.74,4,1,3,Female
50234,0,9.0,Established (7-12m),STANDARD RISK,0.0,1.0,166.53,2,0,3,Female
50235,0,9.0,Established (7-12m),STANDARD RISK,12.0,1.0,196.99,2,0,3,Male
50236,0,30.0,Loyal (25m+),STANDARD RISK,2.0,1.0,167.55,3,0,1,Male
50237,0,9.0,Established (7-12m),STANDARD RISK,7.0,1.0,122.13,3,1,1,Female
50238,0,0.0,New (0-3m),STANDARD RISK,2.0,2.0,126.1,2,0,3,Male
50239,1,0.0,New (0-3m),STANDARD RISK,0.0,1.0,128.51,3,1,3,Female
50240,0,10.0,Established (7-12m),STANDARD RISK,3.0,1.0,134.52,5,0,1,Female
50241,0,19.0,Mature (13-24m),STANDARD RISK,0.0,1.0,152.58,3,0,1,Female
50242,1,4.0,Growing (4-6m),STANDARD RISK,7.0,7.0,193.55,4,0,3,Male
50243,0,23.0,Mature (13-24m),STANDARD RISK,3.0,1.0,204.96,2,0,1,Male
50244,1,3.0,New (0-3m),STANDARD RISK,0.0,1.0,163.8,3,1,3,Male
50245,0,4.0,Growing (4-6m),STANDARD RISK,2.0,2.0,126.57,4,1,1,Male
50246,1,0.0,New (0-3m),STANDARD RISK,0.0,1.0,127.16,4,0,3,Female
50247,0,9.0,Established (7-12m),STANDARD RISK,2.0,1.0,122.01,2,0,1,Male
50248,0,8.0,Established (7-12m),STANDARD RISK,0.0,1.0,165.4,4,0,1,Male
50249,0,0.0,New (0-3m),STANDARD RISK,4.0,1.0,138.16,4,0,1,Male
50250,0,1.0,New (0-3m),STANDARD RISK,7.0,1.0,152.53,2,0,3,Male
50251,0,22.0,Mature (13-24m),STANDARD RISK,0.0,1.0,145.0,3,0,1,Male
50252,0,24.0,Mature (13-24m),STANDARD RISK,7.0,1.0,149.36,2,0,3,Female
50253,0,9.0,Established (7-12m),STANDARD RISK,2.0,2.0,125.43,3,0,1,Female
50254,1,0.0,New (0-3m),CRITICAL RISK,4.0,1.0,153.04,2,1,3,Male
50255,0,28.0,Loyal (25m+),STANDARD RISK,2.0,1.0,266.59,2,1,1,Female
50256,0,0.0,New (0-3m),STANDARD RISK,3.0,1.0,142.6,3,1,3,Female
50257,0,3.0,New (0-3m),STANDARD RISK,0.0,1.0,124.76,4,0,3,Male
50258,1,0.0,New (0-3m),STANDARD RISK,4.0,1.0,131.02,5,0,1,Male
50259,0,9.0,Established (7-12m),STANDARD RISK,2.0,1.0,122.44,4,0,1,Female
50260,0,9.0,Established (7-12m),STANDARD RISK,0.0,9.0,175.96,3,0,3,Male
50261,1,9.0,Established (7-12m),STANDARD RISK,0.0,1.0,122.85,2,1,1,Male
50262,0,10.0,Established (7-12m),STANDARD RISK,17.0,12.0,130.34,5,0,1,Female
50263,0,13.0,Mature (13-24m),LOW RISK,3.0,1.0,157.15,4,0,3,Female
50264,0,15.0,Mature (13-24m),LOW RISK,2.0,1.0,125.76,5,0,1,Female
50265,0,10.0,Established (7-12m),STANDARD RISK,1.0,1.0,141.97,4,1,1,Male
50266,0,16.0,Mature (13-24m),LOW RISK,9.0,2.0,243.36,4,0,1,Male
50267,0,13.0,Mature (13-24m),STANDARD RISK,0.0,1.0,134.48,3,0,1,Female
50268,0,27.0,Loyal (25m+),LOW RISK,2.0,1.0,294.06,5,0,1,Male
50269,0,7.0,Established (7-12m),STANDARD RISK,2.0,1.0,165.38,3,0,3,Female
50270,0,4.0,Growing (4-6m),STANDARD RISK,12.0,3.0,143.06,5,0,1,Female
50271,0,9.0,Established (7-12m),STANDARD RISK,2.0,1.0,122.58,2,0,1,Male
50272,0,16.0,Mature (13-24m),STANDARD RISK,2.0,1.0,145.22,3,1,1,Female
50273,0,0.0,New (0-3m),CRITICAL RISK,3.0,1.0,144.87,2,1,3,Female
50274,0,10.0,Established (7-12m),STANDARD RISK,7.0,10.0,144.49,3,1,1,Female
50275,0,9.0,Established (7-12m),STANDARD RISK,2.0,3.0,122.18,5,0,1,Male
50276,0,12.0,Established (7-12m),STANDARD RISK,6.0,1.0,291.97,3,1,1,Male
50277,0,29.0,Loyal (25m+),LOW RISK,7.0,2.0,232.12,5,0,3,Female
50278,0,3.0,New (0-3m),STANDARD RISK,4.0,4.0,165.77,3,0,3,Female
50279,0,14.0,Mature (13-24m),LOW RISK,7.0,1.0,183.92,5,0,3,Male
50280,0,1.0,New (0-3m),STANDARD RISK,8.0,1.0,145.58,5,0,1,Male
50281,1,0.0,New (0-3m),STANDARD RISK,2.0,1.0,140.31,5,0,1,Male
50282,0,25.0,Loyal (25m+),STANDARD RISK,4.0,1.0,179.69,3,1,1,Male
50283,0,18.0,Mature (13-24m),STANDARD RISK,2.0,1.0,126.54,2,0,1,Male
50284,0,25.0,Loyal (25m+),STANDARD RISK,4.0,1.0,265.55,2,0,1,Female
50285,0,15.0,Mature (13-24m),STANDARD RISK,2.0,1.0,145.56,3,0,1,Female
50286,0,3.0,New (0-3m),STANDARD RISK,2.0,1.0,160.91,2,0,1,Female
50287,0,30.0,Loyal (25m+),LOW RISK,10.0,11.0,295.66,5,0,1,Female
50288,0,19.0,Mature (13-24m),STANDARD RISK,8.0,1.0,148.1,3,0,1,Female
50289,0,15.0,Mature (13-24m),STANDARD RISK,4.0,1.0,145.23,2,0,1,Female
50290,1,0.0,New (0-3m),STANDARD RISK,4.0,1.0,132.02,4,1,3,Female
50291,1,0.0,New (0-3m),STANDARD RISK,0.0,1.0,123.51,3,0,3,Female
50292,0,9.0,Established (7-12m),STANDARD RISK,0.0,1.0,117.02,2,1,1,Male
50293,0,13.0,Mature (13-24m),STANDARD RISK,12.0,1.0,280.41,3,0,3,Female
50294,0,0.0,New (0-3m),STANDARD RISK,2.0,1.0,128.86,2,0,1,Female
50295,0,9.0,Established (7-12m),STANDARD RISK,4.0,1.0,120.97,2,0,1,Male
50296,0,2.0,New (0-3m),STANDARD RISK,3.0,1.0,219.35,3,0,1,Male
50297,1,0.0,New (0-3m),STANDARD RISK,1.0,1.0,125.46,4,0,1,Female
50298,1,0.0,New (0-3m),STANDARD RISK,0.0,1.0,125.64,2,0,2,Male
50299,0,3.0,New (0-3m),STANDARD RISK,8.0,7.0,184.12,5,0,3,Female
50300,0,30.0,Loyal (25m+),STANDARD RISK,0.0,2.0,241.18,2,0,3,Male
50301,0,23.0,Mature (13-24m),STANDARD RISK,7.0,15.0,270.46,3,0,1,Male
50302,0,3.0,New (0-3m),STANDARD RISK,7.0,6.0,125.64,2,0,1,Female
50303,0,30.0,Loyal (25m+),LOW RISK,11.0,13.0,202.66,5,0,3,Female
50304,0,20.0,Mature (13-24m),STANDARD RISK,4.0,1.0,150.7,2,0,1,Female
50305,0,19.0,Mature (13-24m),STANDARD RISK,1.0,1.0,278.61,3,0,1,Male
50306,0,8.0,Established (7-12m),STANDARD RISK,3.0,4.0,142.3,3,0,1,Male
50307,0,27.0,Loyal (25m+),STANDARD RISK,0.0,1.0,137.8,3,0,1,Female
50308,0,7.0,Established (7-12m),STANDARD RISK,7.0,5.0,127.68,3,0,1,Male
50309,0,19.0,Mature (13-24m),STANDARD RISK,2.0,1.0,190.71,2,1,3,Female
50310,0,4.0,Growing (4-6m),STANDARD RISK,8.0,1.0,206.48,4,0,1,Male
50311,1,0.0,New (0-3m),STANDARD RISK,7.0,2.0,236.1,3,1,1,Male
50312,1,0.0,New (0-3m),STANDARD RISK,3.0,1.0,134.08,2,0,1,Male
50313,0,3.0,New (0-3m),STANDARD RISK,2.0,1.0,129.83,4,0,3,Male
50314,0,8.0,Established (7-12m),STANDARD RISK,0.0,1.0,176.32,3,1,1,Male
50315,1,0.0,New (0-3m),STANDARD RISK,0.0,1.0,198.24,3,0,1,Male
50316,1,0.0,New (0-3m),STANDARD RISK,2.0,1.0,199.5,5,1,2,Female
50317,0,9.0,Established (7-12m),STANDARD RISK,0.0,2.0,120.93,3,0,1,Male
50318,0,9.0,Established (7-12m),STANDARD RISK,7.0,9.0,199.8,2,0,3,Male
50319,1,0.0,New (0-3m),STANDARD RISK,2.0,1.0,138.94,3,0,1,Male
50320,0,21.0,Mature (13-24m),STANDARD RISK,7.0,6.0,140.51,2,0,3,Female
50321,0,28.0,Loyal (25m+),LOW RISK,7.0,7.0,268.35,4,0,3,Female
50322,0,14.0,Mature (13-24m),STANDARD RISK,10.0,1.0,162.3,2,0,3,Male
50323,0,8.0,Established (7-12m),STANDARD RISK,9.0,6.0,147.17,3,0,3,Male
50324,0,13.0,Mature (13-24m),STANDARD RISK,13.0,2.0,232.37,3,0,1,Female
50325,0,12.0,Established (7-12m),STANDARD RISK,7.0,1.0,137.55,3,0,1,Female
50326,0,4.0,Growing (4-6m),MEDIUM RISK,5.0,1.0,165.82,2,1,3,Male
50327,0,15.0,Mature (13-24m),STANDARD RISK,8.0,5.0,174.06,5,1,1,Male
50328,0,18.0,Mature (13-24m),LOW RISK,7.0,3.0,148.05,4,0,3,Male
50329,1,0.0,New (0-3m),STANDARD RISK,0.0,1.0,127.41,3,1,2,Female
50330,0,2.0,New (0-3m),STANDARD RISK,2.0,1.0,142.62,2,0,1,Male
50331,0,6.0,Growing (4-6m),STANDARD RISK,5.0,1.0,261.84,3,0,1,Female
50332,0,0.0,New (0-3m),STANDARD RISK,3.0,1.0,215.57,2,0,3,Male
50333,1,9.0,Established (7-12m),STANDARD RISK,0.0,1.0,118.78,4,1,3,Male
50334,0,13.0,Mature (13-24m),LOW RISK,3.0,1.0,209.32,5,0,3,Male
50335,0,14.0,Mature (13-24m),STANDARD RISK,7.0,1.0,168.11,3,1,1,Female
50336,0,0.0,New (0-3m),STANDARD RISK,0.0,1.0,143.06,3,0,3,Male
50337,0,8.0,Established (7-12m),STANDARD RISK,3.0,1.0,148.59,3,0,3,Female
50338,0,7.0,Established (7-12m),STANDARD RISK,7.0,5.0,153.37,2,0,3,Male
50339,1,0.0,New (0-3m),CRITICAL RISK,0.0,1.0,123.4,2,1,1,Male
50340,0,10.0,Established (7-12m),STANDARD RISK,2.0,1.0,174.91,2,0,1,Female
50341,0,19.0,Mature (13-24m),STANDARD RISK,2.0,1.0,205.27,3,0,1,Female
50342,0,14.0,Mature (13-24m),LOW RISK,8.0,11.0,265.95,5,0,3,Female
50343,0,10.0,Established (7-12m),STANDARD RISK,7.0,7.0,188.34,4,0,3,Male
50344,0,25.0,Loyal (25m+),STANDARD RISK,9.0,6.0,155.77,5,1,1,Male
50345,1,0.0,New (0-3m),STANDARD RISK,2.0,1.0,147.07,3,0,3,Male
50346,0,0.0,New (0-3m),STANDARD RISK,1.0,2.0,124.0,2,0,3,Male
50347,0,11.0,Established (7-12m),STANDARD RISK,0.0,1.0,198.24,3,0,1,Female
50348,0,10.0,Established (7-12m),STANDARD RISK,3.0,4.0,164.47,4,0,1,Female
50349,0,22.0,Mature (13-24m),STANDARD RISK,9.0,1.0,295.02,3,1,1,Male
50350,0,0.0,New (0-3m),CRITICAL RISK,4.0,1.0,127.25,2,1,1,Male
50351,0,0.0,New (0-3m),STANDARD RISK,4.0,1.0,162.72,4,0,3,Male
50352,0,9.0,Established (7-12m),STANDARD RISK,0.0,1.0,121.27,4,0,1,Male
50353,0,23.0,Mature (13-24m),LOW RISK,7.0,10.0,282.0,4,0,2,Male
50354,0,9.0,Established (7-12m),STANDARD RISK,6.0,1.0,120.96,3,0,3,Male
50355,1,0.0,New (0-3m),STANDARD RISK,2.0,1.0,128.86,3,1,1,Female
50356,1,9.0,Established (7-12m),STANDARD RISK,0.0,1.0,120.33,5,0,3,Male
50357,0,7.0,Established (7-12m),STANDARD RISK,3.0,1.0,136.22,2,1,1,Male
50358,1,0.0,New (0-3m),STANDARD RISK,2.0,1.0,142.33,5,0,3,Male
50359,0,8.0,Established (7-12m),STANDARD RISK,2.0,1.0,136.81,2,0,1,Male
50360,0,4.0,Growing (4-6m),MEDIUM RISK,7.0,5.0,154.6,2,0,3,Male
50361,0,9.0,Established (7-12m),STANDARD RISK,3.0,1.0,121.87,3,0,1,Female
50362,0,10.0,Established (7-12m),STANDARD RISK,0.0,1.0,196.02,3,1,3,Male
50363,0,0.0,New (0-3m),STANDARD RISK,0.0,1.0,128.36,4,0,1,Female
50364,0,15.0,Mature (13-24m),STANDARD RISK,2.0,2.0,140.89,2,0,1,Female
50365,0,16.0,Mature (13-24m),STANDARD RISK,0.0,1.0,266.27,2,1,1,Male
50366,0,11.0,Established (7-12m),STANDARD RISK,0.0,1.0,126.19,5,0,1,Female
50367,0,16.0,Mature (13-24m),STANDARD RISK,7.0,4.0,156.79,3,1,1,Male
50368,0,21.0,Mature (13-24m),LOW RISK,2.0,2.0,254.02,5,0,1,Female
50369,0,17.0,Mature (13-24m),STANDARD RISK,2.0,1.0,159.85,3,0,2,Female
50370,0,7.0,Established (7-12m),STANDARD RISK,6.0,1.0,125.79,3,1,3,Female
50371,1,0.0,New (0-3m),STANDARD RISK,2.0,1.0,130.41,5,0,3,Male
50372,0,0.0,New (0-3m),STANDARD RISK,2.0,1.0,134.47,3,0,3,Male
50373,0,17.0,Mature (13-24m),STANDARD RISK,1.0,1.0,295.13,2,1,1,Male
50374,0,0.0,New (0-3m),STANDARD RISK,2.0,2.0,127.73,3,0,1,Male
50375,0,6.0,Growing (4-6m),STANDARD RISK,2.0,1.0,171.04,3,0,3,Male
50376,0,5.0,Growing (4-6m),MEDIUM RISK,5.0,1.0,163.22,2,1,1,Female
50377,0,9.0,Established (7-12m),STANDARD RISK,0.0,1.0,120.83,3,0,1,Female
50378,0,26.0,Loyal (25m+),LOW RISK,10.0,8.0,183.81,5,0,3,Female
50379,0,7.0,Established (7-12m),STANDARD RISK,8.0,8.0,126.91,2,0,1,Male
50380,1,8.0,Established (7-12m),STANDARD RISK,0.0,1.0,142.86,5,0,3,Female
50381,0,0.0,New (0-3m),CRITICAL RISK,2.0,1.0,126.59,2,1,1,Female
50382,0,10.0,Established (7-12m),STANDARD RISK,8.0,7.0,194.34,3,0,1,Male
50383,0,2.0,New (0-3m),STANDARD RISK,2.0,1.0,155.61,3,0,3,Female
50384,0,8.0,Established (7-12m),STANDARD RISK,8.0,11.0,166.46,2,0,1,Male
50385,0,6.0,Growing (4-6m),MEDIUM RISK,7.0,4.0,177.25,2,0,1,Male
50386,0,27.0,Loyal (25m+),LOW RISK,1.0,7.0,207.25,4,0,2,Male
50387,0,9.0,Established (7-12m),STANDARD RISK,2.0,1.0,188.47,4,1,1,Male
50388,0,9.0,Established (7-12m),STANDARD RISK,1.0,1.0,120.45,2,0,1,Male
50389,1,0.0,New (0-3m),STANDARD RISK,1.0,1.0,110.09,3,1,1,Male
50390,1,0.0,New (0-3m),STANDARD RISK,7.0,9.0,133.48,5,1,1,Male
50391,0,9.0,Established (7-12m),STANDARD RISK,0.0,1.0,112.81,3,0,1,Male
50392,0,0.0,New (0-3m),STANDARD RISK,2.0,1.0,128.19,5,0,1,Male
50393,0,0.0,New (0-3m),STANDARD RISK,2.0,1.0,148.51,4,0,3,Male
50394,0,11.0,Established (7-12m),STANDARD RISK,5.0,1.0,140.28,2,0,3,Female
50395,0,2.0,New (0-3m),STANDARD RISK,8.0,2.0,127.2,2,0,1,Male
50396,0,21.0,Mature (13-24m),LOW RISK,2.0,2.0,181.2,4,0,3,Male
50397,0,0.0,New (0-3m),CRITICAL RISK,4.0,1.0,146.47,2,1,3,Female
50398,0,10.0,Established (7-12m),STANDARD RISK,0.0,1.0,146.8,2,0,1,Male
50399,0,23.0,Mature (13-24m),STANDARD RISK,8.0,3.0,132.21,3,1,1,Male
50400,0,7.0,Established (7-12m),STANDARD RISK,7.0,7.0,186.21,4,0,1,Female
50401,1,0.0,New (0-3m),STANDARD RISK,0.0,2.0,145.77,3,0,3,Female
50402,0,12.0,Established (7-12m),STANDARD RISK,10.0,11.0,145.53,3,0,1,Female
50403,0,5.0,Growing (4-6m),MEDIUM RISK,8.0,1.0,153.96,2,0,3,Male
50404,1,13.0,Mature (13-24m),STANDARD RISK,3.0,1.0,167.96,3,1,3,Male
50405,0,11.0,Established (7-12m),STANDARD RISK,8.0,1.0,176.25,2,0,1,Female
50406,0,0.0,New (0-3m),STANDARD RISK,7.0,1.0,174.12,5,0,1,Female
50407,0,5.0,Growing (4-6m),MEDIUM RISK,3.0,7.0,211.59,2,0,1,Female
50408,0,20.0,Mature (13-24m),LOW RISK,7.0,1.0,149.6,5,0,3,Male
50409,0,13.0,Mature (13-24m),STANDARD RISK,12.0,1.0,204.75,5,1,3,Male
50410,0,26.0,Loyal (25m+),STANDARD RISK,3.0,2.0,248.14,3,0,1,Male
50411,0,14.0,Mature (13-24m),STANDARD RISK,6.0,12.0,291.41,2,0,2,Male
50412,0,30.0,Loyal (25m+),LOW RISK,2.0,2.0,154.05,5,0,3,Male
50413,0,0.0,New (0-3m),STANDARD RISK,7.0,1.0,187.93,5,0,1,Male
50414,0,14.0,Mature (13-24m),STANDARD RISK,10.0,2.0,291.89,3,0,2,Male
50415,0,23.0,Mature (13-24m),LOW RISK,2.0,2.0,138.75,4,0,3,Male
50416,1,9.0,Established (7-12m),STANDARD RISK,7.0,3.0,122.16,4,1,1,Female
50417,0,9.0,Established (7-12m),STANDARD RISK,3.0,1.0,217.13,5,0,1,Female
50418,0,11.0,Established (7-12m),STANDARD RISK,0.0,1.0,178.61,3,1,1,Female
50419,0,17.0,Mature (13-24m),STANDARD RISK,4.0,1.0,137.08,3,0,1,Male
50420,0,20.0,Mature (13-24m),STANDARD RISK,13.0,2.0,237.7,3,1,3,Female
50421,0,3.0,New (0-3m),STANDARD RISK,7.0,7.0,153.04,2,0,3,Male
50422,0,2.0,New (0-3m),STANDARD RISK,0.0,1.0,126.42,3,0,3,Male
50423,1,5.0,Growing (4-6m),STANDARD RISK,2.0,2.0,127.59,3,1,1,Male
50424,0,16.0,Mature (13-24m),STANDARD RISK,2.0,2.0,168.04,2,0,3,Male
50425,0,7.0,Established (7-12m),STANDARD RISK,3.0,4.0,161.42,3,0,1,Female
50426,0,0.0,New (0-3m),STANDARD RISK,2.0,1.0,125.0,5,0,1,Male
50427,0,12.0,Established (7-12m),STANDARD RISK,6.0,3.0,163.89,4,0,2,Female
50428,0,29.0,Loyal (25m+),STANDARD RISK,3.0,1.0,211.03,2,0,1,Male
50429,0,13.0,Mature (13-24m),STANDARD RISK,3.0,2.0,123.42,2,1,1,Female
50430,0,0.0,New (0-3m),STANDARD RISK,7.0,1.0,168.11,5,0,1,Female
50431,0,9.0,Established (7-12m),STANDARD RISK,2.0,2.0,122.97,4,0,3,Male
50432,0,26.0,Loyal (25m+),STANDARD RISK,2.0,2.0,124.5,2,0,1,Male
50433,0,8.0,Established (7-12m),STANDARD RISK,0.0,1.0,150.93,5,0,1,Female
50434,0,5.0,Growing (4-6m),MEDIUM RISK,7.0,4.0,153.09,2,0,1,Male
50435,0,11.0,Established (7-12m),STANDARD RISK,1.0,1.0,130.57,3,1,1,Male
50436,0,7.0,Established (7-12m),STANDARD RISK,0.0,1.0,151.21,5,0,1,Female
50437,0,25.0,Loyal (25m+),LOW RISK,16.0,1.0,268.56,5,0,3,Male
50438,1,0.0,New (0-3m),CRITICAL RISK,8.0,7.0,126.86,2,1,1,Male
50439,0,0.0,New (0-3m),STANDARD RISK,4.0,1.0,161.8,2,0,3,Female
50440,0,18.0,Mature (13-24m),STANDARD RISK,1.0,3.0,166.32,3,0,3,Male
50441,0,0.0,New (0-3m),STANDARD RISK,2.0,1.0,135.05,3,0,1,Male
50442,1,10.0,Established (7-12m),STANDARD RISK,3.0,1.0,163.97,3,1,3,Female
50443,0,7.0,Established (7-12m),STANDARD RISK,4.0,1.0,162.74,2,0,3,Male
50444,1,18.0,Mature (13-24m),STANDARD RISK,4.0,1.0,298.59,5,1,1,Male
50445,0,9.0,Established (7-12m),STANDARD RISK,9.0,1.0,175.87,5,0,3,Male
50446,0,25.0,Loyal (25m+),STANDARD RISK,2.0,1.0,142.58,2,0,1,Male
50447,0,0.0,New (0-3m),STANDARD RISK,0.0,2.0,143.64,2,0,1,Female
50448,0,2.0,New (0-3m),STANDARD RISK,1.0,1.0,143.35,3,0,1,Female
50449,1,0.0,New (0-3m),STANDARD RISK,2.0,1.0,153.26,5,0,3,Male
50450,0,7.0,Established (7-12m),STANDARD RISK,3.0,1.0,132.8,2,0,1,Female
50451,0,27.0,Loyal (25m+),STANDARD RISK,4.0,1.0,154.85,5,1,1,Female
50452,0,2.0,New (0-3m),STANDARD RISK,1.0,1.0,143.42,2,0,3,Male
50453,0,10.0,Established (7-12m),STANDARD RISK,3.0,4.0,127.82,5,1,1,Female
50454,0,11.0,Established (7-12m),STANDARD RISK,12.0,4.0,159.8,5,1,1,Female
50455,0,7.0,Established (7-12m),STANDARD RISK,3.0,1.0,143.81,5,0,1,Female
50456,0,8.0,Established (7-12m),STANDARD RISK,2.0,1.0,125.72,2,0,3,Female
50457,0,3.0,New (0-3m),STANDARD RISK,2.0,1.0,138.33,3,0,1,Male
50458,0,13.0,Mature (13-24m),LOW RISK,7.0,3.0,142.44,4,0,1,Female
50459,0,7.0,Established (7-12m),STANDARD RISK,2.0,1.0,165.0,5,0,3,Female
50460,0,15.0,Mature (13-24m),STANDARD RISK,9.0,14.0,284.3,2,0,1,Male
50461,1,9.0,Established (7-12m),STANDARD RISK,0.0,1.0,116.01,5,1,1,Male
50462,0,0.0,New (0-3m),STANDARD RISK,0.0,1.0,126.94,4,0,1,Male
50463,0,25.0,Loyal (25m+),STANDARD RISK,4.0,1.0,131.49,3,0,1,Female
50464,0,23.0,Mature (13-24m),STANDARD RISK,3.0,1.0,276.39,3,0,1,Male
50465,1,0.0,New (0-3m),STANDARD RISK,0.0,1.0,123.19,5,1,1,Female
50466,0,6.0,Growing (4-6m),STANDARD RISK,3.0,3.0,216.91000000000005,3,0,1,Male
50467,1,0.0,New (0-3m),STANDARD RISK,2.0,1.0,153.24,5,0,3,Female
50468,0,20.0,Mature (13-24m),STANDARD RISK,0.0,3.0,267.52,2,1,1,Female
50469,0,9.0,Established (7-12m),STANDARD RISK,5.0,1.0,152.28,4,0,1,Female
50470,0,2.0,New (0-3m),STANDARD RISK,7.0,1.0,127.0,3,0,1,Male
50471,1,20.0,Mature (13-24m),STANDARD RISK,8.0,13.0,292.46,4,1,1,Male
50472,0,8.0,Established (7-12m),STANDARD RISK,2.0,2.0,125.06,3,0,1,Female
50473,0,15.0,Mature (13-24m),STANDARD RISK,2.0,1.0,160.62,2,1,1,Female
50474,1,0.0,New (0-3m),STANDARD RISK,1.0,2.0,143.82,3,0,1,Male
50475,0,9.0,Established (7-12m),STANDARD RISK,4.0,1.0,121.43,4,0,2,Male
50476,0,5.0,Growing (4-6m),STANDARD RISK,8.0,6.0,161.62,3,0,1,Female
50477,0,13.0,Mature (13-24m),STANDARD RISK,0.0,1.0,150.94,3,0,1,Male
50478,0,3.0,New (0-3m),CRITICAL RISK,0.0,1.0,168.77,2,1,1,Female
50479,0,9.0,Established (7-12m),STANDARD RISK,0.0,1.0,122.74,3,0,1,Female
50480,0,15.0,Mature (13-24m),LOW RISK,8.0,7.0,144.34,4,0,1,Male
50481,0,11.0,Established (7-12m),STANDARD RISK,2.0,1.0,162.88,5,0,1,Male
50482,0,7.0,Established (7-12m),STANDARD RISK,3.0,1.0,125.53,2,0,1,Female
50483,1,12.0,Established (7-12m),STANDARD RISK,7.0,7.0,176.54,2,0,3,Female
50484,1,18.0,Mature (13-24m),STANDARD RISK,3.0,7.0,151.6,2,0,3,Male
50485,0,16.0,Mature (13-24m),LOW RISK,0.0,1.0,271.59,5,0,1,Male
50486,0,0.0,New (0-3m),CRITICAL RISK,3.0,1.0,228.08,2,1,1,Male
50487,0,8.0,Established (7-12m),STANDARD RISK,6.0,1.0,202.21,3,0,1,Male
50488,0,1.0,New (0-3m),STANDARD RISK,5.0,7.0,147.79,4,1,3,Female
50489,0,7.0,Established (7-12m),STANDARD RISK,2.0,1.0,137.37,2,0,2,Male
50490,1,0.0,New (0-3m),STANDARD RISK,7.0,1.0,123.66,3,1,1,Female
50491,0,9.0,Established (7-12m),STANDARD RISK,0.0,1.0,117.06,2,0,1,Male
50492,0,24.0,Mature (13-24m),STANDARD RISK,17.0,4.0,263.07,3,0,3,Female
50493,0,17.0,Mature (13-24m),LOW RISK,3.0,2.0,159.33,4,0,1,Male
50494,0,0.0,New (0-3m),STANDARD RISK,1.0,1.0,134.24,5,0,1,Male
50495,0,6.0,Growing (4-6m),STANDARD RISK,8.0,1.0,140.37,5,0,3,Male
50496,0,8.0,Established (7-12m),STANDARD RISK,1.0,1.0,125.59,5,0,1,Female
50497,0,9.0,Established (7-12m),STANDARD RISK,11.0,4.0,162.01,2,1,3,Male
50498,0,5.0,Growing (4-6m),MEDIUM RISK,3.0,1.0,144.03,2,0,3,Male
50499,0,3.0,New (0-3m),STANDARD RISK,3.0,1.0,137.61,2,0,1,Male
50500,0,26.0,Loyal (25m+),STANDARD RISK,3.0,1.0,209.34,2,1,3,Female
50501,0,18.0,Mature (13-24m),STANDARD RISK,2.0,1.0,207.61,5,1,3,Male
50502,0,5.0,Growing (4-6m),STANDARD RISK,3.0,1.0,151.75,3,0,1,Female
50503,0,25.0,Loyal (25m+),STANDARD RISK,0.0,2.0,238.26,2,0,1,Female
50504,0,10.0,Established (7-12m),STANDARD RISK,0.0,1.0,163.34,3,0,3,Male
50505,0,1.0,New (0-3m),STANDARD RISK,4.0,1.0,149.36,2,0,2,Male
50506,0,0.0,New (0-3m),STANDARD RISK,2.0,2.0,147.75,2,0,1,Male
50507,0,17.0,Mature (13-24m),STANDARD RISK,2.0,1.0,128.18,2,1,1,Male
50508,0,15.0,Mature (13-24m),STANDARD RISK,2.0,2.0,125.15,2,1,1,Male
50509,0,9.0,Established (7-12m),STANDARD RISK,3.0,1.0,123.42,5,0,2,Male
50510,0,0.0,New (0-3m),STANDARD RISK,3.0,1.0,141.94,5,1,3,Male
50511,0,8.0,Established (7-12m),STANDARD RISK,15.0,5.0,206.85,3,1,1,Female
50512,1,9.0,Established (7-12m),STANDARD RISK,8.0,7.0,120.22,4,1,1,Female
50513,0,5.0,Growing (4-6m),MEDIUM RISK,2.0,1.0,123.14,2,0,1,Male
50514,0,0.0,New (0-3m),STANDARD RISK,3.0,1.0,142.56,5,0,3,Male
50515,0,22.0,Mature (13-24m),LOW RISK,2.0,1.0,135.8,5,0,1,Female
50516,0,0.0,New (0-3m),STANDARD RISK,4.0,3.0,131.62,2,0,1,Male
50517,0,5.0,Growing (4-6m),STANDARD RISK,3.0,5.0,165.24,4,0,3,Male
50518,0,11.0,Established (7-12m),STANDARD RISK,2.0,1.0,128.99,4,0,3,Male
50519,0,15.0,Mature (13-24m),STANDARD RISK,3.0,1.0,152.31,2,1,1,Female
50520,0,4.0,Growing (4-6m),MEDIUM RISK,2.0,1.0,123.56,2,1,1,Male
50521,1,0.0,New (0-3m),STANDARD RISK,2.0,1.0,128.0,3,1,3,Female
50522,0,26.0,Loyal (25m+),STANDARD RISK,3.0,2.0,218.36,2,0,3,Male
50523,0,8.0,Established (7-12m),STANDARD RISK,8.0,4.0,209.03,4,0,1,Male
50524,0,10.0,Established (7-12m),STANDARD RISK,0.0,1.0,129.73,2,0,3,Female
50525,0,26.0,Loyal (25m+),STANDARD RISK,8.0,2.0,242.75,2,0,1,Female
50526,0,16.0,Mature (13-24m),STANDARD RISK,2.0,2.0,155.62,2,0,1,Female
50527,0,20.0,Mature (13-24m),STANDARD RISK,7.0,7.0,145.37,2,1,3,Female
50528,0,10.0,Established (7-12m),STANDARD RISK,9.0,1.0,176.42,4,1,3,Male
50529,0,23.0,Mature (13-24m),LOW RISK,7.0,14.0,279.24,5,0,1,Male
50530,0,12.0,Established (7-12m),STANDARD RISK,4.0,1.0,152.04,2,0,2,Female
50531,0,9.0,Established (7-12m),STANDARD RISK,3.0,1.0,122.77,4,1,2,Male
50532,1,0.0,New (0-3m),CRITICAL RISK,1.0,1.0,127.95,2,1,1,Male
50533,0,2.0,New (0-3m),STANDARD RISK,3.0,1.0,125.32,2,0,1,Female
50534,0,17.0,Mature (13-24m),STANDARD RISK,1.0,7.0,125.59,5,1,1,Male
50535,0,1.0,New (0-3m),STANDARD RISK,2.0,1.0,149.08,2,0,3,Male
50536,1,20.0,Mature (13-24m),STANDARD RISK,0.0,1.0,123.8,2,1,1,Male
50537,0,16.0,Mature (13-24m),LOW RISK,0.0,1.0,147.65,4,0,1,Female
50538,1,9.0,Established (7-12m),STANDARD RISK,2.0,1.0,120.44,3,0,3,Female
50539,1,0.0,New (0-3m),STANDARD RISK,0.0,1.0,126.93,2,0,1,Female
50540,0,9.0,Established (7-12m),STANDARD RISK,11.0,4.0,165.86,2,1,1,Male
50541,0,20.0,Mature (13-24m),STANDARD RISK,2.0,1.0,132.94,2,1,3,Female
50542,1,0.0,New (0-3m),STANDARD RISK,2.0,1.0,141.71,3,1,1,Female
50543,1,4.0,Growing (4-6m),MEDIUM RISK,0.0,1.0,127.78,2,1,1,Female
50544,0,1.0,New (0-3m),STANDARD RISK,2.0,2.0,123.77,3,0,1,Female
50545,1,2.0,New (0-3m),STANDARD RISK,2.0,2.0,124.04,5,1,1,Male
50546,0,0.0,New (0-3m),STANDARD RISK,0.0,1.0,123.18,3,0,1,Female
50547,0,9.0,Established (7-12m),STANDARD RISK,0.0,1.0,120.08,4,0,1,Male
50548,0,15.0,Mature (13-24m),STANDARD RISK,3.0,1.0,162.44,3,0,3,Female
50549,0,6.0,Growing (4-6m),STANDARD RISK,2.0,1.0,127.99,5,1,1,Male
50550,0,30.0,Loyal (25m+),STANDARD RISK,4.0,1.0,205.52,4,1,1,Female
50551,0,4.0,Growing (4-6m),STANDARD RISK,2.0,5.0,123.29,3,0,3,Male
50552,0,8.0,Established (7-12m),STANDARD RISK,7.0,1.0,140.14,2,1,1,Female
50553,0,22.0,Mature (13-24m),LOW RISK,7.0,1.0,174.03,4,0,1,Female
50554,0,9.0,Established (7-12m),STANDARD RISK,0.0,1.0,122.59,3,0,1,Male
50555,0,4.0,Growing (4-6m),STANDARD RISK,0.0,1.0,169.32,3,0,3,Female
50556,0,9.0,Established (7-12m),STANDARD RISK,1.0,1.0,146.78,2,0,1,Male
50557,0,11.0,Established (7-12m),STANDARD RISK,11.0,2.0,235.82,5,0,1,Female
50558,0,5.0,Growing (4-6m),STANDARD RISK,2.0,1.0,123.32,4,0,1,Female
50559,1,0.0,New (0-3m),STANDARD RISK,0.0,1.0,124.13,4,1,3,Male
50560,0,13.0,Mature (13-24m),LOW RISK,0.0,1.0,197.05,4,0,3,Male
50561,0,0.0,New (0-3m),STANDARD RISK,7.0,1.0,142.94,5,0,3,Male
50562,0,14.0,Mature (13-24m),STANDARD RISK,17.0,2.0,147.21,5,1,1,Male
50563,0,9.0,Established (7-12m),STANDARD RISK,9.0,3.0,125.19,3,0,1,Male
50564,1,9.0,Established (7-12m),STANDARD RISK,0.0,1.0,121.21,4,1,3,Male
50565,1,0.0,New (0-3m),STANDARD RISK,0.0,1.0,129.73,5,0,1,Male
50566,0,4.0,Growing (4-6m),MEDIUM RISK,5.0,8.0,158.55,2,1,1,Female
50567,0,13.0,Mature (13-24m),STANDARD RISK,0.0,1.0,136.17,4,1,1,Male
50568,0,5.0,Growing (4-6m),STANDARD RISK,3.0,6.0,167.25,5,0,1,Female
50569,1,0.0,New (0-3m),CRITICAL RISK,7.0,3.0,203.25,2,1,3,Male
50570,0,6.0,Growing (4-6m),MEDIUM RISK,4.0,1.0,169.49,2,0,1,Female
50571,1,0.0,New (0-3m),STANDARD RISK,7.0,11.0,206.09,3,0,3,Male
50572,0,18.0,Mature (13-24m),LOW RISK,8.0,1.0,144.47,4,0,1,Male
50573,0,9.0,Established (7-12m),STANDARD RISK,2.0,1.0,121.57,2,0,3,Female
50574,0,8.0,Established (7-12m),STANDARD RISK,0.0,1.0,146.01,3,0,3,Female
50575,0,25.0,Loyal (25m+),STANDARD RISK,8.0,7.0,270.99,2,0,1,Male
50576,1,20.0,Mature (13-24m),STANDARD RISK,0.0,1.0,124.79,3,0,1,Male
50577,0,26.0,Loyal (25m+),STANDARD RISK,2.0,2.0,248.52,3,0,3,Male
50578,0,3.0,New (0-3m),STANDARD RISK,7.0,7.0,172.64,3,0,3,Male
50579,0,11.0,Established (7-12m),STANDARD RISK,3.0,1.0,156.66,2,1,3,Female
50580,0,8.0,Established (7-12m),STANDARD RISK,8.0,1.0,178.23,2,0,3,Male
50581,0,12.0,Established (7-12m),STANDARD RISK,7.0,1.0,178.8,3,0,3,Male
50582,1,3.0,New (0-3m),STANDARD RISK,0.0,2.0,231.94,4,1,3,Female
50583,0,20.0,Mature (13-24m),STANDARD RISK,7.0,2.0,150.67,3,1,1,Male
50584,0,9.0,Established (7-12m),STANDARD RISK,7.0,1.0,150.79,2,0,3,Male
50585,1,0.0,New (0-3m),STANDARD RISK,2.0,1.0,123.21,5,1,1,Male
50586,0,6.0,Growing (4-6m),STANDARD RISK,0.0,6.0,274.44,3,0,3,Male
50587,1,0.0,New (0-3m),STANDARD RISK,0.0,1.0,124.04,5,1,1,Female
50588,0,6.0,Growing (4-6m),MEDIUM RISK,2.0,1.0,134.52,2,0,1,Female
50589,0,9.0,Established (7-12m),STANDARD RISK,2.0,1.0,122.7,2,0,1,Female
50590,0,23.0,Mature (13-24m),STANDARD RISK,3.0,1.0,273.99,2,0,1,Male
50591,0,6.0,Growing (4-6m),STANDARD RISK,2.0,1.0,154.88,4,1,1,Female
50592,0,14.0,Mature (13-24m),STANDARD RISK,11.0,1.0,294.19,3,0,1,Male
50593,0,0.0,New (0-3m),STANDARD RISK,2.0,2.0,128.11,4,0,1,Female
50594,0,18.0,Mature (13-24m),STANDARD RISK,8.0,1.0,136.33,5,1,1,Male
50595,0,20.0,Mature (13-24m),STANDARD RISK,7.0,1.0,141.63,2,1,3,Female
50596,1,9.0,Established (7-12m),STANDARD RISK,1.0,1.0,121.32,3,1,1,Female
50597,0,23.0,Mature (13-24m),STANDARD RISK,5.0,2.0,239.73,3,1,1,Male
50598,0,11.0,Established (7-12m),STANDARD RISK,2.0,1.0,126.84,3,0,1,Male
50599,0,19.0,Mature (13-24m),STANDARD RISK,7.0,1.0,208.45,3,0,1,Male
50600,0,0.0,New (0-3m),STANDARD RISK,2.0,3.0,143.77,3,0,1,Female
50601,1,0.0,New (0-3m),STANDARD RISK,2.0,1.0,137.43,4,1,1,Male
50602,0,4.0,Growing (4-6m),STANDARD RISK,3.0,1.0,141.48,5,0,1,Female
50603,0,0.0,New (0-3m),STANDARD RISK,0.0,1.0,110.51,2,0,1,Male
50604,0,27.0,Loyal (25m+),STANDARD RISK,8.0,1.0,207.39,3,0,1,Female
50605,0,8.0,Established (7-12m),STANDARD RISK,1.0,10.0,203.88,3,1,1,Female
50606,0,3.0,New (0-3m),STANDARD RISK,3.0,1.0,214.16000000000005,5,1,1,Female
50607,1,0.0,New (0-3m),STANDARD RISK,0.0,1.0,126.0,5,1,1,Female
50608,1,0.0,New (0-3m),STANDARD RISK,2.0,1.0,124.22,4,0,1,Female
50609,0,0.0,New (0-3m),STANDARD RISK,3.0,1.0,154.72,2,0,1,Male
50610,0,0.0,New (0-3m),STANDARD RISK,1.0,1.0,124.51,5,0,1,Male
50611,0,21.0,Mature (13-24m),STANDARD RISK,2.0,2.0,142.4,3,0,1,Male
50612,0,21.0,Mature (13-24m),STANDARD RISK,3.0,4.0,209.99,3,0,1,Male
50613,0,14.0,Mature (13-24m),STANDARD RISK,1.0,2.0,150.03,3,0,1,Female
50614,0,12.0,Established (7-12m),STANDARD RISK,3.0,11.0,227.42,2,0,1,Female
50615,0,0.0,New (0-3m),STANDARD RISK,2.0,2.0,142.27,2,0,1,Female
50616,0,8.0,Established (7-12m),STANDARD RISK,2.0,1.0,139.17,2,0,1,Male
50617,0,15.0,Mature (13-24m),STANDARD RISK,0.0,1.0,283.03,3,0,3,Male
50618,0,23.0,Mature (13-24m),STANDARD RISK,0.0,1.0,123.8,2,0,1,Male
50619,0,30.0,Loyal (25m+),STANDARD RISK,3.0,2.0,237.26,2,1,1,Female
50620,1,0.0,New (0-3m),STANDARD RISK,0.0,1.0,147.77,4,0,1,Female
50621,0,28.0,Loyal (25m+),STANDARD RISK,7.0,6.0,163.85,4,1,1,Male
50622,0,14.0,Mature (13-24m),STANDARD RISK,10.0,5.0,299.73,3,0,1,Female
50623,0,11.0,Established (7-12m),STANDARD RISK,0.0,1.0,168.61,2,1,3,Male
50624,1,0.0,New (0-3m),STANDARD RISK,2.0,2.0,149.69,5,0,3,Male
50625,1,15.0,Mature (13-24m),STANDARD RISK,9.0,6.0,298.45,2,0,3,Female
50626,0,17.0,Mature (13-24m),STANDARD RISK,11.0,2.0,233.2,2,1,3,Female
50627,0,23.0,Mature (13-24m),STANDARD RISK,13.0,1.0,163.47,3,0,3,Female
50628,1,0.0,New (0-3m),STANDARD RISK,14.0,15.0,127.43,5,0,1,Female
50629,0,12.0,Established (7-12m),STANDARD RISK,8.0,2.0,208.8,5,1,1,Female
50630,0,6.0,Growing (4-6m),MEDIUM RISK,2.0,2.0,123.42,2,0,3,Female
50631,0,18.0,Mature (13-24m),STANDARD RISK,1.0,1.0,276.5,2,0,3,Female
50632,0,5.0,Growing (4-6m),STANDARD RISK,7.0,7.0,140.25,3,0,1,Female
50633,0,7.0,Established (7-12m),STANDARD RISK,9.0,1.0,197.25,2,0,3,Male
50634,0,30.0,Loyal (25m+),STANDARD RISK,3.0,1.0,219.04,2,1,3,Male
50635,0,9.0,Established (7-12m),STANDARD RISK,4.0,1.0,121.77,4,0,2,Male
50636,0,26.0,Loyal (25m+),LOW RISK,12.0,6.0,175.25,4,0,3,Female
50637,1,0.0,New (0-3m),STANDARD RISK,0.0,1.0,148.34,3,0,1,Male
50638,1,9.0,Established (7-12m),STANDARD RISK,2.0,1.0,120.42,5,1,1,Male
50639,0,9.0,Established (7-12m),STANDARD RISK,0.0,1.0,122.2,3,1,3,Female
50640,0,1.0,New (0-3m),STANDARD RISK,0.0,1.0,110.52,4,0,3,Male
50641,0,11.0,Established (7-12m),STANDARD RISK,2.0,2.0,128.21,3,0,1,Male
50642,0,23.0,Mature (13-24m),STANDARD RISK,7.0,7.0,292.37,3,1,1,Male
50643,0,10.0,Established (7-12m),STANDARD RISK,1.0,1.0,141.07,4,0,1,Female
50644,0,13.0,Mature (13-24m),LOW RISK,5.0,7.0,183.96,5,0,3,Male
50645,0,9.0,Established (7-12m),STANDARD RISK,3.0,1.0,120.07,3,0,1,Female
50646,0,19.0,Mature (13-24m),STANDARD RISK,2.0,2.0,296.27,2,0,1,Male
50647,0,27.0,Loyal (25m+),STANDARD RISK,0.0,7.0,206.86,3,0,3,Female
50648,0,29.0,Loyal (25m+),STANDARD RISK,3.0,1.0,129.42,3,0,1,Female
50649,0,9.0,Established (7-12m),STANDARD RISK,8.0,7.0,188.58,2,0,1,Female
50650,0,28.0,Loyal (25m+),LOW RISK,2.0,6.0,267.56,5,0,1,Male
50651,0,16.0,Mature (13-24m),STANDARD RISK,0.0,2.0,234.0,2,0,3,Male
50652,1,0.0,New (0-3m),CRITICAL RISK,2.0,1.0,123.23,2,1,3,Female
50653,1,9.0,Established (7-12m),STANDARD RISK,0.0,1.0,114.16,5,0,1,Female
50654,0,19.0,Mature (13-24m),STANDARD RISK,7.0,1.0,146.15,5,1,1,Female
50655,1,14.0,Mature (13-24m),STANDARD RISK,7.0,2.0,124.61,3,1,1,Male
50656,1,0.0,New (0-3m),STANDARD RISK,9.0,1.0,187.22,5,0,1,Male
50657,0,0.0,New (0-3m),STANDARD RISK,3.0,1.0,139.55,5,0,1,Male
50658,0,3.0,New (0-3m),STANDARD RISK,2.0,1.0,199.57,5,0,1,Male
50659,0,14.0,Mature (13-24m),STANDARD RISK,8.0,1.0,133.76,3,0,1,Female
50660,0,11.0,Established (7-12m),STANDARD RISK,9.0,1.0,188.23,3,0,1,Female
50661,0,13.0,Mature (13-24m),STANDARD RISK,1.0,11.0,203.22,2,0,1,Male
50662,0,0.0,New (0-3m),STANDARD RISK,2.0,1.0,146.21,3,0,1,Male
50663,0,28.0,Loyal (25m+),LOW RISK,3.0,1.0,209.76,4,0,1,Male
50664,0,1.0,New (0-3m),STANDARD RISK,7.0,1.0,136.6,3,0,1,Female
50665,1,7.0,Established (7-12m),STANDARD RISK,6.0,3.0,204.82,5,0,2,Male
50666,0,6.0,Growing (4-6m),MEDIUM RISK,2.0,1.0,171.19,2,0,1,Male
50667,1,0.0,New (0-3m),STANDARD RISK,7.0,4.0,195.82,5,1,3,Male
50668,1,0.0,New (0-3m),STANDARD RISK,8.0,3.0,145.08,3,0,1,Female
50669,0,9.0,Established (7-12m),STANDARD RISK,2.0,2.0,122.07,3,0,1,Male
50670,0,7.0,Established (7-12m),STANDARD RISK,4.0,1.0,177.56,2,0,1,Male
50671,0,10.0,Established (7-12m),STANDARD RISK,0.0,1.0,166.94,2,1,3,Female
50672,1,0.0,New (0-3m),CRITICAL RISK,6.0,5.0,136.91,2,1,1,Male
50673,1,0.0,New (0-3m),STANDARD RISK,0.0,1.0,123.77,3,0,1,Male
50674,1,9.0,Established (7-12m),STANDARD RISK,2.0,2.0,123.13,4,1,1,Male
50675,0,15.0,Mature (13-24m),LOW RISK,7.0,13.0,276.65,5,0,1,Male
50676,1,0.0,New (0-3m),STANDARD RISK,0.0,1.0,125.96,4,0,1,Male
50677,1,13.0,Mature (13-24m),STANDARD RISK,0.0,1.0,147.28,3,1,3,Male
50678,0,6.0,Growing (4-6m),STANDARD RISK,2.0,1.0,143.02,4,0,3,Female
50679,0,7.0,Established (7-12m),STANDARD RISK,0.0,1.0,129.79,2,0,1,Male
50680,0,21.0,Mature (13-24m),STANDARD RISK,1.0,2.0,268.85,2,0,1,Male
50681,0,18.0,Mature (13-24m),STANDARD RISK,12.0,4.0,155.93,3,0,3,Female
50682,0,25.0,Loyal (25m+),LOW RISK,0.0,4.0,204.45,4,0,1,Male
50683,0,11.0,Established (7-12m),STANDARD RISK,7.0,2.0,187.4,3,1,3,Male
50684,0,2.0,New (0-3m),STANDARD RISK,7.0,1.0,125.14,2,0,1,Female
50685,0,1.0,New (0-3m),STANDARD RISK,7.0,1.0,176.55,4,0,1,Female
50686,0,19.0,Mature (13-24m),STANDARD RISK,9.0,4.0,274.65,3,0,3,Male
50687,0,11.0,Established (7-12m),STANDARD RISK,0.0,1.0,173.51,4,0,3,Male
50688,0,16.0,Mature (13-24m),LOW RISK,1.0,1.0,208.2,5,0,1,Female
50689,1,2.0,New (0-3m),STANDARD RISK,3.0,11.0,221.69,2,0,1,Male
50690,0,13.0,Mature (13-24m),STANDARD RISK,9.0,4.0,296.26,3,0,1,Male
50691,0,9.0,Established (7-12m),STANDARD RISK,2.0,2.0,120.7,4,1,1,Female
50692,0,12.0,Established (7-12m),STANDARD RISK,3.0,1.0,167.82,4,0,1,Male
50693,0,9.0,Established (7-12m),STANDARD RISK,9.0,1.0,177.79,2,0,1,Male
50694,0,4.0,Growing (4-6m),MEDIUM RISK,2.0,2.0,127.91,2,0,3,Male
50695,0,1.0,New (0-3m),STANDARD RISK,4.0,1.0,132.01,4,0,1,Male
50696,0,8.0,Established (7-12m),STANDARD RISK,2.0,1.0,149.68,2,0,3,Male
50697,0,22.0,Mature (13-24m),LOW RISK,3.0,2.0,231.2,4,0,3,Male
50698,0,7.0,Established (7-12m),STANDARD RISK,2.0,1.0,140.33,3,0,1,Male
50699,0,2.0,New (0-3m),STANDARD RISK,1.0,1.0,132.91,4,0,1,Female
50700,0,15.0,Mature (13-24m),STANDARD RISK,0.0,1.0,142.72,2,0,1,Male
50701,0,2.0,New (0-3m),CRITICAL RISK,2.0,1.0,150.56,2,1,1,Male
50702,0,11.0,Established (7-12m),STANDARD RISK,0.0,5.0,128.44,3,0,2,Male
50703,0,4.0,Growing (4-6m),STANDARD RISK,2.0,1.0,127.03,3,1,1,Male
50704,1,9.0,Established (7-12m),STANDARD RISK,0.0,1.0,119.04,3,0,1,Male
50705,1,0.0,New (0-3m),STANDARD RISK,3.0,1.0,182.24,5,1,3,Female
50706,0,14.0,Mature (13-24m),STANDARD RISK,0.0,1.0,147.66,2,1,1,Male
50707,1,0.0,New (0-3m),STANDARD RISK,2.0,2.0,126.1,3,0,1,Male
50708,0,10.0,Established (7-12m),STANDARD RISK,3.0,1.0,157.31,2,0,1,Female
50709,0,0.0,New (0-3m),STANDARD RISK,2.0,2.0,125.39,3,0,1,Male
50710,0,7.0,Established (7-12m),STANDARD RISK,3.0,1.0,157.14,3,0,3,Female
50711,0,8.0,Established (7-12m),STANDARD RISK,4.0,1.0,143.23,3,0,2,Male
50712,1,0.0,New (0-3m),STANDARD RISK,10.0,3.0,173.36,5,0,3,Female
50713,0,13.0,Mature (13-24m),STANDARD RISK,13.0,2.0,234.99,3,0,1,Female
50714,1,5.0,Growing (4-6m),STANDARD RISK,14.0,2.0,237.58,5,1,3,Male
50715,0,15.0,Mature (13-24m),LOW RISK,5.0,1.0,151.55,5,0,3,Male
50716,0,9.0,Established (7-12m),STANDARD RISK,7.0,1.0,122.58,3,0,1,Male
50717,0,0.0,New (0-3m),STANDARD RISK,2.0,1.0,135.97,4,0,1,Male
50718,1,0.0,New (0-3m),CRITICAL RISK,0.0,1.0,125.15,2,1,1,Female
50719,0,0.0,New (0-3m),STANDARD RISK,7.0,1.0,144.2,2,0,1,Male
50720,0,3.0,New (0-3m),STANDARD RISK,4.0,1.0,165.78,3,0,3,Male
50721,0,13.0,Mature (13-24m),STANDARD RISK,0.0,1.0,144.22,2,1,1,Female
50722,0,8.0,Established (7-12m),STANDARD RISK,4.0,6.0,202.74,4,0,1,Male
50723,0,7.0,Established (7-12m),STANDARD RISK,9.0,4.0,153.43,5,0,1,Male
50724,0,8.0,Established (7-12m),STANDARD RISK,2.0,2.0,123.76,2,0,1,Male
50725,1,6.0,Growing (4-6m),STANDARD RISK,3.0,1.0,153.46,3,0,3,Female
50726,0,5.0,Growing (4-6m),STANDARD RISK,0.0,1.0,128.27,5,0,3,Female
50727,0,29.0,Loyal (25m+),LOW RISK,2.0,4.0,299.43,5,0,1,Female
50728,0,2.0,New (0-3m),STANDARD RISK,8.0,1.0,131.31,2,0,1,Female
50729,0,0.0,New (0-3m),STANDARD RISK,0.0,1.0,125.52,5,0,1,Male
50730,0,18.0,Mature (13-24m),STANDARD RISK,2.0,1.0,144.77,3,1,1,Female
50731,0,10.0,Established (7-12m),STANDARD RISK,11.0,3.0,164.74,2,0,1,Female
50732,0,0.0,New (0-3m),STANDARD RISK,2.0,1.0,130.33,3,0,1,Male
50733,1,7.0,Established (7-12m),STANDARD RISK,2.0,1.0,129.36,3,1,1,Male
50734,0,26.0,Loyal (25m+),STANDARD RISK,7.0,4.0,286.06,3,0,1,Female
50735,0,9.0,Established (7-12m),STANDARD RISK,3.0,1.0,121.68,2,1,1,Female
50736,1,0.0,New (0-3m),CRITICAL RISK,0.0,1.0,128.53,2,1,1,Male
50737,0,19.0,Mature (13-24m),LOW RISK,9.0,15.0,270.48,5,0,3,Female
50738,0,9.0,Established (7-12m),STANDARD RISK,0.0,1.0,122.9,3,0,1,Male
50739,0,6.0,Growing (4-6m),STANDARD RISK,4.0,1.0,136.0,3,0,2,Male
50740,1,9.0,Established (7-12m),STANDARD RISK,0.0,1.0,121.07,5,0,1,Male
50741,0,3.0,New (0-3m),STANDARD RISK,3.0,1.0,141.15,5,0,3,Male
50742,0,13.0,Mature (13-24m),LOW RISK,0.0,1.0,143.27,4,0,3,Male
50743,0,23.0,Mature (13-24m),LOW RISK,2.0,2.0,278.56,5,0,1,Female
50744,0,1.0,New (0-3m),STANDARD RISK,3.0,3.0,131.96,5,0,1,Male
50745,0,19.0,Mature (13-24m),LOW RISK,3.0,1.0,290.81,4,0,1,Male
50746,0,8.0,Established (7-12m),STANDARD RISK,7.0,1.0,189.66,5,1,3,Male
50747,1,9.0,Established (7-12m),STANDARD RISK,0.0,1.0,122.1,4,0,1,Female
50748,0,6.0,Growing (4-6m),STANDARD RISK,1.0,1.0,145.39,3,0,3,Female
50749,0,9.0,Established (7-12m),STANDARD RISK,7.0,1.0,127.41,3,0,1,Male
50750,0,3.0,New (0-3m),STANDARD RISK,9.0,8.0,134.91,3,0,1,Male
50751,0,17.0,Mature (13-24m),STANDARD RISK,17.0,1.0,145.41,2,0,1,Male
50752,0,0.0,New (0-3m),STANDARD RISK,2.0,2.0,126.78,2,0,3,Male
50753,0,19.0,Mature (13-24m),STANDARD RISK,4.0,1.0,173.79,2,0,1,Male
50754,0,15.0,Mature (13-24m),LOW RISK,3.0,1.0,162.72,5,0,2,Male
50755,0,30.0,Loyal (25m+),STANDARD RISK,9.0,1.0,152.2,2,1,3,Male
50756,0,5.0,Growing (4-6m),STANDARD RISK,2.0,2.0,127.43,4,0,1,Female
50757,0,5.0,Growing (4-6m),STANDARD RISK,7.0,1.0,149.98,3,1,1,Female
50758,0,9.0,Established (7-12m),STANDARD RISK,7.0,7.0,202.52,5,1,1,Female
50759,0,6.0,Growing (4-6m),MEDIUM RISK,10.0,4.0,127.81,2,0,1,Male
50760,0,13.0,Mature (13-24m),LOW RISK,3.0,1.0,168.52,4,0,3,Female
50761,0,0.0,New (0-3m),STANDARD RISK,1.0,1.0,149.5,2,0,3,Male
50762,0,3.0,New (0-3m),STANDARD RISK,7.0,5.0,135.79,4,1,1,Male
50763,0,15.0,Mature (13-24m),STANDARD RISK,0.0,2.0,231.91000000000005,5,1,1,Female
50764,0,8.0,Established (7-12m),STANDARD RISK,12.0,4.0,203.77,2,1,3,Female
50765,0,9.0,Established (7-12m),STANDARD RISK,8.0,6.0,122.35,5,1,1,Male
50766,0,27.0,Loyal (25m+),STANDARD RISK,4.0,1.0,205.02,3,0,1,Female
50767,0,9.0,Established (7-12m),STANDARD RISK,7.0,7.0,120.11,2,0,1,Female
50768,1,9.0,Established (7-12m),STANDARD RISK,0.0,1.0,118.59,4,1,1,Female
50769,0,2.0,New (0-3m),STANDARD RISK,2.0,1.0,137.6,2,0,1,Female
50770,0,27.0,Loyal (25m+),STANDARD RISK,9.0,1.0,277.79,2,0,1,Male
50771,0,4.0,Growing (4-6m),STANDARD RISK,1.0,1.0,168.33,5,1,1,Male
50772,0,4.0,Growing (4-6m),STANDARD RISK,8.0,1.0,168.12,5,0,1,Female
50773,0,30.0,Loyal (25m+),STANDARD RISK,5.0,1.0,151.71,2,0,3,Female
50774,0,16.0,Mature (13-24m),STANDARD RISK,7.0,1.0,297.4,2,0,1,Male
50775,0,22.0,Mature (13-24m),STANDARD RISK,0.0,1.0,287.11,3,0,1,Male
50776,0,9.0,Established (7-12m),STANDARD RISK,7.0,1.0,136.92,4,0,1,Male
50777,0,21.0,Mature (13-24m),LOW RISK,0.0,1.0,125.59,4,0,1,Male
50778,0,0.0,New (0-3m),STANDARD RISK,3.0,1.0,125.17,3,0,1,Male
50779,0,2.0,New (0-3m),CRITICAL RISK,0.0,1.0,166.23,2,1,1,Male
50780,0,21.0,Mature (13-24m),STANDARD RISK,0.0,1.0,282.65,2,0,1,Male
50781,0,2.0,New (0-3m),STANDARD RISK,7.0,1.0,261.24,2,0,1,Female
50782,0,7.0,Established (7-12m),STANDARD RISK,0.0,1.0,125.85,3,0,1,Female
50783,0,17.0,Mature (13-24m),LOW RISK,10.0,3.0,282.13,4,0,3,Male
50784,0,6.0,Growing (4-6m),STANDARD RISK,8.0,1.0,183.8,3,1,3,Male
50785,0,0.0,New (0-3m),CRITICAL RISK,1.0,1.0,129.94,2,1,1,Female
50786,0,9.0,Established (7-12m),STANDARD RISK,1.0,1.0,112.23,3,0,1,Male
50787,1,0.0,New (0-3m),CRITICAL RISK,0.0,1.0,111.18,2,1,3,Male
50788,0,0.0,New (0-3m),CRITICAL RISK,2.0,2.0,128.75,2,1,1,Male
50789,1,8.0,Established (7-12m),STANDARD RISK,11.0,1.0,288.24,4,1,3,Female
50790,0,28.0,Loyal (25m+),STANDARD RISK,0.0,2.0,235.77,4,1,1,Male
50791,1,0.0,New (0-3m),STANDARD RISK,2.0,2.0,126.25,3,0,1,Female
50792,0,19.0,Mature (13-24m),LOW RISK,8.0,1.0,287.89,4,0,3,Female
50793,0,7.0,Established (7-12m),STANDARD RISK,2.0,1.0,145.38,5,1,3,Female
50794,0,24.0,Mature (13-24m),STANDARD RISK,10.0,11.0,298.47,4,1,3,Male
50795,0,30.0,Loyal (25m+),STANDARD RISK,4.0,5.0,205.12,2,0,1,Male
50796,0,7.0,Established (7-12m),STANDARD RISK,10.0,5.0,144.44,4,0,1,Female
50797,0,9.0,Established (7-12m),STANDARD RISK,2.0,1.0,121.54,3,1,1,Male
50798,0,17.0,Mature (13-24m),LOW RISK,13.0,14.0,291.9,5,0,1,Male
50799,0,7.0,Established (7-12m),STANDARD RISK,8.0,1.0,144.9,4,0,2,Male
50800,0,8.0,Established (7-12m),STANDARD RISK,2.0,2.0,135.06,3,1,1,Male
50801,0,15.0,Mature (13-24m),STANDARD RISK,0.0,1.0,123.72,4,1,1,Female
50802,0,16.0,Mature (13-24m),STANDARD RISK,17.0,15.0,202.31,2,0,3,Female
50803,0,9.0,Established (7-12m),STANDARD RISK,12.0,5.0,154.1,4,1,1,Female
50804,1,7.0,Established (7-12m),STANDARD RISK,5.0,1.0,179.78,2,0,1,Female
50805,0,1.0,New (0-3m),CRITICAL RISK,2.0,2.0,138.67,2,1,1,Male
50806,0,24.0,Mature (13-24m),STANDARD RISK,7.0,7.0,128.38,3,0,1,Female
50807,0,3.0,New (0-3m),STANDARD RISK,7.0,1.0,146.95,3,1,1,Female
50808,1,0.0,New (0-3m),STANDARD RISK,7.0,7.0,133.39,3,1,1,Female
50809,0,9.0,Established (7-12m),STANDARD RISK,2.0,1.0,120.8,5,0,1,Male
50810,0,9.0,Established (7-12m),STANDARD RISK,1.0,2.0,120.96,4,0,1,Female
50811,0,5.0,Growing (4-6m),MEDIUM RISK,8.0,1.0,162.09,2,0,3,Male
50812,0,18.0,Mature (13-24m),LOW RISK,0.0,1.0,280.61,4,0,1,Female
50813,0,12.0,Established (7-12m),STANDARD RISK,2.0,15.0,271.23,4,1,1,Female
50814,0,30.0,Loyal (25m+),STANDARD RISK,2.0,2.0,123.72,3,0,1,Male
50815,1,0.0,New (0-3m),STANDARD RISK,1.0,1.0,148.83,3,0,1,Male
50816,1,2.0,New (0-3m),STANDARD RISK,3.0,1.0,139.04,5,0,1,Male
50817,0,3.0,New (0-3m),STANDARD RISK,7.0,6.0,146.27,2,0,1,Female
50818,0,9.0,Established (7-12m),STANDARD RISK,7.0,1.0,170.94,3,0,1,Female
50819,0,19.0,Mature (13-24m),LOW RISK,7.0,5.0,134.23,5,0,2,Female
50820,0,1.0,New (0-3m),STANDARD RISK,5.0,7.0,166.74,2,0,1,Female
50821,0,23.0,Mature (13-24m),STANDARD RISK,2.0,1.0,268.8,5,1,1,Female
50822,1,3.0,New (0-3m),STANDARD RISK,0.0,1.0,190.94,4,1,3,Male
50823,1,15.0,Mature (13-24m),STANDARD RISK,7.0,7.0,184.46,4,1,3,Male
50824,0,3.0,New (0-3m),STANDARD RISK,3.0,1.0,219.16000000000005,5,1,1,Female
50825,0,12.0,Established (7-12m),STANDARD RISK,7.0,1.0,145.34,3,0,1,Male
50826,0,4.0,Growing (4-6m),STANDARD RISK,6.0,9.0,198.52,3,1,3,Female
50827,0,14.0,Mature (13-24m),LOW RISK,9.0,11.0,161.51,4,0,3,Male
50828,1,9.0,Established (7-12m),STANDARD RISK,2.0,2.0,123.02,4,1,3,Female
50829,1,7.0,Established (7-12m),STANDARD RISK,2.0,1.0,123.62,5,0,1,Male
50830,0,15.0,Mature (13-24m),STANDARD RISK,10.0,2.0,278.61,3,1,1,Male
50831,0,28.0,Loyal (25m+),STANDARD RISK,11.0,9.0,291.87,3,0,1,Female
50832,0,29.0,Loyal (25m+),LOW RISK,7.0,7.0,297.17,4,0,2,Male
50833,0,13.0,Mature (13-24m),STANDARD RISK,0.0,1.0,135.44,3,0,1,Male
50834,0,7.0,Established (7-12m),STANDARD RISK,6.0,1.0,185.0,2,0,1,Male
50835,0,13.0,Mature (13-24m),STANDARD RISK,8.0,8.0,146.61,2,0,1,Male
50836,0,14.0,Mature (13-24m),LOW RISK,7.0,1.0,141.03,5,0,3,Female
50837,0,8.0,Established (7-12m),STANDARD RISK,1.0,1.0,142.49,3,1,1,Male
50838,0,24.0,Mature (13-24m),STANDARD RISK,10.0,2.0,240.26,4,1,2,Male
50839,0,11.0,Established (7-12m),STANDARD RISK,7.0,1.0,168.93,5,0,3,Female
50840,0,7.0,Established (7-12m),STANDARD RISK,6.0,9.0,161.25,5,0,3,Female
50841,0,0.0,New (0-3m),STANDARD RISK,2.0,1.0,136.69,2,0,1,Male
50842,1,20.0,Mature (13-24m),STANDARD RISK,9.0,5.0,200.08,5,1,1,Female
50843,0,13.0,Mature (13-24m),LOW RISK,3.0,1.0,123.87,4,0,1,Male
50844,0,9.0,Established (7-12m),STANDARD RISK,13.0,6.0,146.39,5,0,3,Female
50845,0,21.0,Mature (13-24m),STANDARD RISK,8.0,1.0,178.98,2,0,1,Male
50846,0,0.0,New (0-3m),STANDARD RISK,0.0,1.0,125.34,2,0,3,Female
50847,0,24.0,Mature (13-24m),LOW RISK,3.0,1.0,231.42,4,0,1,Female
50848,0,9.0,Established (7-12m),STANDARD RISK,0.0,1.0,116.11,2,0,1,Female
50849,0,8.0,Established (7-12m),STANDARD RISK,0.0,1.0,153.63,2,0,1,Female
50850,0,0.0,New (0-3m),STANDARD RISK,0.0,1.0,150.71,2,0,3,Male
50851,1,18.0,Mature (13-24m),STANDARD RISK,8.0,2.0,236.95,3,1,3,Male
50852,0,29.0,Loyal (25m+),STANDARD RISK,9.0,2.0,234.02,4,1,1,Male
50853,0,9.0,Established (7-12m),STANDARD RISK,0.0,1.0,120.29,3,0,1,Female
50854,0,13.0,Mature (13-24m),STANDARD RISK,8.0,11.0,163.77,3,0,1,Female
50855,0,7.0,Established (7-12m),STANDARD RISK,7.0,7.0,154.29,3,0,1,Male
50856,1,0.0,New (0-3m),STANDARD RISK,0.0,1.0,127.85,2,0,3,Female
50857,1,0.0,New (0-3m),STANDARD RISK,2.0,3.0,146.14,3,1,3,Female
50858,0,11.0,Established (7-12m),STANDARD RISK,3.0,1.0,126.1,3,0,1,Male
50859,0,7.0,Established (7-12m),STANDARD RISK,11.0,4.0,166.87,2,0,1,Female
50860,0,1.0,New (0-3m),STANDARD RISK,4.0,1.0,147.24,5,0,3,Male
50861,1,0.0,New (0-3m),STANDARD RISK,7.0,6.0,161.79,3,1,1,Male
50862,0,12.0,Established (7-12m),STANDARD RISK,4.0,1.0,161.2,2,1,3,Male
50863,0,24.0,Mature (13-24m),LOW RISK,2.0,3.0,205.96,4,0,3,Male
50864,0,14.0,Mature (13-24m),STANDARD RISK,3.0,3.0,154.67,2,1,1,Female
50865,0,10.0,Established (7-12m),STANDARD RISK,3.0,1.0,129.96,3,1,1,Male
50866,0,6.0,Growing (4-6m),MEDIUM RISK,2.0,1.0,199.98,2,0,3,Male
50867,0,5.0,Growing (4-6m),STANDARD RISK,2.0,1.0,140.78,4,1,3,Male
50868,0,12.0,Established (7-12m),STANDARD RISK,5.0,1.0,209.2,3,0,1,Male
50869,0,0.0,New (0-3m),STANDARD RISK,2.0,1.0,162.32,3,0,3,Male
50870,0,25.0,Loyal (25m+),STANDARD RISK,2.0,2.0,232.47000000000003,3,1,1,Female
50871,0,16.0,Mature (13-24m),STANDARD RISK,8.0,1.0,140.81,3,1,1,Female
50872,0,0.0,New (0-3m),CRITICAL RISK,4.0,4.0,157.69,2,1,3,Female
50873,1,0.0,New (0-3m),STANDARD RISK,7.0,7.0,123.94,3,1,1,Female
50874,0,0.0,New (0-3m),STANDARD RISK,1.0,1.0,139.04,2,0,1,Male
50875,0,15.0,Mature (13-24m),LOW RISK,9.0,1.0,267.99,5,0,2,Female
50876,0,25.0,Loyal (25m+),LOW RISK,4.0,1.0,129.5,5,0,1,Female
50877,0,10.0,Established (7-12m),STANDARD RISK,2.0,1.0,136.29,3,0,1,Female
50878,0,8.0,Established (7-12m),STANDARD RISK,2.0,2.0,193.62,2,0,1,Male
50879,0,0.0,New (0-3m),STANDARD RISK,2.0,1.0,132.29,2,0,1,Male
50880,0,0.0,New (0-3m),STANDARD RISK,7.0,1.0,135.78,5,0,1,Male
50881,0,2.0,New (0-3m),STANDARD RISK,9.0,1.0,179.88,5,0,2,Male
50882,1,0.0,New (0-3m),STANDARD RISK,3.0,1.0,142.84,5,0,1,Male
50883,1,0.0,New (0-3m),CRITICAL RISK,7.0,7.0,175.53,2,1,1,Female
50884,0,27.0,Loyal (25m+),STANDARD RISK,7.0,12.0,273.28,2,0,1,Female
50885,0,30.0,Loyal (25m+),STANDARD RISK,5.0,1.0,297.01,5,1,1,Female
50886,0,28.0,Loyal (25m+),STANDARD RISK,0.0,2.0,247.32,2,0,1,Male
50887,0,9.0,Established (7-12m),STANDARD RISK,1.0,1.0,192.78,4,1,3,Female
50888,1,9.0,Established (7-12m),STANDARD RISK,0.0,1.0,113.59,3,0,3,Female
50889,0,3.0,New (0-3m),STANDARD RISK,2.0,1.0,147.79,5,0,3,Female
50890,0,4.0,Growing (4-6m),STANDARD RISK,0.0,1.0,264.22,4,0,1,Female
50891,0,7.0,Established (7-12m),STANDARD RISK,3.0,1.0,129.96,5,0,1,Male
50892,1,9.0,Established (7-12m),STANDARD RISK,0.0,1.0,112.61,4,0,1,Female
50893,0,9.0,Established (7-12m),STANDARD RISK,4.0,1.0,120.99,5,0,1,Male
50894,0,9.0,Established (7-12m),STANDARD RISK,8.0,1.0,158.1,2,0,1,Male
50895,0,9.0,Established (7-12m),STANDARD RISK,2.0,1.0,156.47,5,0,3,Female
50896,0,20.0,Mature (13-24m),STANDARD RISK,2.0,1.0,134.2,2,0,1,Male
50897,1,0.0,New (0-3m),STANDARD RISK,2.0,2.0,144.0,5,0,3,Male
50898,0,10.0,Established (7-12m),STANDARD RISK,3.0,1.0,135.0,3,0,1,Male
50899,0,9.0,Established (7-12m),STANDARD RISK,0.0,1.0,120.66,5,0,1,Female
50900,0,20.0,Mature (13-24m),STANDARD RISK,6.0,5.0,271.69,3,0,1,Female
50901,0,0.0,New (0-3m),STANDARD RISK,3.0,1.0,141.62,3,1,3,Female
50902,0,5.0,Growing (4-6m),MEDIUM RISK,3.0,1.0,192.04,2,0,3,Male
50903,0,7.0,Established (7-12m),STANDARD RISK,2.0,1.0,132.94,4,0,1,Female
50904,0,9.0,Established (7-12m),STANDARD RISK,3.0,1.0,121.27,3,1,1,Male
50905,0,13.0,Mature (13-24m),STANDARD RISK,7.0,1.0,139.75,3,0,1,Male
50906,0,4.0,Growing (4-6m),MEDIUM RISK,9.0,9.0,207.93,2,0,3,Male
50907,1,9.0,Established (7-12m),STANDARD RISK,3.0,4.0,200.96,1,0,3,Male
50908,1,2.0,New (0-3m),STANDARD RISK,0.0,1.0,136.46,5,1,1,Female
50909,1,0.0,New (0-3m),STANDARD RISK,7.0,4.0,174.46,4,0,1,Female
50910,0,18.0,Mature (13-24m),STANDARD RISK,7.0,1.0,208.51,5,1,1,Male
50911,0,9.0,Established (7-12m),STANDARD RISK,2.0,1.0,121.09,4,0,2,Female
50912,1,0.0,New (0-3m),CRITICAL RISK,2.0,2.0,137.22,1,1,1,Male
50913,0,18.0,Mature (13-24m),STANDARD RISK,2.0,1.0,193.8,1,1,1,Male
50914,0,21.0,Mature (13-24m),LOW RISK,2.0,2.0,154.86,5,0,3,Male
50915,1,0.0,New (0-3m),STANDARD RISK,2.0,2.0,127.42,3,0,2,Female
50916,0,13.0,Mature (13-24m),LOW RISK,8.0,2.0,237.57,4,0,1,Male
50917,0,1.0,New (0-3m),STANDARD RISK,3.0,1.0,184.63,5,0,3,Male
50918,0,17.0,Mature (13-24m),STANDARD RISK,3.0,1.0,131.62,3,0,1,Male
50919,0,26.0,Loyal (25m+),LOW RISK,8.0,8.0,265.98,4,0,1,Male
50920,0,22.0,Mature (13-24m),STANDARD RISK,2.0,1.0,166.51,3,0,1,Male
50921,0,13.0,Mature (13-24m),STANDARD RISK,2.0,1.0,123.45,3,0,1,Male
50922,0,17.0,Mature (13-24m),LOW RISK,3.0,1.0,134.2,4,0,1,Male
50923,0,6.0,Growing (4-6m),STANDARD RISK,3.0,1.0,143.73,5,0,3,Male
50924,0,7.0,Established (7-12m),STANDARD RISK,12.0,3.0,147.59,5,0,3,Male
50925,0,3.0,New (0-3m),STANDARD RISK,2.0,2.0,153.01,3,0,3,Male
50926,0,15.0,Mature (13-24m),STANDARD RISK,8.0,5.0,136.73,1,0,1,Female
50927,0,17.0,Mature (13-24m),STANDARD RISK,0.0,1.0,147.68,3,0,3,Female
50928,0,9.0,Established (7-12m),STANDARD RISK,0.0,1.0,112.74,3,0,1,Male
50929,0,50.0,Loyal (25m+),STANDARD RISK,8.0,2.0,149.0,3,0,1,Male
50930,0,22.0,Mature (13-24m),LOW RISK,7.0,1.0,204.66,4,0,1,Male
50931,0,7.0,Established (7-12m),STANDARD RISK,9.0,6.0,270.07,5,0,1,Male
50932,1,0.0,New (0-3m),STANDARD RISK,2.0,1.0,129.09,3,0,3,Male
50933,1,0.0,New (0-3m),STANDARD RISK,0.0,1.0,157.65,4,0,3,Female
50934,1,0.0,New (0-3m),STANDARD RISK,10.0,10.0,145.99,4,1,3,Female
50935,0,8.0,Established (7-12m),STANDARD RISK,0.0,1.0,124.04,3,0,3,Male
50936,1,0.0,New (0-3m),STANDARD RISK,0.0,1.0,131.72,5,1,1,Male
50937,0,9.0,Established (7-12m),STANDARD RISK,0.0,1.0,120.33,4,0,3,Female
50938,0,17.0,Mature (13-24m),STANDARD RISK,2.0,2.0,202.09,3,1,1,Male
50939,0,2.0,New (0-3m),STANDARD RISK,4.0,1.0,186.2,3,0,3,Male
50940,0,9.0,Established (7-12m),STANDARD RISK,3.0,1.0,120.64,3,0,2,Male
50941,0,28.0,Loyal (25m+),STANDARD RISK,2.0,1.0,140.35,3,1,1,Male
50942,0,6.0,Growing (4-6m),STANDARD RISK,2.0,1.0,138.38,4,0,1,Female
50943,0,20.0,Mature (13-24m),STANDARD RISK,2.0,1.0,145.91,3,1,3,Female
50944,1,0.0,New (0-3m),STANDARD RISK,0.0,1.0,125.61,5,0,1,Male
50945,0,9.0,Established (7-12m),STANDARD RISK,0.0,1.0,115.63,3,0,1,Male
50946,0,1.0,New (0-3m),STANDARD RISK,3.0,1.0,148.98,5,0,3,Male
50947,0,22.0,Mature (13-24m),LOW RISK,2.0,1.0,147.89,5,0,1,Female
50948,0,2.0,New (0-3m),STANDARD RISK,2.0,1.0,131.8,4,0,1,Female
50949,0,1.0,New (0-3m),STANDARD RISK,7.0,1.0,165.49,4,0,1,Male
50950,0,6.0,Growing (4-6m),STANDARD RISK,0.0,1.0,163.88,3,1,1,Male
50951,0,5.0,Growing (4-6m),MEDIUM RISK,3.0,1.0,212.44,1,0,1,Male
50952,0,27.0,Loyal (25m+),STANDARD RISK,12.0,2.0,260.32,1,0,1,Female
50953,1,0.0,New (0-3m),STANDARD RISK,7.0,1.0,123.62,5,0,1,Male
50954,0,17.0,Mature (13-24m),LOW RISK,17.0,14.0,263.28,5,0,1,Male
50955,0,12.0,Established (7-12m),STANDARD RISK,2.0,2.0,183.76,4,0,1,Female
50956,0,19.0,Mature (13-24m),LOW RISK,1.0,5.0,266.06,4,0,3,Female
50957,0,8.0,Established (7-12m),STANDARD RISK,3.0,3.0,186.06,4,0,1,Female
50958,0,9.0,Established (7-12m),STANDARD RISK,2.0,1.0,122.72,3,0,1,Male
50959,1,9.0,Established (7-12m),STANDARD RISK,0.0,1.0,120.18,5,0,1,Male
50960,0,7.0,Established (7-12m),STANDARD RISK,6.0,8.0,170.83,3,1,3,Male
50961,1,0.0,New (0-3m),STANDARD RISK,7.0,7.0,140.84,3,0,1,Female
50962,0,23.0,Mature (13-24m),STANDARD RISK,9.0,2.0,244.11,1,1,1,Male
50963,0,9.0,Established (7-12m),STANDARD RISK,7.0,5.0,123.08,3,1,3,Male
50964,0,15.0,Mature (13-24m),LOW RISK,0.0,1.0,148.41,4,0,1,Male
50965,0,10.0,Established (7-12m),STANDARD RISK,7.0,3.0,142.85,1,0,1,Male
50966,0,2.0,New (0-3m),STANDARD RISK,7.0,1.0,197.15,5,0,1,Female
50967,0,6.0,Growing (4-6m),STANDARD RISK,2.0,1.0,143.2,4,0,1,Male
50968,0,9.0,Established (7-12m),STANDARD RISK,3.0,1.0,121.32,1,0,1,Male
50969,0,15.0,Mature (13-24m),STANDARD RISK,9.0,13.0,201.24,1,1,1,Male
50970,0,13.0,Mature (13-24m),LOW RISK,1.0,7.0,154.73,5,0,3,Male
50971,0,6.0,Growing (4-6m),STANDARD RISK,7.0,5.0,152.07,3,1,1,Male
50972,0,13.0,Mature (13-24m),STANDARD RISK,7.0,7.0,264.37,1,1,2,Male
50973,0,9.0,Established (7-12m),STANDARD RISK,0.0,1.0,122.96,5,0,1,Male
50974,0,13.0,Mature (13-24m),STANDARD RISK,2.0,2.0,140.69,1,1,1,Male
50975,0,18.0,Mature (13-24m),LOW RISK,7.0,7.0,174.41,4,0,1,Male
50976,0,8.0,Established (7-12m),STANDARD RISK,2.0,4.0,124.3,3,0,3,Female
50977,0,5.0,Growing (4-6m),STANDARD RISK,5.0,2.0,158.78,4,0,1,Female
50978,0,9.0,Established (7-12m),STANDARD RISK,2.0,1.0,126.44,1,1,3,Male
50979,0,21.0,Mature (13-24m),STANDARD RISK,7.0,7.0,164.39,3,0,3,Female
50980,0,2.0,New (0-3m),STANDARD RISK,0.0,1.0,124.51,3,0,1,Male
50981,0,6.0,Growing (4-6m),STANDARD RISK,2.0,2.0,163.92,5,0,3,Male
50982,1,0.0,New (0-3m),STANDARD RISK,7.0,6.0,197.14,5,0,3,Male
50983,0,11.0,Established (7-12m),STANDARD RISK,2.0,1.0,160.77,3,0,2,Male
50984,0,8.0,Established (7-12m),STANDARD RISK,2.0,1.0,124.5,5,0,1,Male
50985,0,3.0,New (0-3m),STANDARD RISK,3.0,1.0,192.5,4,0,3,Male
50986,1,9.0,Established (7-12m),STANDARD RISK,0.0,1.0,120.74,5,1,1,Female
50987,1,16.0,Mature (13-24m),STANDARD RISK,9.0,1.0,201.69,1,0,1,Female
50988,1,1.0,New (0-3m),STANDARD RISK,4.0,1.0,148.55,4,0,1,Male
50989,0,5.0,Growing (4-6m),STANDARD RISK,2.0,1.0,140.87,5,0,1,Male
50990,0,21.0,Mature (13-24m),LOW RISK,6.0,7.0,123.67,5,0,1,Female
50991,0,7.0,Established (7-12m),STANDARD RISK,0.0,1.0,129.72,1,0,1,Male
50992,0,28.0,Loyal (25m+),STANDARD RISK,13.0,2.0,295.86,1,0,3,Male
50993,0,7.0,Established (7-12m),STANDARD RISK,1.0,2.0,154.84,1,0,1,Male
50994,0,9.0,Established (7-12m),STANDARD RISK,0.0,1.0,120.61,1,0,1,Female
50995,0,11.0,Established (7-12m),STANDARD RISK,7.0,7.0,199.24,4,0,3,Male
50996,0,11.0,Established (7-12m),STANDARD RISK,2.0,1.0,141.98,4,0,3,Female
50997,0,9.0,Established (7-12m),STANDARD RISK,0.0,1.0,168.15,3,0,3,Female
50998,0,2.0,New (0-3m),STANDARD RISK,5.0,1.0,147.23,5,1,1,Male
50999,0,8.0,Established (7-12m),STANDARD RISK,4.0,1.0,161.42,3,1,1,Female
51000,0,12.0,Established (7-12m),STANDARD RISK,6.0,7.0,182.37,3,0,3,Male
51001,0,2.0,New (0-3m),STANDARD RISK,3.0,1.0,188.53,1,0,1,Male
51002,0,23.0,Mature (13-24m),STANDARD RISK,0.0,1.0,293.31,3,1,3,Male
51003,0,9.0,Established (7-12m),STANDARD RISK,2.0,2.0,120.73,3,0,1,Male
51004,0,9.0,Established (7-12m),STANDARD RISK,2.0,1.0,155.62,5,1,1,Male
51005,0,15.0,Mature (13-24m),STANDARD RISK,1.0,1.0,296.13,1,0,1,Male
51006,0,8.0,Established (7-12m),STANDARD RISK,8.0,6.0,134.07,3,0,1,Male
51007,0,7.0,Established (7-12m),STANDARD RISK,7.0,7.0,150.63,3,0,1,Male
51008,0,13.0,Mature (13-24m),LOW RISK,2.0,1.0,146.39,5,0,3,Female
51009,0,16.0,Mature (13-24m),LOW RISK,2.0,1.0,148.76,4,0,1,Male
51010,0,8.0,Established (7-12m),STANDARD RISK,1.0,1.0,126.9,1,0,1,Male
51011,0,19.0,Mature (13-24m),LOW RISK,12.0,1.0,275.67,5,0,3,Male
51012,1,0.0,New (0-3m),STANDARD RISK,0.0,1.0,124.08,4,1,1,Male
51013,0,0.0,New (0-3m),STANDARD RISK,3.0,1.0,128.14,3,1,1,Female
51014,0,23.0,Mature (13-24m),STANDARD RISK,3.0,12.0,212.45,3,1,1,Male
51015,0,5.0,Growing (4-6m),MEDIUM RISK,2.0,1.0,133.12,1,0,1,Female
51016,0,17.0,Mature (13-24m),STANDARD RISK,10.0,1.0,290.49,1,1,1,Female
51017,0,9.0,Established (7-12m),STANDARD RISK,1.0,1.0,121.41,4,0,1,Male
51018,0,18.0,Mature (13-24m),STANDARD RISK,4.0,1.0,157.69,5,1,1,Female
51019,0,18.0,Mature (13-24m),LOW RISK,5.0,4.0,143.85,5,0,3,Male
51020,0,4.0,Growing (4-6m),STANDARD RISK,3.0,1.0,153.32,5,0,3,Male
51021,0,9.0,Established (7-12m),STANDARD RISK,1.0,1.0,146.63,3,1,1,Female
51022,0,7.0,Established (7-12m),STANDARD RISK,2.0,7.0,147.24,1,0,1,Male
51023,0,22.0,Mature (13-24m),LOW RISK,4.0,1.0,132.11,5,0,1,Female
51024,0,12.0,Established (7-12m),STANDARD RISK,7.0,7.0,153.77,5,0,1,Male
51025,0,0.0,New (0-3m),STANDARD RISK,7.0,1.0,140.66,5,0,1,Male
51026,0,8.0,Established (7-12m),STANDARD RISK,10.0,1.0,152.08,5,0,1,Male
51027,0,1.0,New (0-3m),STANDARD RISK,0.0,1.0,0.0,5,0,1,Female
51028,0,0.0,New (0-3m),STANDARD RISK,2.0,2.0,131.17,1,0,1,Male
51029,1,9.0,Established (7-12m),STANDARD RISK,0.0,1.0,115.69,1,1,3,Female
51030,0,20.0,Mature (13-24m),STANDARD RISK,0.0,1.0,296.58,3,0,2,Female
51031,0,12.0,Established (7-12m),STANDARD RISK,7.0,1.0,130.69,3,0,1,Male
51032,0,13.0,Mature (13-24m),STANDARD RISK,12.0,14.0,204.35,3,0,1,Female
51033,0,8.0,Established (7-12m),STANDARD RISK,9.0,2.0,141.48,3,0,1,Female
51034,0,10.0,Established (7-12m),STANDARD RISK,2.0,1.0,157.68,3,0,1,Male
51035,0,12.0,Established (7-12m),STANDARD RISK,8.0,3.0,150.42,3,0,1,Female
51036,0,18.0,Mature (13-24m),STANDARD RISK,9.0,3.0,157.7,1,0,1,Female
51037,0,11.0,Established (7-12m),STANDARD RISK,2.0,1.0,177.56,3,1,1,Female
51038,1,0.0,New (0-3m),STANDARD RISK,0.0,6.0,203.06,5,0,3,Male
51039,0,10.0,Established (7-12m),STANDARD RISK,7.0,7.0,139.36,4,0,1,Female
51040,0,13.0,Mature (13-24m),STANDARD RISK,3.0,3.0,179.45,1,1,1,Female
51041,0,17.0,Mature (13-24m),STANDARD RISK,2.0,1.0,157.43,1,1,2,Male
51042,0,21.0,Mature (13-24m),STANDARD RISK,2.0,2.0,252.02,1,0,1,Male
51043,1,0.0,New (0-3m),CRITICAL RISK,2.0,2.0,154.4,1,1,3,Male
51044,0,0.0,New (0-3m),CRITICAL RISK,3.0,1.0,137.6,1,1,1,Female
51045,0,0.0,New (0-3m),STANDARD RISK,2.0,1.0,135.17,3,0,1,Female
51046,0,0.0,New (0-3m),STANDARD RISK,2.0,1.0,125.8,1,0,1,Male
51047,1,9.0,Established (7-12m),STANDARD RISK,3.0,1.0,121.66,5,1,1,Male
51048,0,2.0,New (0-3m),STANDARD RISK,4.0,1.0,158.69,3,0,3,Male
51049,0,9.0,Established (7-12m),STANDARD RISK,2.0,1.0,180.08,5,0,1,Female
51050,0,0.0,New (0-3m),STANDARD RISK,7.0,1.0,152.06,3,0,1,Male
51051,0,12.0,Established (7-12m),STANDARD RISK,0.0,1.0,152.95,4,0,1,Male
51052,0,22.0,Mature (13-24m),LOW RISK,2.0,1.0,264.13,4,0,1,Female
51053,0,23.0,Mature (13-24m),LOW RISK,11.0,2.0,232.69,5,0,1,Female
51054,0,0.0,New (0-3m),STANDARD RISK,2.0,2.0,127.83,3,0,3,Female
51055,0,7.0,Established (7-12m),STANDARD RISK,9.0,7.0,154.33,4,0,1,Female
51056,0,9.0,Established (7-12m),STANDARD RISK,3.0,1.0,120.13,4,0,1,Male
51057,0,22.0,Mature (13-24m),STANDARD RISK,12.0,2.0,239.66000000000005,3,1,1,Female
51058,0,9.0,Established (7-12m),STANDARD RISK,2.0,1.0,143.74,3,0,1,Female
51059,0,9.0,Established (7-12m),STANDARD RISK,4.0,1.0,168.42,5,0,1,Male
51060,0,27.0,Loyal (25m+),STANDARD RISK,7.0,4.0,274.26,3,0,1,Female
51061,0,16.0,Mature (13-24m),STANDARD RISK,11.0,6.0,276.03,3,0,1,Male
51062,1,0.0,New (0-3m),CRITICAL RISK,7.0,6.0,145.81,1,1,3,Male
51063,0,11.0,Established (7-12m),STANDARD RISK,9.0,2.0,147.35,1,0,1,Male
51064,0,2.0,New (0-3m),STANDARD RISK,9.0,1.0,141.87,4,1,3,Male
51065,0,6.0,Growing (4-6m),MEDIUM RISK,4.0,1.0,155.05,1,0,3,Male
51066,0,5.0,Growing (4-6m),STANDARD RISK,6.0,1.0,154.7,4,0,1,Male
51067,0,4.0,Growing (4-6m),MEDIUM RISK,2.0,1.0,154.76,1,0,3,Female
51068,0,22.0,Mature (13-24m),STANDARD RISK,2.0,2.0,125.87,5,1,1,Female
51069,0,11.0,Established (7-12m),STANDARD RISK,3.0,3.0,124.4,4,0,1,Female
51070,0,20.0,Mature (13-24m),LOW RISK,2.0,2.0,259.72,4,0,3,Female
51071,0,22.0,Mature (13-24m),STANDARD RISK,0.0,2.0,253.79,3,0,1,Male
51072,0,14.0,Mature (13-24m),STANDARD RISK,2.0,1.0,170.82,3,1,3,Male
51073,0,0.0,New (0-3m),STANDARD RISK,2.0,1.0,127.28,5,0,3,Male
51074,0,6.0,Growing (4-6m),MEDIUM RISK,2.0,1.0,153.68,1,1,3,Female
51075,0,9.0,Established (7-12m),STANDARD RISK,2.0,1.0,153.47,3,0,1,Male
51076,0,17.0,Mature (13-24m),STANDARD RISK,2.0,2.0,131.95,1,1,2,Female
51077,1,0.0,New (0-3m),STANDARD RISK,2.0,1.0,139.89,3,1,1,Male
51078,0,11.0,Established (7-12m),STANDARD RISK,0.0,1.0,133.06,3,0,1,Female
51079,0,26.0,Loyal (25m+),STANDARD RISK,2.0,1.0,170.05,1,0,1,Male
51080,1,11.0,Established (7-12m),STANDARD RISK,7.0,7.0,126.55,3,1,3,Female
51081,1,9.0,Established (7-12m),STANDARD RISK,0.0,1.0,113.93,4,0,1,Male
51082,0,0.0,New (0-3m),STANDARD RISK,7.0,5.0,125.7,1,0,1,Male
51083,0,28.0,Loyal (25m+),LOW RISK,2.0,1.0,135.37,4,0,1,Male
51084,0,7.0,Established (7-12m),STANDARD RISK,13.0,4.0,139.86,1,0,1,Male
51085,0,30.0,Loyal (25m+),STANDARD RISK,0.0,1.0,208.83,1,0,1,Male
51086,0,9.0,Established (7-12m),STANDARD RISK,13.0,2.0,120.28,4,0,1,Male
51087,0,10.0,Established (7-12m),STANDARD RISK,3.0,1.0,195.25,1,0,3,Male
51088,0,7.0,Established (7-12m),STANDARD RISK,7.0,8.0,129.29,1,0,1,Female
51089,1,9.0,Established (7-12m),STANDARD RISK,2.0,1.0,122.75,1,1,3,Male
51090,0,17.0,Mature (13-24m),STANDARD RISK,7.0,6.0,178.79,1,1,1,Female
51091,0,8.0,Established (7-12m),STANDARD RISK,4.0,1.0,149.3,1,1,1,Male
51092,0,16.0,Mature (13-24m),STANDARD RISK,8.0,8.0,178.47,1,1,3,Male
51093,0,0.0,New (0-3m),STANDARD RISK,4.0,1.0,144.01,3,0,1,Male
51094,0,14.0,Mature (13-24m),STANDARD RISK,7.0,8.0,192.41,3,0,3,Male
51095,0,2.0,New (0-3m),STANDARD RISK,2.0,1.0,129.74,3,0,1,Female
51096,0,9.0,Established (7-12m),STANDARD RISK,7.0,6.0,145.02,1,0,3,Female
51097,0,18.0,Mature (13-24m),STANDARD RISK,4.0,14.0,207.48,3,0,1,Male
51098,1,9.0,Established (7-12m),STANDARD RISK,0.0,1.0,115.55,3,0,2,Male
51099,1,10.0,Established (7-12m),STANDARD RISK,3.0,14.0,229.36,3,0,3,Male
51100,0,9.0,Established (7-12m),STANDARD RISK,2.0,1.0,123.05,3,0,1,Male
51101,0,18.0,Mature (13-24m),LOW RISK,6.0,8.0,267.04,4,0,1,Female
51102,0,5.0,Growing (4-6m),STANDARD RISK,3.0,1.0,134.33,3,0,1,Male
51103,0,4.0,Growing (4-6m),STANDARD RISK,3.0,1.0,134.77,3,0,1,Male
51104,0,14.0,Mature (13-24m),LOW RISK,2.0,1.0,164.3,4,0,2,Male
51105,0,13.0,Mature (13-24m),STANDARD RISK,0.0,1.0,165.16,5,1,1,Female
51106,0,0.0,New (0-3m),STANDARD RISK,2.0,1.0,139.07,5,0,1,Male
51107,0,19.0,Mature (13-24m),LOW RISK,9.0,1.0,155.62,4,0,1,Male
51108,0,8.0,Established (7-12m),STANDARD RISK,7.0,1.0,168.83,3,0,1,Male
51109,0,3.0,New (0-3m),STANDARD RISK,8.0,1.0,128.62,1,0,1,Male
51110,0,20.0,Mature (13-24m),LOW RISK,0.0,1.0,149.78,4,0,3,Male
51111,0,19.0,Mature (13-24m),STANDARD RISK,3.0,1.0,203.68,1,1,3,Male
51112,1,0.0,New (0-3m),STANDARD RISK,2.0,2.0,161.34,5,1,3,Male
51113,1,0.0,New (0-3m),STANDARD RISK,0.0,1.0,167.35,4,0,3,Male
51114,0,0.0,New (0-3m),STANDARD RISK,2.0,1.0,132.95,4,0,1,Female
51115,0,4.0,Growing (4-6m),MEDIUM RISK,4.0,1.0,152.38,1,0,1,Female
51116,0,12.0,Established (7-12m),STANDARD RISK,8.0,5.0,164.72,1,1,1,Male
51117,0,5.0,Growing (4-6m),STANDARD RISK,2.0,1.0,196.1,3,0,3,Male
51118,0,13.0,Mature (13-24m),LOW RISK,8.0,12.0,298.33,4,0,3,Male
51119,0,18.0,Mature (13-24m),STANDARD RISK,3.0,1.0,197.56,3,0,2,Female
51120,0,3.0,New (0-3m),STANDARD RISK,7.0,1.0,149.68,5,0,1,Female
51121,0,9.0,Established (7-12m),STANDARD RISK,1.0,2.0,121.45,1,0,2,Male
51122,1,9.0,Established (7-12m),STANDARD RISK,2.0,1.0,121.8,1,0,2,Female
51123,0,4.0,Growing (4-6m),STANDARD RISK,2.0,1.0,183.46,3,0,3,Male
51124,0,0.0,New (0-3m),STANDARD RISK,4.0,1.0,134.45,1,0,1,Female
51125,1,0.0,New (0-3m),STANDARD RISK,2.0,2.0,127.6,4,0,3,Female
51126,0,2.0,New (0-3m),STANDARD RISK,2.0,1.0,162.94,3,1,1,Male
51127,0,3.0,New (0-3m),STANDARD RISK,7.0,1.0,171.4,5,0,3,Male
51128,0,7.0,Established (7-12m),STANDARD RISK,2.0,1.0,129.32,1,1,1,Male
51129,0,6.0,Growing (4-6m),STANDARD RISK,7.0,1.0,151.47,4,0,3,Female
51130,0,22.0,Mature (13-24m),STANDARD RISK,4.0,1.0,145.07,1,0,3,Female
51131,1,0.0,New (0-3m),STANDARD RISK,0.0,1.0,185.64,5,1,3,Female
51132,0,11.0,Established (7-12m),STANDARD RISK,5.0,1.0,124.68,4,0,1,Female
51133,1,0.0,New (0-3m),STANDARD RISK,0.0,1.0,181.61,3,0,3,Male
51134,0,9.0,Established (7-12m),STANDARD RISK,0.0,1.0,121.09,5,0,1,Female
51135,0,0.0,New (0-3m),STANDARD RISK,7.0,1.0,152.94,3,0,1,Male
51136,0,5.0,Growing (4-6m),STANDARD RISK,7.0,1.0,127.18,4,0,1,Male
51137,0,11.0,Established (7-12m),STANDARD RISK,0.0,1.0,158.11,1,1,1,Male
51138,1,6.0,Growing (4-6m),STANDARD RISK,0.0,1.0,124.37,3,1,1,Male
51139,0,15.0,Mature (13-24m),LOW RISK,4.0,1.0,127.66,4,0,1,Male
51140,0,28.0,Loyal (25m+),LOW RISK,0.0,1.0,290.38,5,0,1,Male
51141,0,6.0,Growing (4-6m),STANDARD RISK,7.0,1.0,130.55,4,0,1,Male
51142,0,9.0,Established (7-12m),STANDARD RISK,4.0,1.0,122.89,5,0,1,Male
51143,0,7.0,Established (7-12m),STANDARD RISK,7.0,1.0,140.01,3,1,3,Male
51144,0,26.0,Loyal (25m+),STANDARD RISK,3.0,1.0,229.65,3,1,1,Female
51145,0,16.0,Mature (13-24m),STANDARD RISK,8.0,1.0,135.39,1,0,2,Male
51146,0,7.0,Established (7-12m),STANDARD RISK,2.0,2.0,160.29,1,0,3,Female
51147,1,0.0,New (0-3m),STANDARD RISK,0.0,1.0,126.79,4,0,3,Male
51148,0,11.0,Established (7-12m),STANDARD RISK,4.0,1.0,137.02,3,0,1,Female
51149,1,0.0,New (0-3m),STANDARD RISK,0.0,1.0,123.98,5,1,1,Female
51150,0,4.0,Growing (4-6m),MEDIUM RISK,7.0,5.0,154.68,1,0,3,Female
51151,0,24.0,Mature (13-24m),STANDARD RISK,3.0,2.0,231.16000000000005,3,0,1,Female
51152,0,10.0,Established (7-12m),STANDARD RISK,3.0,1.0,141.89,4,0,3,Male
51153,0,19.0,Mature (13-24m),STANDARD RISK,2.0,2.0,293.28,1,1,1,Male
51154,0,9.0,Established (7-12m),STANDARD RISK,7.0,5.0,183.21,5,1,1,Male
51155,1,7.0,Established (7-12m),STANDARD RISK,3.0,2.0,123.42,4,1,1,Male
51156,0,10.0,Established (7-12m),STANDARD RISK,7.0,4.0,140.71,4,0,2,Male
51157,1,0.0,New (0-3m),CRITICAL RISK,7.0,7.0,158.13,1,1,3,Male
51158,0,6.0,Growing (4-6m),STANDARD RISK,6.0,7.0,131.43,5,0,1,Male
51159,0,9.0,Established (7-12m),STANDARD RISK,3.0,1.0,120.44,1,0,1,Male
51160,0,12.0,Established (7-12m),STANDARD RISK,2.0,2.0,234.64,3,0,1,Male
51161,0,19.0,Mature (13-24m),LOW RISK,2.0,2.0,179.91,4,0,3,Male
51162,0,13.0,Mature (13-24m),LOW RISK,2.0,1.0,133.77,5,0,1,Female
51163,0,15.0,Mature (13-24m),LOW RISK,0.0,1.0,155.38,5,0,1,Male
51164,0,8.0,Established (7-12m),STANDARD RISK,7.0,1.0,157.62,1,0,1,Male
51165,0,11.0,Established (7-12m),STANDARD RISK,8.0,3.0,125.92,4,0,2,Male
51166,1,0.0,New (0-3m),STANDARD RISK,7.0,1.0,153.46,5,0,1,Male
51167,1,0.0,New (0-3m),STANDARD RISK,8.0,1.0,142.13,5,0,1,Male
51168,0,12.0,Established (7-12m),STANDARD RISK,2.0,2.0,141.27,1,0,3,Male
51169,0,16.0,Mature (13-24m),STANDARD RISK,2.0,1.0,124.38,3,0,1,Male
51170,0,14.0,Mature (13-24m),LOW RISK,2.0,1.0,168.7,4,0,1,Male
51171,0,14.0,Mature (13-24m),STANDARD RISK,5.0,13.0,204.47,3,1,3,Female
51172,0,3.0,New (0-3m),STANDARD RISK,2.0,1.0,196.67,3,0,1,Female
51173,1,9.0,Established (7-12m),STANDARD RISK,4.0,1.0,121.48,4,1,2,Female
51174,1,9.0,Established (7-12m),STANDARD RISK,7.0,3.0,189.26,4,0,1,Female
51175,0,13.0,Mature (13-24m),STANDARD RISK,3.0,1.0,165.13,1,0,1,Female
51176,0,7.0,Established (7-12m),STANDARD RISK,8.0,4.0,167.99,3,0,3,Male
51177,0,30.0,Loyal (25m+),LOW RISK,14.0,14.0,0.0,4,0,3,Male
51178,0,8.0,Established (7-12m),STANDARD RISK,3.0,1.0,127.05,3,0,1,Male
51179,0,20.0,Mature (13-24m),STANDARD RISK,10.0,14.0,203.33,4,1,1,Female
51180,0,13.0,Mature (13-24m),LOW RISK,7.0,7.0,144.48,5,0,1,Female
51181,0,27.0,Loyal (25m+),STANDARD RISK,7.0,1.0,168.54,1,0,1,Female
51182,0,4.0,Growing (4-6m),STANDARD RISK,2.0,2.0,196.37,5,0,3,Female
51183,0,1.0,New (0-3m),STANDARD RISK,2.0,1.0,135.91,5,0,1,Female
51184,0,11.0,Established (7-12m),STANDARD RISK,3.0,1.0,154.05,1,1,3,Female
51185,0,0.0,New (0-3m),STANDARD RISK,2.0,1.0,146.84,1,0,3,Male
51186,0,30.0,Loyal (25m+),STANDARD RISK,2.0,2.0,257.87,3,1,1,Male
51187,0,9.0,Established (7-12m),STANDARD RISK,0.0,1.0,115.14,3,0,1,Female
51188,1,0.0,New (0-3m),STANDARD RISK,0.0,1.0,129.56,5,0,2,Male
51189,1,0.0,New (0-3m),STANDARD RISK,0.0,2.0,123.35,5,1,2,Male
51190,0,18.0,Mature (13-24m),STANDARD RISK,7.0,5.0,151.54,3,0,3,Female
51191,0,9.0,Established (7-12m),STANDARD RISK,0.0,1.0,169.62,4,1,1,Female
51192,0,16.0,Mature (13-24m),STANDARD RISK,7.0,7.0,156.75,1,0,3,Male
51193,0,0.0,New (0-3m),CRITICAL RISK,2.0,1.0,123.79,1,1,1,Female
51194,0,2.0,New (0-3m),STANDARD RISK,10.0,3.0,138.12,1,0,1,Male
51195,0,5.0,Growing (4-6m),MEDIUM RISK,0.0,1.0,146.48,1,0,3,Male
51196,0,15.0,Mature (13-24m),STANDARD RISK,3.0,3.0,129.36,3,0,1,Male
51197,0,9.0,Established (7-12m),STANDARD RISK,0.0,2.0,121.05,3,0,1,Female
51198,0,19.0,Mature (13-24m),STANDARD RISK,7.0,4.0,185.78,1,0,1,Male
51199,0,1.0,New (0-3m),STANDARD RISK,2.0,2.0,127.06,1,0,2,Male
51200,0,2.0,New (0-3m),STANDARD RISK,6.0,1.0,163.84,3,0,1,Male
51201,0,15.0,Mature (13-24m),STANDARD RISK,0.0,1.0,139.68,3,0,1,Male
51202,1,0.0,New (0-3m),STANDARD RISK,2.0,2.0,199.07,4,1,3,Male
51203,0,19.0,Mature (13-24m),LOW RISK,8.0,2.0,232.25,5,0,3,Female
51204,0,0.0,New (0-3m),STANDARD RISK,8.0,5.0,135.4,3,0,3,Female
51205,0,2.0,New (0-3m),STANDARD RISK,0.0,1.0,128.04,4,0,2,Male
51206,0,16.0,Mature (13-24m),STANDARD RISK,14.0,6.0,293.92,3,0,1,Female
51207,0,21.0,Mature (13-24m),LOW RISK,9.0,12.0,296.65,4,0,1,Male
51208,1,0.0,New (0-3m),CRITICAL RISK,0.0,1.0,124.39,1,1,1,Male
51209,1,9.0,Established (7-12m),STANDARD RISK,7.0,1.0,173.14,4,0,3,Female
51210,0,0.0,New (0-3m),STANDARD RISK,3.0,7.0,147.74,5,0,1,Female
51211,0,12.0,Established (7-12m),STANDARD RISK,2.0,2.0,139.02,1,0,1,Male
51212,0,28.0,Loyal (25m+),STANDARD RISK,4.0,1.0,126.62,1,0,1,Male
51213,0,1.0,New (0-3m),STANDARD RISK,0.0,1.0,128.56,4,0,3,Female
51214,1,0.0,New (0-3m),STANDARD RISK,0.0,1.0,110.81,1,0,3,Male
51215,1,0.0,New (0-3m),STANDARD RISK,0.0,1.0,124.72,4,1,1,Male
51216,0,9.0,Established (7-12m),STANDARD RISK,7.0,1.0,156.73,3,1,3,Female
51217,0,4.0,Growing (4-6m),STANDARD RISK,2.0,1.0,141.97,3,0,1,Male
51218,0,7.0,Established (7-12m),STANDARD RISK,0.0,1.0,197.13,1,1,3,Male
51219,0,9.0,Established (7-12m),STANDARD RISK,2.0,1.0,120.62,5,0,1,Male
51220,0,10.0,Established (7-12m),STANDARD RISK,4.0,1.0,142.84,5,1,1,Male
51221,0,8.0,Established (7-12m),STANDARD RISK,2.0,1.0,147.88,4,1,1,Female
51222,0,18.0,Mature (13-24m),STANDARD RISK,8.0,3.0,159.06,1,0,1,Female
51223,0,9.0,Established (7-12m),STANDARD RISK,8.0,1.0,138.86,1,0,2,Male
51224,0,13.0,Mature (13-24m),LOW RISK,16.0,11.0,268.23,5,0,1,Male
51225,0,0.0,New (0-3m),STANDARD RISK,0.0,1.0,129.33,3,1,1,Female
51226,0,0.0,New (0-3m),STANDARD RISK,7.0,1.0,165.0,3,0,3,Female
51227,0,21.0,Mature (13-24m),STANDARD RISK,7.0,4.0,271.74,1,0,1,Female
51228,0,17.0,Mature (13-24m),LOW RISK,2.0,2.0,150.33,5,0,1,Male
51229,1,9.0,Established (7-12m),STANDARD RISK,0.0,3.0,123.07,5,1,1,Male
51230,1,19.0,Mature (13-24m),STANDARD RISK,0.0,1.0,125.87,1,0,1,Male
51231,0,9.0,Established (7-12m),STANDARD RISK,3.0,1.0,155.07,4,0,3,Male
51232,0,14.0,Mature (13-24m),LOW RISK,4.0,1.0,143.93,4,0,3,Female
51233,0,15.0,Mature (13-24m),LOW RISK,7.0,2.0,233.48,5,0,1,Male
51234,0,4.0,Growing (4-6m),MEDIUM RISK,4.0,1.0,165.83,1,1,3,Female
51235,0,7.0,Established (7-12m),STANDARD RISK,1.0,1.0,181.03,1,1,3,Female
51236,0,4.0,Growing (4-6m),STANDARD RISK,2.0,2.0,139.78,3,0,1,Female
51237,0,0.0,New (0-3m),STANDARD RISK,7.0,7.0,125.44,1,0,1,Male
51238,0,18.0,Mature (13-24m),STANDARD RISK,3.0,1.0,153.99,3,0,1,Male
51239,0,6.0,Growing (4-6m),STANDARD RISK,9.0,1.0,154.87,3,0,3,Male
51240,0,1.0,New (0-3m),CRITICAL RISK,7.0,1.0,168.34,1,1,3,Male
51241,1,0.0,New (0-3m),STANDARD RISK,0.0,1.0,110.91,5,0,3,Male
51242,0,12.0,Established (7-12m),STANDARD RISK,2.0,1.0,157.36,3,0,3,Female
51243,0,9.0,Established (7-12m),STANDARD RISK,2.0,1.0,122.26,4,0,1,Male
51244,0,7.0,Established (7-12m),STANDARD RISK,11.0,6.0,157.47,1,1,1,Male
51245,1,0.0,New (0-3m),STANDARD RISK,2.0,2.0,198.54,3,1,3,Female
51246,0,20.0,Mature (13-24m),LOW RISK,7.0,1.0,154.67,4,0,1,Male
51247,0,29.0,Loyal (25m+),LOW RISK,0.0,1.0,153.8,5,0,3,Female
51248,0,12.0,Established (7-12m),STANDARD RISK,9.0,7.0,151.51,5,0,1,Male
51249,0,9.0,Established (7-12m),STANDARD RISK,7.0,1.0,121.33,4,1,1,Female
51250,0,30.0,Loyal (25m+),STANDARD RISK,0.0,1.0,278.75,1,1,3,Female
51251,1,0.0,New (0-3m),STANDARD RISK,3.0,1.0,124.32,3,1,1,Female
51252,0,11.0,Established (7-12m),STANDARD RISK,3.0,1.0,147.71,1,0,1,Male
51253,0,22.0,Mature (13-24m),STANDARD RISK,3.0,4.0,291.61,1,0,1,Male
51254,0,15.0,Mature (13-24m),STANDARD RISK,0.0,1.0,150.87,1,1,3,Male
51255,1,0.0,New (0-3m),STANDARD RISK,0.0,1.0,128.63,4,0,2,Female
51256,0,8.0,Established (7-12m),STANDARD RISK,4.0,1.0,0.0,5,0,3,Male
51257,0,9.0,Established (7-12m),STANDARD RISK,4.0,1.0,121.44,3,0,1,Male
51258,0,4.0,Growing (4-6m),STANDARD RISK,3.0,2.0,130.65,5,1,1,Male
51259,0,9.0,Established (7-12m),STANDARD RISK,2.0,1.0,128.1,4,0,1,Male
51260,0,7.0,Established (7-12m),STANDARD RISK,1.0,2.0,198.88,1,0,3,Male
51261,0,7.0,Established (7-12m),STANDARD RISK,1.0,1.0,186.28,3,0,3,Male
51262,0,0.0,New (0-3m),STANDARD RISK,6.0,7.0,128.67,5,0,1,Male
51263,0,2.0,New (0-3m),STANDARD RISK,2.0,1.0,153.73,5,0,1,Male
51264,0,5.0,Growing (4-6m),MEDIUM RISK,2.0,1.0,166.67,1,0,1,Female
51265,0,4.0,Growing (4-6m),STANDARD RISK,7.0,8.0,150.03,5,0,1,Male
51266,1,0.0,New (0-3m),STANDARD RISK,3.0,1.0,123.67,1,0,1,Male
51267,0,11.0,Established (7-12m),STANDARD RISK,0.0,1.0,128.58,5,0,3,Male
51268,0,8.0,Established (7-12m),STANDARD RISK,9.0,1.0,152.04,1,1,3,Female
51269,0,0.0,New (0-3m),STANDARD RISK,7.0,1.0,141.05,1,0,3,Male
51270,0,5.0,Growing (4-6m),MEDIUM RISK,0.0,1.0,196.79,1,0,1,Male
51271,1,0.0,New (0-3m),CRITICAL RISK,8.0,1.0,156.17,1,1,3,Male
51272,1,16.0,Mature (13-24m),STANDARD RISK,2.0,2.0,204.48,5,1,3,Male
51273,0,27.0,Loyal (25m+),STANDARD RISK,3.0,2.0,128.97,3,0,1,Female
51274,0,6.0,Growing (4-6m),STANDARD RISK,8.0,2.0,159.68,3,0,1,Male
51275,0,16.0,Mature (13-24m),STANDARD RISK,9.0,1.0,175.1,3,0,1,Male
51276,0,11.0,Established (7-12m),STANDARD RISK,2.0,1.0,129.91,4,1,2,Male
51277,0,28.0,Loyal (25m+),STANDARD RISK,4.0,1.0,296.36,4,1,2,Male
51278,0,4.0,Growing (4-6m),MEDIUM RISK,0.0,1.0,111.29,1,1,1,Female
51279,0,12.0,Established (7-12m),STANDARD RISK,10.0,2.0,233.41000000000005,5,0,3,Male
51280,0,15.0,Mature (13-24m),STANDARD RISK,7.0,3.0,143.32,3,0,1,Male
51281,0,4.0,Growing (4-6m),STANDARD RISK,3.0,4.0,210.31,3,0,1,Female
51282,0,27.0,Loyal (25m+),STANDARD RISK,4.0,1.0,144.4,5,1,1,Female
51283,0,0.0,New (0-3m),STANDARD RISK,2.0,1.0,146.17,3,0,1,Male
51284,0,0.0,New (0-3m),STANDARD RISK,4.0,1.0,126.47,1,0,1,Male
51285,0,13.0,Mature (13-24m),STANDARD RISK,4.0,9.0,163.23,3,0,1,Female
51286,0,13.0,Mature (13-24m),LOW RISK,10.0,5.0,156.77,4,0,3,Female
51287,0,9.0,Established (7-12m),STANDARD RISK,2.0,1.0,121.87,4,0,2,Female
51288,0,3.0,New (0-3m),STANDARD RISK,7.0,1.0,137.48,4,0,1,Male
51289,0,0.0,New (0-3m),STANDARD RISK,2.0,1.0,139.77,3,1,1,Male
51290,0,20.0,Mature (13-24m),STANDARD RISK,11.0,12.0,186.33,3,0,1,Male
51291,0,9.0,Established (7-12m),STANDARD RISK,0.0,1.0,120.08,3,0,1,Male
51292,0,11.0,Established (7-12m),STANDARD RISK,8.0,5.0,144.4,4,0,3,Male
51293,0,4.0,Growing (4-6m),STANDARD RISK,2.0,1.0,130.67,3,0,3,Male
51294,0,11.0,Established (7-12m),STANDARD RISK,7.0,7.0,153.21,3,0,1,Male
51295,0,15.0,Mature (13-24m),STANDARD RISK,2.0,1.0,154.1,5,1,1,Male
51296,0,14.0,Mature (13-24m),STANDARD RISK,0.0,1.0,127.82,1,0,1,Male
51297,0,20.0,Mature (13-24m),LOW RISK,3.0,5.0,219.57,4,0,1,Female
51298,0,8.0,Established (7-12m),STANDARD RISK,2.0,2.0,126.6,3,1,1,Male
51299,0,0.0,New (0-3m),STANDARD RISK,2.0,1.0,133.75,3,0,1,Male
51300,0,8.0,Established (7-12m),STANDARD RISK,8.0,1.0,150.98,3,0,1,Male
51301,0,6.0,Growing (4-6m),MEDIUM RISK,1.0,8.0,12.0,1,1,1,Female
51302,0,5.0,Growing (4-6m),STANDARD RISK,1.0,4.0,128.37,4,0,1,Female
51303,0,13.0,Mature (13-24m),STANDARD RISK,0.0,1.0,124.06,1,0,1,Male
51304,0,9.0,Established (7-12m),STANDARD RISK,2.0,2.0,122.69,4,0,3,Male
51305,0,12.0,Established (7-12m),STANDARD RISK,7.0,1.0,141.08,1,0,1,Male
51306,0,11.0,Established (7-12m),STANDARD RISK,11.0,2.0,232.06,3,0,1,Female
51307,0,5.0,Growing (4-6m),MEDIUM RISK,7.0,5.0,204.22,1,0,3,Female
51308,0,10.0,Established (7-12m),STANDARD RISK,8.0,2.0,237.44,1,1,1,Female
51309,0,0.0,New (0-3m),STANDARD RISK,4.0,1.0,149.07,3,1,3,Female
51310,0,25.0,Loyal (25m+),STANDARD RISK,0.0,1.0,134.82,1,0,3,Male
51311,0,17.0,Mature (13-24m),STANDARD RISK,2.0,1.0,124.36,1,1,1,Male
51312,0,0.0,New (0-3m),STANDARD RISK,2.0,1.0,123.8,5,1,3,Male
51313,0,12.0,Established (7-12m),STANDARD RISK,3.0,1.0,294.31,1,0,1,Male
51314,1,9.0,Established (7-12m),STANDARD RISK,0.0,1.0,117.9,5,0,3,Male
51315,0,9.0,Established (7-12m),STANDARD RISK,4.0,3.0,176.44,1,0,3,Female
51316,0,9.0,Established (7-12m),STANDARD RISK,2.0,1.0,151.31,4,0,1,Female
51317,0,29.0,Loyal (25m+),STANDARD RISK,9.0,1.0,163.06,3,0,1,Male
51318,1,0.0,New (0-3m),CRITICAL RISK,2.0,2.0,147.87,1,1,1,Male
51319,0,15.0,Mature (13-24m),STANDARD RISK,14.0,4.0,288.8,3,0,1,Male
51320,1,19.0,Mature (13-24m),STANDARD RISK,8.0,9.0,123.39,3,0,1,Male
51321,0,14.0,Mature (13-24m),LOW RISK,10.0,2.0,235.7,4,0,1,Female
51322,0,7.0,Established (7-12m),STANDARD RISK,7.0,1.0,167.12,3,0,3,Female
51323,0,9.0,Established (7-12m),STANDARD RISK,11.0,11.0,154.06,1,0,3,Male
51324,0,14.0,Mature (13-24m),LOW RISK,4.0,1.0,189.38,4,0,3,Male
51325,0,5.0,Growing (4-6m),STANDARD RISK,2.0,1.0,124.39,5,0,1,Male
51326,0,8.0,Established (7-12m),STANDARD RISK,7.0,1.0,188.37,1,1,2,Female
51327,0,11.0,Established (7-12m),STANDARD RISK,9.0,1.0,153.43,1,0,3,Female
51328,1,13.0,Mature (13-24m),STANDARD RISK,1.0,1.0,167.28,3,0,3,Male
51329,0,9.0,Established (7-12m),STANDARD RISK,0.0,1.0,166.52,1,0,3,Female
51330,0,18.0,Mature (13-24m),STANDARD RISK,1.0,1.0,148.5,3,0,3,Female
51331,0,13.0,Mature (13-24m),STANDARD RISK,2.0,2.0,128.09,3,0,1,Male
51332,0,8.0,Established (7-12m),STANDARD RISK,2.0,1.0,156.89,3,1,1,Male
51333,0,9.0,Established (7-12m),STANDARD RISK,2.0,1.0,120.01,3,0,1,Female
51334,0,8.0,Established (7-12m),STANDARD RISK,1.0,1.0,129.77,1,0,1,Female
51335,0,2.0,New (0-3m),STANDARD RISK,3.0,1.0,140.25,4,1,1,Male
51336,0,2.0,New (0-3m),STANDARD RISK,4.0,1.0,137.85,5,0,1,Female
51337,1,13.0,Mature (13-24m),STANDARD RISK,0.0,2.0,208.54,5,1,3,Male
51338,0,12.0,Established (7-12m),STANDARD RISK,3.0,9.0,220.31,1,0,3,Female
51339,0,4.0,Growing (4-6m),STANDARD RISK,7.0,1.0,199.36,5,0,1,Male
51340,0,0.0,New (0-3m),STANDARD RISK,0.0,1.0,129.66,3,0,3,Female
51341,0,9.0,Established (7-12m),STANDARD RISK,3.0,1.0,125.71,1,0,1,Male
51342,0,12.0,Established (7-12m),STANDARD RISK,7.0,1.0,199.91,5,0,1,Male
51343,0,0.0,New (0-3m),STANDARD RISK,3.0,1.0,161.42,4,1,1,Male
51344,0,22.0,Mature (13-24m),LOW RISK,8.0,1.0,153.9,4,0,3,Male
51345,0,7.0,Established (7-12m),STANDARD RISK,2.0,1.0,144.04,3,0,1,Male
51346,1,4.0,Growing (4-6m),MEDIUM RISK,5.0,1.0,159.93,1,1,3,Female
51347,0,22.0,Mature (13-24m),LOW RISK,7.0,1.0,151.3,4,0,1,Male
51348,1,9.0,Established (7-12m),STANDARD RISK,0.0,1.0,120.9,3,1,1,Male
51349,0,6.0,Growing (4-6m),STANDARD RISK,0.0,3.0,129.09,3,1,1,Female
51350,0,0.0,New (0-3m),STANDARD RISK,2.0,2.0,134.68,4,0,1,Male
51351,0,5.0,Growing (4-6m),MEDIUM RISK,6.0,3.0,130.68,1,0,1,Male
51352,0,30.0,Loyal (25m+),STANDARD RISK,0.0,1.0,126.7,5,1,1,Female
51353,0,3.0,New (0-3m),STANDARD RISK,0.0,1.0,126.93,3,0,1,Male
51354,0,11.0,Established (7-12m),STANDARD RISK,8.0,1.0,195.26,3,0,1,Male
51355,0,9.0,Established (7-12m),STANDARD RISK,7.0,7.0,152.37,3,0,1,Male
51356,0,8.0,Established (7-12m),STANDARD RISK,3.0,1.0,124.26,4,0,1,Male
51357,0,2.0,New (0-3m),STANDARD RISK,8.0,1.0,141.93,3,1,1,Female
51358,0,4.0,Growing (4-6m),STANDARD RISK,3.0,4.0,129.11,3,0,1,Male
51359,0,7.0,Established (7-12m),STANDARD RISK,2.0,1.0,126.61,1,0,1,Male
51360,1,9.0,Established (7-12m),STANDARD RISK,3.0,1.0,120.28,3,1,1,Male
51361,0,2.0,New (0-3m),STANDARD RISK,8.0,8.0,199.8,5,0,1,Female
51362,0,5.0,Growing (4-6m),STANDARD RISK,5.0,1.0,132.98,4,1,1,Male
51363,0,0.0,New (0-3m),CRITICAL RISK,0.0,1.0,129.35,1,1,1,Male
51364,0,26.0,Loyal (25m+),STANDARD RISK,7.0,2.0,254.27,1,0,3,Female
51365,0,11.0,Established (7-12m),STANDARD RISK,2.0,1.0,139.44,1,1,1,Male
51366,0,0.0,New (0-3m),STANDARD RISK,3.0,1.0,140.11,3,0,1,Female
51367,1,0.0,New (0-3m),STANDARD RISK,3.0,1.0,134.07,5,0,3,Male
51368,0,7.0,Established (7-12m),STANDARD RISK,3.0,2.0,219.94,4,0,1,Female
51369,0,9.0,Established (7-12m),STANDARD RISK,0.0,1.0,112.32,1,0,1,Male
51370,1,0.0,New (0-3m),STANDARD RISK,3.0,1.0,129.6,5,0,1,Male
51371,0,26.0,Loyal (25m+),STANDARD RISK,8.0,4.0,290.94,3,0,1,Female
51372,1,0.0,New (0-3m),STANDARD RISK,7.0,6.0,139.19,5,1,1,Female
51373,0,15.0,Mature (13-24m),LOW RISK,2.0,4.0,168.25,4,0,3,Male
51374,0,17.0,Mature (13-24m),STANDARD RISK,17.0,5.0,202.48,1,0,1,Female
51375,0,19.0,Mature (13-24m),LOW RISK,1.0,2.0,289.47,5,0,3,Female
51376,0,6.0,Growing (4-6m),MEDIUM RISK,0.0,1.0,124.96,1,0,1,Male
51377,0,17.0,Mature (13-24m),STANDARD RISK,3.0,1.0,164.65,1,1,1,Male
51378,0,9.0,Established (7-12m),STANDARD RISK,8.0,1.0,122.06,3,0,1,Male
51379,1,9.0,Established (7-12m),STANDARD RISK,0.0,1.0,120.86,1,0,3,Male
51380,1,9.0,Established (7-12m),STANDARD RISK,0.0,2.0,122.93,1,1,1,Male
51381,0,16.0,Mature (13-24m),STANDARD RISK,4.0,1.0,126.45,3,0,1,Female
51382,1,13.0,Mature (13-24m),STANDARD RISK,2.0,1.0,126.83,3,1,3,Male
51383,0,9.0,Established (7-12m),STANDARD RISK,2.0,2.0,120.14,1,0,3,Female
51384,0,9.0,Established (7-12m),STANDARD RISK,0.0,1.0,134.19,5,1,1,Female
51385,0,6.0,Growing (4-6m),STANDARD RISK,3.0,1.0,153.76,5,0,3,Female
51386,0,9.0,Established (7-12m),STANDARD RISK,0.0,1.0,119.51,1,0,1,Male
51387,0,0.0,New (0-3m),STANDARD RISK,0.0,1.0,123.41,5,0,1,Female
51388,1,9.0,Established (7-12m),STANDARD RISK,1.0,1.0,122.93,3,0,1,Male
51389,0,0.0,New (0-3m),STANDARD RISK,7.0,1.0,187.26,3,0,3,Male
51390,0,3.0,New (0-3m),STANDARD RISK,7.0,3.0,140.11,1,0,1,Female
51391,1,4.0,Growing (4-6m),STANDARD RISK,8.0,15.0,295.45,3,0,1,Female
51392,0,7.0,Established (7-12m),STANDARD RISK,7.0,8.0,145.68,3,0,3,Male
51393,0,10.0,Established (7-12m),STANDARD RISK,0.0,1.0,130.22,4,0,1,Male
51394,0,19.0,Mature (13-24m),STANDARD RISK,8.0,1.0,157.72,1,1,3,Male
51395,0,9.0,Established (7-12m),STANDARD RISK,1.0,1.0,122.69,1,0,1,Male
51396,1,11.0,Established (7-12m),STANDARD RISK,0.0,1.0,153.81,3,1,1,Male
51397,1,0.0,New (0-3m),STANDARD RISK,2.0,2.0,134.41,3,1,1,Male
51398,0,17.0,Mature (13-24m),STANDARD RISK,3.0,1.0,154.54,5,1,3,Female
51399,0,8.0,Established (7-12m),STANDARD RISK,3.0,2.0,198.84,5,1,1,Male
51400,0,0.0,New (0-3m),CRITICAL RISK,0.0,1.0,141.57,1,1,3,Female
51401,0,6.0,Growing (4-6m),MEDIUM RISK,12.0,2.0,234.58,1,1,1,Female
51402,0,8.0,Established (7-12m),STANDARD RISK,8.0,1.0,190.69,5,0,3,Male
51403,0,8.0,Established (7-12m),STANDARD RISK,2.0,2.0,140.14,5,1,1,Female
51404,0,4.0,Growing (4-6m),MEDIUM RISK,7.0,1.0,159.15,1,0,1,Male
51405,0,10.0,Established (7-12m),STANDARD RISK,7.0,1.0,159.93,3,0,1,Male
51406,0,5.0,Growing (4-6m),MEDIUM RISK,8.0,7.0,161.62,1,1,1,Male
51407,0,11.0,Established (7-12m),STANDARD RISK,9.0,9.0,124.06,1,0,1,Female
51408,0,23.0,Mature (13-24m),STANDARD RISK,8.0,13.0,287.4,3,1,1,Female
51409,0,30.0,Loyal (25m+),LOW RISK,9.0,7.0,176.37,5,0,3,Female
51410,0,9.0,Established (7-12m),STANDARD RISK,8.0,12.0,200.96,3,0,1,Female
51411,0,28.0,Loyal (25m+),STANDARD RISK,2.0,2.0,247.56,3,1,1,Female
51412,0,9.0,Established (7-12m),STANDARD RISK,3.0,1.0,164.99,4,0,1,Male
51413,0,18.0,Mature (13-24m),LOW RISK,0.0,1.0,197.24,5,0,1,Male
51414,0,9.0,Established (7-12m),STANDARD RISK,2.0,1.0,121.94,5,0,1,Male
51415,1,0.0,New (0-3m),STANDARD RISK,0.0,1.0,133.88,3,1,1,Male
51416,0,30.0,Loyal (25m+),STANDARD RISK,3.0,1.0,154.73,3,0,3,Female
51417,0,2.0,New (0-3m),STANDARD RISK,4.0,1.0,127.03,4,0,1,Male
51418,0,4.0,Growing (4-6m),STANDARD RISK,0.0,1.0,125.01,4,0,1,Male
51419,0,5.0,Growing (4-6m),STANDARD RISK,9.0,1.0,162.2,4,0,1,Male
51420,0,9.0,Established (7-12m),STANDARD RISK,0.0,1.0,130.38,1,0,1,Female
51421,0,4.0,Growing (4-6m),MEDIUM RISK,8.0,1.0,144.24,1,0,1,Female
51422,0,8.0,Established (7-12m),STANDARD RISK,8.0,2.0,143.12,5,0,3,Male
51423,0,18.0,Mature (13-24m),STANDARD RISK,0.0,2.0,232.45,5,1,1,Male
51424,0,10.0,Established (7-12m),STANDARD RISK,2.0,2.0,236.64,3,0,1,Male
51425,0,19.0,Mature (13-24m),STANDARD RISK,2.0,1.0,150.21,4,1,2,Male
51426,0,3.0,New (0-3m),CRITICAL RISK,0.0,3.0,151.26,1,1,1,Male
51427,0,8.0,Established (7-12m),STANDARD RISK,4.0,1.0,128.59,3,0,1,Male
51428,0,28.0,Loyal (25m+),STANDARD RISK,0.0,1.0,202.39,1,0,3,Male
51429,0,11.0,Established (7-12m),STANDARD RISK,9.0,1.0,153.29,1,1,1,Female
51430,0,7.0,Established (7-12m),STANDARD RISK,3.0,1.0,143.25,4,0,1,Male
51431,0,29.0,Loyal (25m+),STANDARD RISK,2.0,1.0,172.6,1,0,1,Male
51432,0,0.0,New (0-3m),STANDARD RISK,0.0,1.0,123.22,5,0,3,Male
51433,0,9.0,Established (7-12m),STANDARD RISK,3.0,1.0,120.75,1,0,1,Male
51434,0,3.0,New (0-3m),STANDARD RISK,8.0,10.0,141.52,1,0,1,Male
51435,1,9.0,Established (7-12m),STANDARD RISK,7.0,4.0,196.19,1,0,3,Male
51436,0,13.0,Mature (13-24m),LOW RISK,11.0,2.0,235.03,4,0,1,Male
51437,0,24.0,Mature (13-24m),STANDARD RISK,0.0,1.0,154.41,1,1,3,Male
51438,0,3.0,New (0-3m),STANDARD RISK,7.0,2.0,152.09,4,1,3,Female
51439,0,19.0,Mature (13-24m),STANDARD RISK,5.0,9.0,206.73,5,1,1,Male
51440,0,5.0,Growing (4-6m),STANDARD RISK,7.0,5.0,150.1,3,0,3,Male
51441,0,27.0,Loyal (25m+),STANDARD RISK,3.0,2.0,235.49,3,0,1,Female
51442,0,0.0,New (0-3m),STANDARD RISK,2.0,1.0,149.99,3,0,3,Female
51443,0,1.0,New (0-3m),STANDARD RISK,4.0,1.0,142.21,3,0,3,Male
51444,0,30.0,Loyal (25m+),STANDARD RISK,8.0,2.0,238.72000000000003,3,0,3,Male
51445,0,9.0,Established (7-12m),STANDARD RISK,2.0,1.0,120.42,4,0,1,Male
51446,1,9.0,Established (7-12m),STANDARD RISK,2.0,1.0,120.73,5,1,2,Male
51447,0,5.0,Growing (4-6m),STANDARD RISK,0.0,1.0,129.56,5,0,1,Male
51448,1,0.0,New (0-3m),CRITICAL RISK,0.0,1.0,129.26,1,1,1,Female
51449,0,7.0,Established (7-12m),STANDARD RISK,10.0,2.0,148.09,3,0,1,Female
51450,0,10.0,Established (7-12m),STANDARD RISK,0.0,1.0,151.63,1,0,1,Male
51451,0,30.0,Loyal (25m+),STANDARD RISK,2.0,2.0,288.44,1,0,2,Female
51452,0,23.0,Mature (13-24m),STANDARD RISK,7.0,1.0,281.72,4,1,1,Female
51453,1,0.0,New (0-3m),STANDARD RISK,3.0,1.0,157.44,3,1,3,Male
51454,0,0.0,New (0-3m),STANDARD RISK,1.0,2.0,128.89,1,0,1,Male
51455,0,0.0,New (0-3m),STANDARD RISK,0.0,1.0,128.71,1,0,1,Female
51456,0,24.0,Mature (13-24m),LOW RISK,8.0,12.0,174.84,5,0,1,Female
51457,1,0.0,New (0-3m),STANDARD RISK,6.0,1.0,160.74,3,1,1,Male
51458,0,27.0,Loyal (25m+),STANDARD RISK,4.0,4.0,273.28,1,1,2,Female
51459,0,0.0,New (0-3m),STANDARD RISK,2.0,1.0,127.74,3,0,1,Male
51460,0,7.0,Established (7-12m),STANDARD RISK,0.0,1.0,145.05,4,0,1,Female
51461,0,10.0,Established (7-12m),STANDARD RISK,3.0,1.0,174.28,1,0,3,Male
51462,0,7.0,Established (7-12m),STANDARD RISK,3.0,5.0,216.31,5,0,1,Female
51463,0,9.0,Established (7-12m),STANDARD RISK,8.0,2.0,197.38,1,0,3,Female
51464,0,9.0,Established (7-12m),STANDARD RISK,0.0,1.0,128.35,1,0,1,Female
51465,0,16.0,Mature (13-24m),STANDARD RISK,12.0,4.0,269.59,1,1,3,Male
51466,0,3.0,New (0-3m),STANDARD RISK,9.0,1.0,126.13,3,0,1,Male
51467,0,6.0,Growing (4-6m),STANDARD RISK,7.0,1.0,161.46,4,0,3,Male
51468,1,19.0,Mature (13-24m),STANDARD RISK,3.0,4.0,149.63,4,1,1,Female
51469,0,24.0,Mature (13-24m),STANDARD RISK,15.0,15.0,295.37,3,0,1,Male
51470,1,0.0,New (0-3m),STANDARD RISK,7.0,7.0,161.72,3,1,3,Male
51471,0,0.0,New (0-3m),STANDARD RISK,3.0,4.0,123.68,4,0,1,Female
51472,1,20.0,Mature (13-24m),STANDARD RISK,6.0,15.0,203.12,1,0,1,Female
51473,1,9.0,Established (7-12m),STANDARD RISK,0.0,1.0,116.75,3,1,3,Male
51474,0,0.0,New (0-3m),STANDARD RISK,1.0,2.0,125.23,1,0,1,Male
51475,0,22.0,Mature (13-24m),LOW RISK,11.0,5.0,165.67,5,0,1,Female
51476,0,16.0,Mature (13-24m),STANDARD RISK,2.0,1.0,147.39,3,0,1,Female
51477,0,23.0,Mature (13-24m),STANDARD RISK,1.0,2.0,192.08,1,0,3,Female
51478,1,0.0,New (0-3m),STANDARD RISK,2.0,2.0,145.59,3,1,3,Female
51479,0,14.0,Mature (13-24m),STANDARD RISK,7.0,1.0,181.89,3,1,3,Male
51480,0,0.0,New (0-3m),STANDARD RISK,7.0,5.0,129.42,3,0,2,Female
51481,0,9.0,Established (7-12m),STANDARD RISK,1.0,1.0,149.41,4,0,1,Male
51482,1,14.0,Mature (13-24m),STANDARD RISK,3.0,1.0,206.5,1,0,1,Male
51483,0,12.0,Established (7-12m),STANDARD RISK,9.0,5.0,159.02,3,0,3,Female
51484,0,0.0,New (0-3m),STANDARD RISK,2.0,2.0,186.39,3,0,3,Male
51485,0,3.0,New (0-3m),CRITICAL RISK,7.0,4.0,163.47,1,1,2,Male
51486,1,0.0,New (0-3m),STANDARD RISK,4.0,1.0,142.0,5,0,1,Female
51487,0,18.0,Mature (13-24m),STANDARD RISK,3.0,1.0,134.52,1,0,1,Male
51488,0,11.0,Established (7-12m),STANDARD RISK,2.0,2.0,143.17,3,1,1,Female
51489,0,3.0,New (0-3m),STANDARD RISK,4.0,1.0,126.32,3,0,1,Female
51490,0,5.0,Growing (4-6m),MEDIUM RISK,7.0,1.0,146.68,1,0,3,Male
51491,0,3.0,New (0-3m),STANDARD RISK,30.0,2.0,132.04,5,0,1,Female
51492,0,3.0,New (0-3m),STANDARD RISK,2.0,1.0,127.2,1,0,1,Male
51493,0,14.0,Mature (13-24m),LOW RISK,7.0,7.0,271.81,5,0,1,Male
51494,0,9.0,Established (7-12m),STANDARD RISK,4.0,1.0,122.38,5,0,1,Male
51495,0,9.0,Established (7-12m),STANDARD RISK,0.0,1.0,114.83,4,0,1,Female
51496,0,13.0,Mature (13-24m),LOW RISK,13.0,2.0,156.05,4,0,1,Female
51497,0,8.0,Established (7-12m),STANDARD RISK,6.0,1.0,172.95,4,0,3,Male
51498,0,9.0,Established (7-12m),STANDARD RISK,5.0,4.0,123.06,3,1,3,Male
51499,0,18.0,Mature (13-24m),LOW RISK,15.0,1.0,123.48,4,0,1,Male
51500,0,5.0,Growing (4-6m),MEDIUM RISK,7.0,3.0,189.98,1,0,3,Female
51501,0,2.0,New (0-3m),STANDARD RISK,9.0,1.0,143.19,3,0,1,Male
51502,0,24.0,Mature (13-24m),STANDARD RISK,0.0,1.0,161.32,3,0,1,Male
51503,0,30.0,Loyal (25m+),STANDARD RISK,0.0,1.0,133.46,4,1,1,Female
51504,0,13.0,Mature (13-24m),STANDARD RISK,11.0,2.0,208.55,1,0,3,Male
51505,0,9.0,Established (7-12m),STANDARD RISK,2.0,1.0,122.31,3,0,3,Female
51506,0,0.0,New (0-3m),STANDARD RISK,2.0,2.0,123.23,1,0,1,Male
51507,0,9.0,Established (7-12m),STANDARD RISK,2.0,2.0,120.24,4,0,1,Male
51508,0,1.0,New (0-3m),STANDARD RISK,2.0,1.0,127.13,1,0,1,Male
51509,0,30.0,Loyal (25m+),STANDARD RISK,4.0,1.0,194.39,1,1,1,Male
51510,0,0.0,New (0-3m),STANDARD RISK,1.0,1.0,125.66,3,1,1,Male
51511,0,23.0,Mature (13-24m),LOW RISK,4.0,4.0,299.26,4,0,1,Female
51512,0,14.0,Mature (13-24m),STANDARD RISK,8.0,1.0,124.51,3,0,1,Male
51513,0,3.0,New (0-3m),STANDARD RISK,4.0,7.0,194.19,1,0,3,Female
51514,0,11.0,Established (7-12m),STANDARD RISK,7.0,1.0,186.86,1,0,3,Female
51515,0,5.0,Growing (4-6m),STANDARD RISK,4.0,1.0,130.38,3,0,1,Male
51516,0,0.0,New (0-3m),STANDARD RISK,1.0,1.0,130.58,4,1,1,Male
51517,1,0.0,New (0-3m),STANDARD RISK,0.0,1.0,123.25,5,0,3,Female
51518,0,9.0,Established (7-12m),STANDARD RISK,2.0,7.0,120.88,4,0,1,Male
51519,0,3.0,New (0-3m),STANDARD RISK,10.0,6.0,130.72,5,0,1,Male
51520,0,18.0,Mature (13-24m),STANDARD RISK,3.0,1.0,150.06,5,1,3,Female
51521,0,29.0,Loyal (25m+),STANDARD RISK,2.0,2.0,142.57,5,1,1,Female
51522,0,6.0,Growing (4-6m),MEDIUM RISK,2.0,1.0,125.0,1,0,1,Male
51523,1,0.0,New (0-3m),STANDARD RISK,0.0,1.0,111.02,1,0,1,Male
51524,0,19.0,Mature (13-24m),LOW RISK,7.0,15.0,204.53,5,0,3,Female
51525,0,9.0,Established (7-12m),STANDARD RISK,1.0,2.0,122.88,1,0,1,Female
51526,0,4.0,Growing (4-6m),MEDIUM RISK,2.0,1.0,139.29,1,1,1,Female
51527,0,9.0,Established (7-12m),STANDARD RISK,2.0,1.0,123.11,4,0,1,Female
51528,1,4.0,Growing (4-6m),STANDARD RISK,2.0,1.0,131.4,4,1,3,Female
51529,0,23.0,Mature (13-24m),STANDARD RISK,2.0,1.0,136.9,3,0,1,Male
51530,0,26.0,Loyal (25m+),LOW RISK,3.0,1.0,144.5,5,0,1,Female
51531,0,6.0,Growing (4-6m),STANDARD RISK,6.0,1.0,127.56,4,0,1,Female
51532,0,13.0,Mature (13-24m),STANDARD RISK,9.0,9.0,290.33,3,0,1,Female
51533,0,28.0,Loyal (25m+),LOW RISK,15.0,2.0,287.22,4,0,1,Male
51534,0,7.0,Established (7-12m),STANDARD RISK,9.0,1.0,195.47,3,0,1,Male
51535,0,24.0,Mature (13-24m),LOW RISK,0.0,2.0,237.34,4,0,1,Female
51536,0,25.0,Loyal (25m+),STANDARD RISK,9.0,11.0,299.99,3,0,1,Male
51537,0,9.0,Established (7-12m),STANDARD RISK,3.0,1.0,122.79,4,0,1,Female
51538,1,0.0,New (0-3m),STANDARD RISK,1.0,1.0,159.16,3,1,1,Male
51539,0,9.0,Established (7-12m),STANDARD RISK,2.0,2.0,120.89,1,0,1,Male
51540,0,18.0,Mature (13-24m),STANDARD RISK,8.0,11.0,267.92,1,0,1,Male
51541,0,10.0,Established (7-12m),STANDARD RISK,7.0,1.0,135.64,5,1,1,Male
51542,0,8.0,Established (7-12m),STANDARD RISK,2.0,1.0,144.25,4,0,1,Female
51543,0,15.0,Mature (13-24m),STANDARD RISK,2.0,1.0,152.65,3,0,1,Female
51544,0,11.0,Established (7-12m),STANDARD RISK,0.0,1.0,165.53,3,0,1,Male
51545,0,11.0,Established (7-12m),STANDARD RISK,7.0,1.0,162.61,1,0,1,Male
51546,0,0.0,New (0-3m),STANDARD RISK,0.0,2.0,142.98,5,0,1,Male
51547,0,22.0,Mature (13-24m),STANDARD RISK,7.0,1.0,168.04,1,1,1,Male
51548,0,7.0,Established (7-12m),STANDARD RISK,0.0,2.0,138.15,3,1,1,Male
51549,0,13.0,Mature (13-24m),STANDARD RISK,7.0,3.0,127.41,1,1,1,Male
51550,1,1.0,New (0-3m),STANDARD RISK,0.0,1.0,166.73,5,1,1,Male
51551,1,0.0,New (0-3m),STANDARD RISK,9.0,1.0,176.39,1,0,3,Female
51552,0,0.0,New (0-3m),STANDARD RISK,2.0,2.0,123.28,4,1,1,Male
51553,0,9.0,Established (7-12m),STANDARD RISK,7.0,1.0,121.53,1,0,1,Female
51554,0,13.0,Mature (13-24m),STANDARD RISK,2.0,1.0,148.76,1,0,1,Male
51555,0,19.0,Mature (13-24m),LOW RISK,3.0,1.0,193.96,5,0,1,Male
51556,1,0.0,New (0-3m),STANDARD RISK,8.0,9.0,204.0,1,0,3,Male
51557,0,3.0,New (0-3m),STANDARD RISK,8.0,5.0,184.74,3,0,1,Male
51558,0,0.0,New (0-3m),STANDARD RISK,7.0,1.0,199.81,3,0,3,Female
51559,0,24.0,Mature (13-24m),LOW RISK,3.0,4.0,224.9,4,0,1,Male
51560,1,0.0,New (0-3m),STANDARD RISK,4.0,1.0,126.57,5,1,1,Female
51561,0,14.0,Mature (13-24m),STANDARD RISK,0.0,2.0,235.91000000000005,1,1,3,Female
51562,1,0.0,New (0-3m),STANDARD RISK,1.0,1.0,166.96,5,0,3,Female
51563,1,9.0,Established (7-12m),STANDARD RISK,5.0,1.0,120.58,3,0,1,Male
51564,0,18.0,Mature (13-24m),STANDARD RISK,8.0,12.0,188.65,1,0,3,Female
51565,0,27.0,Loyal (25m+),LOW RISK,5.0,1.0,159.4,5,0,3,Female
51566,0,9.0,Established (7-12m),STANDARD RISK,7.0,3.0,159.14,4,0,1,Male
51567,0,6.0,Growing (4-6m),STANDARD RISK,1.0,1.0,126.22,4,0,1,Female
51568,0,10.0,Established (7-12m),STANDARD RISK,3.0,1.0,221.85,1,1,1,Male
51569,0,11.0,Established (7-12m),STANDARD RISK,13.0,5.0,206.09,3,0,3,Male
51570,0,4.0,Growing (4-6m),STANDARD RISK,4.0,1.0,143.45,3,0,1,Male
51571,0,9.0,Established (7-12m),STANDARD RISK,0.0,1.0,121.77,1,0,1,Male
51572,0,10.0,Established (7-12m),STANDARD RISK,8.0,5.0,127.93,1,0,3,Male
51573,0,2.0,New (0-3m),STANDARD RISK,1.0,4.0,179.18,1,0,3,Female
51574,0,8.0,Established (7-12m),STANDARD RISK,8.0,1.0,187.89,3,0,3,Female
51575,1,0.0,New (0-3m),CRITICAL RISK,1.0,1.0,123.89,1,1,1,Male
51576,0,25.0,Loyal (25m+),STANDARD RISK,2.0,2.0,132.12,1,0,1,Female
51577,0,15.0,Mature (13-24m),STANDARD RISK,15.0,11.0,292.32,1,0,1,Male
51578,0,9.0,Established (7-12m),STANDARD RISK,2.0,2.0,122.67,3,0,2,Male
51579,0,23.0,Mature (13-24m),STANDARD RISK,6.0,1.0,295.17,1,0,3,Female
51580,1,0.0,New (0-3m),CRITICAL RISK,4.0,1.0,124.36,1,1,1,Male
51581,0,16.0,Mature (13-24m),STANDARD RISK,9.0,2.0,260.64,1,1,3,Female
51582,1,0.0,New (0-3m),STANDARD RISK,7.0,1.0,127.07,5,0,1,Female
51583,0,25.0,Loyal (25m+),STANDARD RISK,12.0,15.0,290.68,3,1,3,Male
51584,0,5.0,Growing (4-6m),STANDARD RISK,2.0,1.0,139.31,4,0,3,Female
51585,1,0.0,New (0-3m),STANDARD RISK,2.0,1.0,137.3,3,1,1,Male
51586,0,9.0,Established (7-12m),STANDARD RISK,2.0,1.0,122.32,3,0,1,Female
51587,0,5.0,Growing (4-6m),MEDIUM RISK,2.0,2.0,144.65,1,0,3,Male
51588,0,14.0,Mature (13-24m),LOW RISK,0.0,1.0,130.72,5,0,1,Male
51589,0,13.0,Mature (13-24m),STANDARD RISK,7.0,4.0,133.19,1,0,1,Male
51590,0,18.0,Mature (13-24m),STANDARD RISK,7.0,1.0,292.02,1,0,1,Male
51591,0,4.0,Growing (4-6m),STANDARD RISK,2.0,2.0,236.75,3,0,1,Male
51592,0,6.0,Growing (4-6m),MEDIUM RISK,2.0,1.0,129.11,1,0,1,Female
51593,0,7.0,Established (7-12m),STANDARD RISK,9.0,5.0,159.57,5,0,1,Male
51594,0,10.0,Established (7-12m),STANDARD RISK,2.0,1.0,139.2,5,0,1,Female
51595,0,18.0,Mature (13-24m),STANDARD RISK,2.0,1.0,164.34,3,0,1,Male
51596,1,0.0,New (0-3m),STANDARD RISK,0.0,1.0,200.48,3,0,1,Male
51597,0,12.0,Established (7-12m),STANDARD RISK,3.0,11.0,209.38,3,0,1,Female
51598,0,2.0,New (0-3m),STANDARD RISK,5.0,1.0,123.4,1,0,1,Male
51599,0,15.0,Mature (13-24m),STANDARD RISK,2.0,1.0,165.45,5,1,1,Female
51600,0,2.0,New (0-3m),STANDARD RISK,2.0,1.0,169.31,1,0,3,Male
51601,0,0.0,New (0-3m),STANDARD RISK,2.0,1.0,148.98,3,0,1,Female
51602,0,15.0,Mature (13-24m),STANDARD RISK,8.0,7.0,125.93,5,1,1,Female
51603,0,13.0,Mature (13-24m),STANDARD RISK,9.0,3.0,294.36,3,0,1,Male
51604,0,24.0,Mature (13-24m),STANDARD RISK,0.0,1.0,127.23,1,0,1,Male
51605,1,0.0,New (0-3m),STANDARD RISK,4.0,1.0,134.79,4,0,1,Male
51606,0,5.0,Growing (4-6m),STANDARD RISK,3.0,1.0,127.94,4,0,1,Male
51607,0,11.0,Established (7-12m),STANDARD RISK,5.0,7.0,152.49,1,0,3,Male
51608,0,9.0,Established (7-12m),STANDARD RISK,4.0,1.0,121.76,5,0,1,Male
51609,0,19.0,Mature (13-24m),STANDARD RISK,7.0,7.0,268.72,4,1,3,Female
51610,1,0.0,New (0-3m),STANDARD RISK,0.0,1.0,134.85,3,0,1,Male
51611,0,2.0,New (0-3m),STANDARD RISK,0.0,1.0,166.44,4,0,3,Male
51612,0,4.0,Growing (4-6m),MEDIUM RISK,8.0,7.0,155.82,1,0,1,Male
51613,0,0.0,New (0-3m),STANDARD RISK,5.0,1.0,140.0,5,0,1,Male
51614,0,18.0,Mature (13-24m),STANDARD RISK,10.0,2.0,234.96,1,1,1,Male
51615,0,9.0,Established (7-12m),STANDARD RISK,11.0,10.0,132.1,1,0,1,Male
51616,0,28.0,Loyal (25m+),STANDARD RISK,13.0,4.0,290.45,5,1,1,Male
51617,1,10.0,Established (7-12m),STANDARD RISK,3.0,9.0,218.49,4,1,1,Male
51618,0,9.0,Established (7-12m),STANDARD RISK,4.0,1.0,120.7,1,0,1,Male
51619,0,10.0,Established (7-12m),STANDARD RISK,1.0,1.0,165.02,1,0,3,Male
51620,0,0.0,New (0-3m),STANDARD RISK,0.0,1.0,132.3,3,0,1,Male
51621,0,10.0,Established (7-12m),STANDARD RISK,2.0,2.0,236.03,1,1,1,Female
51622,0,8.0,Established (7-12m),STANDARD RISK,3.0,6.0,219.96,4,0,1,Female
51623,0,11.0,Established (7-12m),STANDARD RISK,7.0,7.0,156.05,5,1,3,Female
51624,0,0.0,New (0-3m),STANDARD RISK,4.0,1.0,163.97,4,0,1,Female
51625,0,23.0,Mature (13-24m),LOW RISK,6.0,1.0,291.44,4,0,1,Male
51626,0,26.0,Loyal (25m+),STANDARD RISK,3.0,1.0,275.84,3,1,1,Male
51627,0,15.0,Mature (13-24m),STANDARD RISK,6.0,11.0,149.07,3,0,3,Male
51628,0,2.0,New (0-3m),STANDARD RISK,9.0,1.0,145.54,1,0,3,Male
51629,0,28.0,Loyal (25m+),STANDARD RISK,8.0,1.0,154.15,1,1,1,Male
51630,0,0.0,New (0-3m),STANDARD RISK,3.0,3.0,147.41,5,1,1,Male
51631,0,9.0,Established (7-12m),STANDARD RISK,7.0,5.0,121.15,1,0,1,Female
51632,1,7.0,Established (7-12m),STANDARD RISK,0.0,1.0,131.61,3,1,1,Male
51633,0,11.0,Established (7-12m),STANDARD RISK,2.0,1.0,157.45,1,0,1,Male
51634,1,0.0,New (0-3m),STANDARD RISK,2.0,1.0,123.73,4,1,1,Male
51635,0,1.0,New (0-3m),STANDARD RISK,2.0,1.0,133.1,1,0,1,Female
51636,0,22.0,Mature (13-24m),STANDARD RISK,2.0,1.0,286.65,5,1,1,Female
51637,0,9.0,Established (7-12m),STANDARD RISK,7.0,7.0,144.85,4,0,1,Male
51638,0,4.0,Growing (4-6m),STANDARD RISK,2.0,2.0,127.89,4,0,3,Female
51639,1,0.0,New (0-3m),CRITICAL RISK,4.0,7.0,158.28,1,1,3,Male
51640,0,10.0,Established (7-12m),STANDARD RISK,2.0,1.0,123.26,1,1,1,Male
51641,0,15.0,Mature (13-24m),LOW RISK,8.0,2.0,235.25,4,0,3,Female
51642,1,9.0,Established (7-12m),STANDARD RISK,0.0,1.0,114.2,3,0,1,Male
51643,0,8.0,Established (7-12m),STANDARD RISK,9.0,6.0,180.2,4,0,3,Male
51644,0,9.0,Established (7-12m),STANDARD RISK,0.0,1.0,136.88,1,0,1,Male
51645,0,24.0,Mature (13-24m),LOW RISK,2.0,1.0,154.82,4,0,1,Male
51646,0,14.0,Mature (13-24m),LOW RISK,4.0,2.0,260.15,4,0,3,Male
51647,0,9.0,Established (7-12m),STANDARD RISK,0.0,1.0,112.0,3,0,3,Female
51648,0,1.0,New (0-3m),STANDARD RISK,7.0,1.0,156.61,5,0,1,Male
51649,0,4.0,Growing (4-6m),MEDIUM RISK,7.0,7.0,169.29,1,0,3,Male
51650,0,12.0,Established (7-12m),STANDARD RISK,7.0,3.0,196.13,1,0,1,Male
51651,0,9.0,Established (7-12m),STANDARD RISK,8.0,1.0,156.74,4,0,1,Female
51652,0,5.0,Growing (4-6m),STANDARD RISK,8.0,4.0,154.84,3,0,3,Male
51653,0,11.0,Established (7-12m),STANDARD RISK,3.0,1.0,220.61,4,0,1,Female
51654,0,30.0,Loyal (25m+),STANDARD RISK,2.0,1.0,156.6,3,1,1,Male
51655,0,4.0,Growing (4-6m),MEDIUM RISK,3.0,1.0,148.21,1,1,1,Male
51656,0,4.0,Growing (4-6m),STANDARD RISK,0.0,1.0,164.1,5,0,2,Male
51657,0,18.0,Mature (13-24m),LOW RISK,11.0,9.0,152.1,5,0,1,Male
51658,0,4.0,Growing (4-6m),MEDIUM RISK,2.0,2.0,126.95,1,1,1,Male
51659,0,6.0,Growing (4-6m),STANDARD RISK,3.0,8.0,218.78,4,0,1,Female
51660,0,0.0,New (0-3m),STANDARD RISK,10.0,11.0,270.68,5,1,1,Male
51661,0,16.0,Mature (13-24m),STANDARD RISK,7.0,1.0,124.55,1,0,1,Female
51662,0,22.0,Mature (13-24m),STANDARD RISK,7.0,2.0,239.64,3,1,1,Female
51663,1,15.0,Mature (13-24m),LOW RISK,7.0,7.0,149.41,4,0,1,Male
51664,0,0.0,New (0-3m),STANDARD RISK,2.0,1.0,124.78,4,1,1,Female
51665,0,5.0,Growing (4-6m),STANDARD RISK,9.0,11.0,152.28,4,1,3,Female
51666,0,0.0,New (0-3m),STANDARD RISK,4.0,1.0,144.78,3,1,3,Male
51667,0,4.0,Growing (4-6m),MEDIUM RISK,7.0,1.0,175.47,1,0,3,Male
51668,0,5.0,Growing (4-6m),MEDIUM RISK,7.0,1.0,150.55,1,0,1,Female
51669,1,0.0,New (0-3m),CRITICAL RISK,2.0,2.0,134.64,1,1,1,Male
51670,0,3.0,New (0-3m),STANDARD RISK,9.0,1.0,157.75,1,0,1,Female
51671,0,4.0,Growing (4-6m),STANDARD RISK,9.0,8.0,189.43,3,0,1,Female
51672,0,12.0,Established (7-12m),STANDARD RISK,3.0,13.0,292.72,1,0,1,Male
51673,1,2.0,New (0-3m),STANDARD RISK,0.0,1.0,152.38,3,1,3,Female
51674,0,6.0,Growing (4-6m),MEDIUM RISK,1.0,1.0,146.82,1,0,3,Male
51675,0,20.0,Mature (13-24m),STANDARD RISK,1.0,1.0,283.0,3,0,1,Male
51676,0,16.0,Mature (13-24m),STANDARD RISK,0.0,1.0,152.57,3,0,1,Female
51677,0,0.0,New (0-3m),STANDARD RISK,4.0,1.0,163.49,4,1,3,Male
51678,0,27.0,Loyal (25m+),STANDARD RISK,3.0,1.0,148.69,3,0,1,Female
51679,0,16.0,Mature (13-24m),LOW RISK,0.0,1.0,199.85,5,0,1,Female
51680,0,18.0,Mature (13-24m),STANDARD RISK,8.0,9.0,136.97,1,0,1,Male
51681,0,13.0,Mature (13-24m),STANDARD RISK,2.0,1.0,174.57,1,1,3,Male
51682,1,9.0,Established (7-12m),STANDARD RISK,7.0,1.0,121.19,5,1,1,Male
51683,0,2.0,New (0-3m),STANDARD RISK,2.0,2.0,139.83,1,0,1,Male
51684,0,3.0,New (0-3m),STANDARD RISK,2.0,1.0,161.18,3,0,3,Female
51685,0,0.0,New (0-3m),STANDARD RISK,7.0,1.0,162.14,4,0,3,Female
51686,0,10.0,Established (7-12m),STANDARD RISK,4.0,1.0,163.47,1,0,1,Male
51687,0,11.0,Established (7-12m),STANDARD RISK,3.0,2.0,215.1,1,1,1,Male
51688,0,4.0,Growing (4-6m),MEDIUM RISK,10.0,4.0,171.43,1,1,1,Female
51689,0,2.0,New (0-3m),STANDARD RISK,7.0,1.0,182.68,4,1,3,Female
51690,0,8.0,Established (7-12m),STANDARD RISK,13.0,1.0,180.95,4,0,1,Male
51691,0,0.0,New (0-3m),STANDARD RISK,2.0,1.0,129.04,1,0,1,Male
51692,0,14.0,Mature (13-24m),STANDARD RISK,2.0,1.0,160.32,4,1,1,Male
51693,0,20.0,Mature (13-24m),STANDARD RISK,0.0,1.0,129.76,3,0,3,Male
51694,0,15.0,Mature (13-24m),STANDARD RISK,0.0,2.0,259.92,1,0,1,Female
51695,0,2.0,New (0-3m),STANDARD RISK,2.0,1.0,146.49,3,0,3,Male
51696,0,15.0,Mature (13-24m),STANDARD RISK,0.0,1.0,126.96,3,1,2,Male
51697,0,5.0,Growing (4-6m),STANDARD RISK,7.0,1.0,123.7,4,0,1,Female
51698,0,21.0,Mature (13-24m),STANDARD RISK,3.0,1.0,225.04,3,0,3,Female
51699,0,10.0,Established (7-12m),STANDARD RISK,7.0,6.0,159.74,5,1,1,Male
51700,0,3.0,New (0-3m),STANDARD RISK,2.0,2.0,147.36,3,1,3,Female
51701,0,0.0,New (0-3m),STANDARD RISK,7.0,7.0,152.96,3,0,3,Male
51702,0,15.0,Mature (13-24m),STANDARD RISK,0.0,1.0,167.81,1,0,1,Male
51703,1,9.0,Established (7-12m),STANDARD RISK,2.0,1.0,121.74,4,1,3,Female
51704,0,9.0,Established (7-12m),STANDARD RISK,0.0,1.0,166.53,1,0,3,Female
51705,0,9.0,Established (7-12m),STANDARD RISK,12.0,1.0,196.99,1,0,3,Male
51706,0,30.0,Loyal (25m+),STANDARD RISK,2.0,1.0,167.55,3,0,1,Male
51707,0,9.0,Established (7-12m),STANDARD RISK,7.0,1.0,122.13,3,1,1,Female
51708,0,0.0,New (0-3m),STANDARD RISK,2.0,2.0,126.1,1,0,3,Male
51709,1,0.0,New (0-3m),STANDARD RISK,0.0,1.0,128.51,3,1,3,Female
51710,0,10.0,Established (7-12m),STANDARD RISK,3.0,1.0,134.52,5,0,1,Female
51711,0,19.0,Mature (13-24m),STANDARD RISK,0.0,1.0,152.58,3,0,1,Female
51712,1,4.0,Growing (4-6m),STANDARD RISK,7.0,7.0,193.55,4,0,3,Male
51713,0,23.0,Mature (13-24m),STANDARD RISK,3.0,1.0,204.96,1,0,1,Male
51714,1,3.0,New (0-3m),STANDARD RISK,0.0,1.0,163.8,3,1,3,Male
51715,0,4.0,Growing (4-6m),STANDARD RISK,2.0,2.0,126.57,4,1,1,Male
51716,1,0.0,New (0-3m),STANDARD RISK,0.0,1.0,127.16,4,0,3,Female
51717,0,9.0,Established (7-12m),STANDARD RISK,2.0,1.0,122.01,1,0,1,Male
51718,0,8.0,Established (7-12m),STANDARD RISK,0.0,1.0,165.4,4,0,1,Male
51719,0,0.0,New (0-3m),STANDARD RISK,4.0,1.0,138.16,4,0,1,Male
51720,0,1.0,New (0-3m),STANDARD RISK,7.0,1.0,152.53,1,0,3,Male
51721,0,22.0,Mature (13-24m),STANDARD RISK,3.0,1.0,209.65,3,0,1,Male
51722,0,24.0,Mature (13-24m),STANDARD RISK,7.0,1.0,149.36,1,0,3,Female
51723,0,9.0,Established (7-12m),STANDARD RISK,2.0,2.0,125.43,3,0,1,Female
51724,1,0.0,New (0-3m),CRITICAL RISK,4.0,1.0,153.04,1,1,3,Male
51725,0,28.0,Loyal (25m+),STANDARD RISK,2.0,1.0,266.59,1,1,1,Female
51726,0,0.0,New (0-3m),STANDARD RISK,3.0,1.0,142.6,3,1,3,Female
51727,0,3.0,New (0-3m),STANDARD RISK,0.0,1.0,124.76,4,0,3,Male
51728,1,0.0,New (0-3m),STANDARD RISK,4.0,1.0,131.02,5,0,1,Male
51729,0,9.0,Established (7-12m),STANDARD RISK,2.0,1.0,122.44,4,0,1,Female
51730,0,9.0,Established (7-12m),STANDARD RISK,0.0,9.0,175.96,3,0,3,Male
51731,1,9.0,Established (7-12m),STANDARD RISK,0.0,1.0,122.85,1,1,1,Male
51732,0,10.0,Established (7-12m),STANDARD RISK,17.0,12.0,130.34,5,0,1,Female
51733,0,13.0,Mature (13-24m),LOW RISK,3.0,1.0,157.15,4,0,3,Female
51734,0,15.0,Mature (13-24m),LOW RISK,2.0,1.0,125.76,5,0,1,Female
51735,0,10.0,Established (7-12m),STANDARD RISK,1.0,1.0,141.97,4,1,1,Male
51736,0,16.0,Mature (13-24m),LOW RISK,9.0,2.0,243.36,4,0,1,Male
51737,0,13.0,Mature (13-24m),STANDARD RISK,0.0,1.0,134.48,3,0,1,Female
51738,0,27.0,Loyal (25m+),LOW RISK,2.0,1.0,294.06,5,0,1,Male
51739,0,7.0,Established (7-12m),STANDARD RISK,2.0,1.0,165.38,3,0,3,Female
51740,0,4.0,Growing (4-6m),STANDARD RISK,12.0,3.0,143.06,5,0,1,Female
51741,0,9.0,Established (7-12m),STANDARD RISK,2.0,1.0,122.58,1,0,1,Male
51742,0,16.0,Mature (13-24m),STANDARD RISK,2.0,1.0,145.22,3,1,1,Female
51743,0,0.0,New (0-3m),CRITICAL RISK,3.0,1.0,144.87,1,1,3,Female
51744,0,10.0,Established (7-12m),STANDARD RISK,7.0,10.0,144.49,3,1,1,Female
51745,0,9.0,Established (7-12m),STANDARD RISK,2.0,3.0,122.18,5,0,1,Male
51746,0,12.0,Established (7-12m),STANDARD RISK,6.0,1.0,291.97,3,1,1,Male
51747,0,29.0,Loyal (25m+),LOW RISK,7.0,2.0,232.12,5,0,3,Female
51748,0,3.0,New (0-3m),STANDARD RISK,4.0,4.0,165.77,3,0,3,Female
51749,0,14.0,Mature (13-24m),LOW RISK,7.0,1.0,183.92,5,0,3,Male
51750,0,1.0,New (0-3m),STANDARD RISK,8.0,1.0,145.58,5,0,1,Male
51751,1,0.0,New (0-3m),STANDARD RISK,2.0,1.0,140.31,5,0,1,Male
51752,0,25.0,Loyal (25m+),STANDARD RISK,4.0,1.0,179.69,3,1,1,Male
51753,0,18.0,Mature (13-24m),STANDARD RISK,2.0,1.0,126.54,1,0,1,Male
51754,0,25.0,Loyal (25m+),STANDARD RISK,4.0,1.0,265.55,1,0,1,Female
51755,0,15.0,Mature (13-24m),STANDARD RISK,2.0,1.0,145.56,3,0,1,Female
51756,0,3.0,New (0-3m),STANDARD RISK,2.0,1.0,160.91,1,0,1,Female
51757,0,30.0,Loyal (25m+),LOW RISK,10.0,11.0,295.66,5,0,1,Female
51758,0,19.0,Mature (13-24m),STANDARD RISK,8.0,1.0,148.1,3,0,1,Female
51759,0,15.0,Mature (13-24m),STANDARD RISK,4.0,1.0,145.23,1,0,1,Female
51760,1,0.0,New (0-3m),STANDARD RISK,4.0,1.0,132.02,4,1,3,Female
51761,1,0.0,New (0-3m),STANDARD RISK,0.0,1.0,123.51,3,0,3,Female
51762,0,9.0,Established (7-12m),STANDARD RISK,0.0,1.0,117.02,1,1,1,Male
51763,0,13.0,Mature (13-24m),STANDARD RISK,12.0,1.0,280.41,3,0,3,Female
51764,0,0.0,New (0-3m),STANDARD RISK,2.0,1.0,128.86,1,0,1,Female
51765,0,9.0,Established (7-12m),STANDARD RISK,4.0,1.0,120.97,1,0,1,Male
51766,0,2.0,New (0-3m),STANDARD RISK,3.0,1.0,219.35,3,0,1,Male
51767,1,0.0,New (0-3m),STANDARD RISK,1.0,1.0,125.46,4,0,1,Female
51768,1,0.0,New (0-3m),STANDARD RISK,0.0,1.0,125.64,1,0,2,Male
51769,0,3.0,New (0-3m),STANDARD RISK,8.0,7.0,184.12,5,0,3,Female
51770,0,30.0,Loyal (25m+),STANDARD RISK,0.0,2.0,241.18,1,0,3,Male
51771,0,23.0,Mature (13-24m),STANDARD RISK,7.0,15.0,270.46,3,0,1,Male
51772,0,3.0,New (0-3m),STANDARD RISK,7.0,6.0,125.64,1,0,1,Female
51773,0,30.0,Loyal (25m+),LOW RISK,11.0,13.0,202.66,5,0,3,Female
51774,0,20.0,Mature (13-24m),STANDARD RISK,4.0,1.0,150.7,1,0,1,Female
51775,0,19.0,Mature (13-24m),STANDARD RISK,1.0,1.0,278.61,3,0,1,Male
51776,0,8.0,Established (7-12m),STANDARD RISK,3.0,4.0,142.3,3,0,1,Male
51777,0,27.0,Loyal (25m+),STANDARD RISK,0.0,1.0,137.8,3,0,1,Female
51778,0,7.0,Established (7-12m),STANDARD RISK,7.0,5.0,127.68,3,0,1,Male
51779,0,5.0,Growing (4-6m),MEDIUM RISK,2.0,1.0,190.71,1,1,3,Female
51780,0,4.0,Growing (4-6m),STANDARD RISK,8.0,1.0,206.48,4,0,1,Male
51781,1,0.0,New (0-3m),STANDARD RISK,7.0,2.0,236.1,3,1,1,Male
51782,1,0.0,New (0-3m),STANDARD RISK,3.0,1.0,134.08,1,0,1,Male
51783,0,3.0,New (0-3m),STANDARD RISK,2.0,1.0,129.83,4,0,3,Male
51784,0,8.0,Established (7-12m),STANDARD RISK,0.0,1.0,176.32,3,1,1,Male
51785,1,0.0,New (0-3m),STANDARD RISK,0.0,1.0,198.24,3,0,1,Male
51786,1,0.0,New (0-3m),STANDARD RISK,2.0,1.0,199.5,5,1,2,Female
51787,0,9.0,Established (7-12m),STANDARD RISK,0.0,2.0,120.93,3,0,1,Male
51788,0,9.0,Established (7-12m),STANDARD RISK,7.0,9.0,199.8,1,0,3,Male
51789,1,0.0,New (0-3m),STANDARD RISK,2.0,1.0,138.94,3,0,1,Male
51790,0,21.0,Mature (13-24m),STANDARD RISK,7.0,6.0,140.51,1,0,3,Female
51791,0,28.0,Loyal (25m+),LOW RISK,8.0,7.0,268.35,4,0,3,Female
51792,0,14.0,Mature (13-24m),STANDARD RISK,10.0,1.0,162.3,1,0,3,Male
51793,0,8.0,Established (7-12m),STANDARD RISK,9.0,6.0,147.17,3,0,3,Male
51794,0,13.0,Mature (13-24m),STANDARD RISK,13.0,2.0,232.37,3,0,1,Female
51795,0,12.0,Established (7-12m),STANDARD RISK,7.0,1.0,137.55,3,0,1,Female
51796,0,4.0,Growing (4-6m),MEDIUM RISK,5.0,1.0,165.82,1,1,3,Male
51797,0,15.0,Mature (13-24m),STANDARD RISK,8.0,5.0,174.06,5,1,1,Male
51798,0,18.0,Mature (13-24m),LOW RISK,7.0,3.0,148.05,4,0,3,Male
51799,1,0.0,New (0-3m),STANDARD RISK,0.0,1.0,127.41,3,1,2,Female
51800,0,2.0,New (0-3m),STANDARD RISK,2.0,1.0,142.62,1,0,1,Male
51801,0,6.0,Growing (4-6m),STANDARD RISK,5.0,1.0,261.84,3,0,1,Female
51802,0,4.0,Growing (4-6m),MEDIUM RISK,3.0,1.0,215.57,1,0,3,Male
51803,1,9.0,Established (7-12m),STANDARD RISK,0.0,1.0,118.78,4,1,3,Male
51804,0,13.0,Mature (13-24m),LOW RISK,3.0,1.0,209.32,5,0,3,Male
51805,0,14.0,Mature (13-24m),STANDARD RISK,7.0,1.0,168.11,3,1,1,Female
51806,0,0.0,New (0-3m),STANDARD RISK,0.0,1.0,143.06,3,0,3,Male
51807,0,8.0,Established (7-12m),STANDARD RISK,3.0,1.0,148.59,3,0,3,Female
51808,0,7.0,Established (7-12m),STANDARD RISK,7.0,5.0,153.37,1,0,3,Male
51809,1,0.0,New (0-3m),CRITICAL RISK,0.0,1.0,123.4,1,1,1,Male
51810,0,10.0,Established (7-12m),STANDARD RISK,2.0,1.0,174.91,1,0,1,Female
51811,0,19.0,Mature (13-24m),STANDARD RISK,2.0,1.0,205.27,3,0,1,Female
51812,0,14.0,Mature (13-24m),LOW RISK,8.0,11.0,265.95,5,0,3,Female
51813,0,10.0,Established (7-12m),STANDARD RISK,7.0,7.0,188.34,4,0,3,Male
51814,0,25.0,Loyal (25m+),STANDARD RISK,9.0,6.0,155.77,5,1,1,Male
51815,1,0.0,New (0-3m),STANDARD RISK,2.0,1.0,147.07,3,0,3,Male
51816,0,0.0,New (0-3m),STANDARD RISK,1.0,2.0,124.0,1,0,3,Male
51817,0,11.0,Established (7-12m),STANDARD RISK,0.0,1.0,198.24,3,0,1,Female
51818,0,10.0,Established (7-12m),STANDARD RISK,3.0,4.0,164.47,4,0,1,Female
51819,0,22.0,Mature (13-24m),STANDARD RISK,9.0,1.0,295.02,3,1,1,Male
51820,0,0.0,New (0-3m),CRITICAL RISK,4.0,1.0,127.25,1,1,1,Male
51821,0,0.0,New (0-3m),STANDARD RISK,4.0,1.0,162.72,4,0,3,Male
51822,0,9.0,Established (7-12m),STANDARD RISK,0.0,1.0,121.27,4,0,1,Male
51823,0,23.0,Mature (13-24m),LOW RISK,7.0,10.0,282.0,4,0,2,Male
51824,0,9.0,Established (7-12m),STANDARD RISK,6.0,1.0,120.96,3,0,3,Male
51825,1,0.0,New (0-3m),STANDARD RISK,2.0,1.0,128.86,3,1,1,Female
51826,1,9.0,Established (7-12m),STANDARD RISK,0.0,1.0,120.33,5,0,3,Male
51827,0,7.0,Established (7-12m),STANDARD RISK,3.0,1.0,136.22,1,1,1,Male
51828,1,0.0,New (0-3m),STANDARD RISK,2.0,1.0,142.33,5,0,3,Male
51829,0,8.0,Established (7-12m),STANDARD RISK,2.0,1.0,136.81,1,0,1,Male
51830,0,4.0,Growing (4-6m),MEDIUM RISK,7.0,5.0,154.6,1,0,3,Male
51831,0,9.0,Established (7-12m),STANDARD RISK,3.0,1.0,121.87,3,0,1,Female
51832,0,10.0,Established (7-12m),STANDARD RISK,0.0,1.0,196.02,3,1,3,Male
51833,0,0.0,New (0-3m),STANDARD RISK,0.0,1.0,128.36,4,0,1,Female
51834,0,15.0,Mature (13-24m),STANDARD RISK,2.0,2.0,140.89,1,0,1,Female
51835,0,16.0,Mature (13-24m),STANDARD RISK,0.0,1.0,266.27,1,1,1,Male
51836,0,11.0,Established (7-12m),STANDARD RISK,0.0,1.0,126.19,5,0,1,Female
51837,0,16.0,Mature (13-24m),STANDARD RISK,7.0,4.0,156.79,3,1,1,Male
51838,0,21.0,Mature (13-24m),LOW RISK,2.0,2.0,254.02,5,0,1,Female
51839,0,17.0,Mature (13-24m),STANDARD RISK,2.0,1.0,159.85,3,0,2,Female
51840,0,7.0,Established (7-12m),STANDARD RISK,6.0,1.0,125.79,3,1,3,Female
51841,1,0.0,New (0-3m),STANDARD RISK,2.0,1.0,130.41,5,0,3,Male
51842,0,0.0,New (0-3m),STANDARD RISK,2.0,1.0,134.47,3,0,3,Male
51843,0,17.0,Mature (13-24m),STANDARD RISK,1.0,1.0,295.13,1,1,1,Male
51844,0,0.0,New (0-3m),STANDARD RISK,2.0,2.0,127.73,3,0,1,Male
51845,0,6.0,Growing (4-6m),STANDARD RISK,2.0,1.0,171.04,3,0,3,Male
51846,0,5.0,Growing (4-6m),MEDIUM RISK,5.0,1.0,163.22,1,1,1,Female
51847,0,9.0,Established (7-12m),STANDARD RISK,0.0,1.0,120.83,3,0,1,Female
51848,0,26.0,Loyal (25m+),LOW RISK,10.0,8.0,183.81,5,0,3,Female
51849,0,7.0,Established (7-12m),STANDARD RISK,8.0,8.0,126.91,1,0,1,Male
51850,1,8.0,Established (7-12m),STANDARD RISK,0.0,1.0,142.86,5,0,3,Female
51851,0,0.0,New (0-3m),CRITICAL RISK,2.0,1.0,56.0,1,1,1,Female
51852,0,10.0,Established (7-12m),STANDARD RISK,8.0,7.0,194.34,3,0,1,Male
51853,0,2.0,New (0-3m),STANDARD RISK,2.0,1.0,155.61,3,0,3,Female
51854,0,8.0,Established (7-12m),STANDARD RISK,8.0,11.0,166.46,1,0,1,Male
51855,0,6.0,Growing (4-6m),MEDIUM RISK,7.0,4.0,177.25,1,0,1,Male
51856,0,27.0,Loyal (25m+),LOW RISK,1.0,7.0,207.25,4,0,2,Male
51857,0,9.0,Established (7-12m),STANDARD RISK,2.0,1.0,188.47,4,1,1,Male
51858,0,9.0,Established (7-12m),STANDARD RISK,1.0,1.0,120.45,1,0,1,Male
51859,1,0.0,New (0-3m),STANDARD RISK,1.0,1.0,110.09,3,1,1,Male
51860,1,0.0,New (0-3m),STANDARD RISK,7.0,9.0,133.48,5,1,1,Male
51861,0,9.0,Established (7-12m),STANDARD RISK,0.0,1.0,112.81,3,0,1,Male
51862,0,0.0,New (0-3m),STANDARD RISK,2.0,1.0,128.19,5,0,1,Male
51863,0,0.0,New (0-3m),STANDARD RISK,2.0,1.0,148.51,4,0,3,Male
51864,0,11.0,Established (7-12m),STANDARD RISK,5.0,1.0,140.28,1,0,3,Female
51865,0,2.0,New (0-3m),STANDARD RISK,8.0,2.0,127.2,1,0,1,Male
51866,0,21.0,Mature (13-24m),LOW RISK,2.0,2.0,181.2,4,0,3,Male
51867,0,0.0,New (0-3m),CRITICAL RISK,4.0,1.0,146.47,1,1,3,Female
51868,0,10.0,Established (7-12m),STANDARD RISK,0.0,1.0,146.8,1,0,1,Male
51869,0,23.0,Mature (13-24m),STANDARD RISK,8.0,3.0,132.21,3,1,1,Male
51870,0,7.0,Established (7-12m),STANDARD RISK,7.0,7.0,186.21,4,0,1,Female
51871,1,0.0,New (0-3m),STANDARD RISK,0.0,2.0,145.77,3,0,3,Female
51872,0,12.0,Established (7-12m),STANDARD RISK,10.0,11.0,145.53,3,0,1,Female
51873,0,5.0,Growing (4-6m),MEDIUM RISK,8.0,1.0,153.96,1,0,3,Male
51874,1,13.0,Mature (13-24m),STANDARD RISK,3.0,1.0,167.96,3,1,3,Male
51875,0,11.0,Established (7-12m),STANDARD RISK,8.0,1.0,176.25,1,0,1,Female
51876,0,0.0,New (0-3m),STANDARD RISK,7.0,1.0,174.12,5,0,1,Female
51877,0,5.0,Growing (4-6m),MEDIUM RISK,3.0,7.0,211.59,1,0,1,Female
51878,0,20.0,Mature (13-24m),LOW RISK,7.0,1.0,149.6,5,0,3,Male
51879,0,13.0,Mature (13-24m),STANDARD RISK,12.0,1.0,204.75,5,1,3,Male
51880,0,26.0,Loyal (25m+),STANDARD RISK,3.0,2.0,248.14,3,0,1,Male
51881,0,14.0,Mature (13-24m),STANDARD RISK,6.0,12.0,291.41,1,0,2,Male
51882,0,30.0,Loyal (25m+),LOW RISK,2.0,2.0,154.05,5,0,3,Male
51883,0,0.0,New (0-3m),STANDARD RISK,7.0,1.0,187.93,5,0,1,Male
51884,0,14.0,Mature (13-24m),STANDARD RISK,10.0,2.0,291.89,3,0,2,Male
51885,0,23.0,Mature (13-24m),LOW RISK,2.0,2.0,138.75,4,0,3,Male
51886,1,9.0,Established (7-12m),STANDARD RISK,7.0,3.0,122.16,4,1,1,Female
51887,0,9.0,Established (7-12m),STANDARD RISK,3.0,1.0,217.13,5,0,1,Female
51888,0,11.0,Established (7-12m),STANDARD RISK,0.0,1.0,178.61,3,1,1,Female
51889,0,17.0,Mature (13-24m),STANDARD RISK,4.0,1.0,137.08,3,0,1,Male
51890,0,20.0,Mature (13-24m),STANDARD RISK,13.0,2.0,237.7,3,1,3,Female
51891,0,3.0,New (0-3m),STANDARD RISK,7.0,7.0,153.04,1,0,3,Male
51892,0,2.0,New (0-3m),STANDARD RISK,0.0,1.0,126.42,3,0,3,Male
51893,1,5.0,Growing (4-6m),STANDARD RISK,2.0,2.0,127.59,3,1,1,Male
51894,0,16.0,Mature (13-24m),STANDARD RISK,2.0,2.0,168.04,1,0,3,Male
51895,0,7.0,Established (7-12m),STANDARD RISK,3.0,4.0,161.42,3,0,1,Female
51896,0,0.0,New (0-3m),STANDARD RISK,2.0,1.0,125.0,5,0,1,Male
51897,0,12.0,Established (7-12m),STANDARD RISK,6.0,3.0,163.89,4,0,2,Female
51898,0,29.0,Loyal (25m+),STANDARD RISK,3.0,1.0,211.03,1,0,1,Male
51899,0,13.0,Mature (13-24m),STANDARD RISK,3.0,2.0,123.42,1,1,1,Female
51900,0,0.0,New (0-3m),STANDARD RISK,7.0,1.0,168.11,5,0,1,Female
51901,0,9.0,Established (7-12m),STANDARD RISK,2.0,2.0,122.97,4,0,3,Male
51902,0,26.0,Loyal (25m+),STANDARD RISK,2.0,2.0,124.5,1,0,1,Male
51903,0,8.0,Established (7-12m),STANDARD RISK,0.0,1.0,150.93,5,0,1,Female
51904,0,5.0,Growing (4-6m),MEDIUM RISK,7.0,4.0,153.09,1,0,1,Male
51905,0,11.0,Established (7-12m),STANDARD RISK,1.0,1.0,130.57,3,1,1,Male
51906,0,7.0,Established (7-12m),STANDARD RISK,0.0,1.0,151.21,5,0,1,Female
51907,0,25.0,Loyal (25m+),LOW RISK,16.0,1.0,268.56,5,0,3,Male
51908,1,0.0,New (0-3m),CRITICAL RISK,8.0,7.0,126.86,1,1,1,Male
51909,0,0.0,New (0-3m),STANDARD RISK,4.0,1.0,161.8,1,0,3,Female
51910,0,18.0,Mature (13-24m),STANDARD RISK,1.0,3.0,166.32,3,0,3,Male
51911,0,0.0,New (0-3m),STANDARD RISK,2.0,1.0,135.05,3,0,1,Male
51912,1,10.0,Established (7-12m),STANDARD RISK,3.0,1.0,163.97,3,1,3,Female
51913,0,7.0,Established (7-12m),STANDARD RISK,4.0,1.0,162.74,1,0,3,Male
51914,1,18.0,Mature (13-24m),STANDARD RISK,4.0,1.0,298.59,5,1,1,Male
51915,0,9.0,Established (7-12m),STANDARD RISK,9.0,1.0,175.87,5,0,3,Male
51916,0,25.0,Loyal (25m+),STANDARD RISK,2.0,1.0,142.58,1,0,1,Male
51917,0,0.0,New (0-3m),STANDARD RISK,0.0,2.0,143.64,1,0,1,Female
51918,0,2.0,New (0-3m),STANDARD RISK,1.0,1.0,143.35,3,0,1,Female
51919,1,0.0,New (0-3m),STANDARD RISK,2.0,1.0,153.26,5,0,3,Male
51920,0,7.0,Established (7-12m),STANDARD RISK,3.0,1.0,132.8,1,0,1,Female
51921,0,27.0,Loyal (25m+),STANDARD RISK,4.0,1.0,154.85,5,1,1,Female
51922,0,0.0,New (0-3m),STANDARD RISK,1.0,1.0,143.42,1,0,3,Male
51923,0,10.0,Established (7-12m),STANDARD RISK,3.0,4.0,127.82,5,1,1,Female
51924,0,11.0,Established (7-12m),STANDARD RISK,12.0,4.0,159.8,5,1,1,Female
51925,0,7.0,Established (7-12m),STANDARD RISK,3.0,1.0,143.81,5,0,1,Female
51926,0,8.0,Established (7-12m),STANDARD RISK,2.0,1.0,125.72,1,0,3,Female
51927,0,3.0,New (0-3m),STANDARD RISK,2.0,1.0,138.33,3,0,1,Male
51928,0,13.0,Mature (13-24m),LOW RISK,7.0,3.0,142.44,4,0,1,Female
51929,0,7.0,Established (7-12m),STANDARD RISK,2.0,1.0,165.0,5,0,3,Female
51930,0,15.0,Mature (13-24m),STANDARD RISK,9.0,14.0,284.3,1,0,1,Male
51931,1,9.0,Established (7-12m),STANDARD RISK,0.0,1.0,116.01,5,1,1,Male
51932,0,0.0,New (0-3m),STANDARD RISK,0.0,1.0,126.94,4,0,1,Male
51933,0,25.0,Loyal (25m+),STANDARD RISK,4.0,1.0,131.49,3,0,1,Female
51934,0,23.0,Mature (13-24m),STANDARD RISK,3.0,1.0,276.39,3,0,1,Male
51935,1,0.0,New (0-3m),STANDARD RISK,0.0,1.0,123.19,5,1,1,Female
51936,0,6.0,Growing (4-6m),STANDARD RISK,3.0,3.0,216.91000000000005,3,0,1,Male
51937,1,0.0,New (0-3m),STANDARD RISK,2.0,1.0,153.24,5,0,3,Female
51938,0,20.0,Mature (13-24m),STANDARD RISK,0.0,3.0,267.52,1,1,1,Female
51939,0,9.0,Established (7-12m),STANDARD RISK,5.0,1.0,152.28,4,0,1,Female
51940,0,2.0,New (0-3m),STANDARD RISK,7.0,1.0,127.0,3,0,1,Male
51941,1,20.0,Mature (13-24m),STANDARD RISK,8.0,13.0,292.46,4,1,1,Male
51942,0,8.0,Established (7-12m),STANDARD RISK,2.0,2.0,125.06,3,0,1,Female
51943,0,15.0,Mature (13-24m),STANDARD RISK,2.0,1.0,160.62,1,1,1,Female
51944,1,0.0,New (0-3m),STANDARD RISK,1.0,2.0,143.82,3,0,1,Male
51945,0,9.0,Established (7-12m),STANDARD RISK,4.0,1.0,121.43,4,0,2,Male
51946,0,5.0,Growing (4-6m),STANDARD RISK,8.0,6.0,161.62,3,0,1,Female
51947,0,13.0,Mature (13-24m),STANDARD RISK,0.0,1.0,150.94,3,0,1,Male
51948,0,3.0,New (0-3m),CRITICAL RISK,0.0,1.0,168.77,1,1,1,Female
51949,0,9.0,Established (7-12m),STANDARD RISK,0.0,1.0,122.74,3,0,1,Female
51950,0,15.0,Mature (13-24m),LOW RISK,8.0,7.0,144.34,4,0,1,Male
51951,0,11.0,Established (7-12m),STANDARD RISK,2.0,1.0,162.88,5,0,1,Male
51952,0,7.0,Established (7-12m),STANDARD RISK,3.0,1.0,125.53,1,0,1,Female
51953,1,12.0,Established (7-12m),STANDARD RISK,7.0,7.0,176.54,1,0,3,Female
51954,1,18.0,Mature (13-24m),STANDARD RISK,3.0,7.0,151.6,1,0,3,Male
51955,0,16.0,Mature (13-24m),LOW RISK,0.0,1.0,271.59,5,0,1,Male
51956,0,0.0,New (0-3m),CRITICAL RISK,3.0,1.0,228.08,1,1,1,Male
51957,0,8.0,Established (7-12m),STANDARD RISK,6.0,1.0,202.21,3,0,1,Male
51958,0,1.0,New (0-3m),STANDARD RISK,5.0,7.0,147.79,4,1,3,Female
51959,0,7.0,Established (7-12m),STANDARD RISK,2.0,1.0,137.37,1,0,2,Male
51960,1,0.0,New (0-3m),STANDARD RISK,7.0,1.0,123.66,3,1,1,Female
51961,0,9.0,Established (7-12m),STANDARD RISK,0.0,1.0,117.06,1,0,1,Male
51962,0,24.0,Mature (13-24m),STANDARD RISK,17.0,4.0,263.07,3,0,3,Female
51963,0,17.0,Mature (13-24m),LOW RISK,3.0,2.0,159.33,4,0,1,Male
51964,0,0.0,New (0-3m),STANDARD RISK,1.0,1.0,134.24,5,0,1,Male
51965,0,6.0,Growing (4-6m),STANDARD RISK,8.0,1.0,140.37,5,0,3,Male
51966,0,8.0,Established (7-12m),STANDARD RISK,1.0,1.0,125.59,5,0,1,Female
51967,0,9.0,Established (7-12m),STANDARD RISK,11.0,4.0,162.01,1,1,3,Male
51968,0,5.0,Growing (4-6m),MEDIUM RISK,3.0,1.0,144.03,1,0,3,Male
51969,0,3.0,New (0-3m),STANDARD RISK,3.0,1.0,137.61,1,0,1,Male
51970,0,26.0,Loyal (25m+),STANDARD RISK,3.0,1.0,209.34,1,1,3,Female
51971,0,18.0,Mature (13-24m),STANDARD RISK,2.0,1.0,207.61,5,1,3,Male
51972,0,5.0,Growing (4-6m),STANDARD RISK,3.0,1.0,151.75,3,0,1,Female
51973,0,25.0,Loyal (25m+),STANDARD RISK,0.0,2.0,238.26,1,0,1,Female
51974,0,10.0,Established (7-12m),STANDARD RISK,0.0,1.0,163.34,3,0,3,Male
51975,0,1.0,New (0-3m),STANDARD RISK,4.0,1.0,149.36,1,0,2,Male
51976,0,0.0,New (0-3m),STANDARD RISK,2.0,2.0,147.75,1,0,1,Male
51977,0,17.0,Mature (13-24m),STANDARD RISK,2.0,1.0,128.18,1,1,1,Male
51978,0,15.0,Mature (13-24m),STANDARD RISK,2.0,2.0,125.15,1,1,1,Male
51979,0,9.0,Established (7-12m),STANDARD RISK,3.0,1.0,123.42,5,0,2,Male
51980,0,0.0,New (0-3m),STANDARD RISK,3.0,1.0,141.94,5,1,3,Male
51981,0,8.0,Established (7-12m),STANDARD RISK,15.0,5.0,206.85,3,1,1,Female
51982,1,9.0,Established (7-12m),STANDARD RISK,8.0,7.0,120.22,4,1,1,Female
51983,0,5.0,Growing (4-6m),MEDIUM RISK,2.0,1.0,123.14,1,0,1,Male
51984,0,0.0,New (0-3m),STANDARD RISK,3.0,1.0,142.56,5,0,3,Male
51985,0,22.0,Mature (13-24m),LOW RISK,2.0,1.0,135.8,5,0,1,Female
51986,0,0.0,New (0-3m),STANDARD RISK,4.0,3.0,131.62,1,0,1,Male
51987,0,5.0,Growing (4-6m),STANDARD RISK,3.0,5.0,165.24,4,0,3,Male
51988,0,11.0,Established (7-12m),STANDARD RISK,2.0,1.0,128.99,4,0,3,Male
51989,0,15.0,Mature (13-24m),STANDARD RISK,3.0,1.0,152.31,1,1,1,Female
51990,0,4.0,Growing (4-6m),MEDIUM RISK,2.0,1.0,123.56,1,1,1,Male
51991,1,0.0,New (0-3m),STANDARD RISK,2.0,1.0,128.0,3,1,3,Female
51992,0,26.0,Loyal (25m+),STANDARD RISK,3.0,2.0,218.36,1,0,3,Male
51993,0,8.0,Established (7-12m),STANDARD RISK,8.0,4.0,209.03,4,0,1,Male
51994,0,10.0,Established (7-12m),STANDARD RISK,0.0,1.0,129.73,1,0,3,Female
51995,0,26.0,Loyal (25m+),STANDARD RISK,8.0,2.0,242.75,1,0,1,Female
51996,0,16.0,Mature (13-24m),STANDARD RISK,2.0,2.0,155.62,1,0,1,Female
51997,0,20.0,Mature (13-24m),STANDARD RISK,7.0,7.0,145.37,1,1,3,Female
51998,0,10.0,Established (7-12m),STANDARD RISK,9.0,1.0,176.42,4,1,3,Male
51999,0,23.0,Mature (13-24m),LOW RISK,7.0,14.0,279.24,5,0,1,Male
52000,0,12.0,Established (7-12m),STANDARD RISK,4.0,1.0,152.04,1,0,2,Female
52001,0,9.0,Established (7-12m),STANDARD RISK,3.0,1.0,122.77,4,1,2,Male
52002,1,0.0,New (0-3m),CRITICAL RISK,1.0,1.0,127.95,1,1,1,Male
52003,0,2.0,New (0-3m),STANDARD RISK,3.0,1.0,125.32,1,0,1,Female
52004,0,17.0,Mature (13-24m),STANDARD RISK,1.0,7.0,125.59,5,1,1,Male
52005,0,1.0,New (0-3m),STANDARD RISK,2.0,1.0,149.08,1,0,3,Male
52006,1,20.0,Mature (13-24m),STANDARD RISK,0.0,1.0,123.8,1,1,1,Male
52007,0,16.0,Mature (13-24m),LOW RISK,0.0,1.0,147.65,4,0,1,Female
52008,1,9.0,Established (7-12m),STANDARD RISK,2.0,1.0,120.44,3,0,3,Female
52009,1,0.0,New (0-3m),STANDARD RISK,0.0,1.0,126.93,1,0,1,Female
52010,0,9.0,Established (7-12m),STANDARD RISK,11.0,4.0,165.86,1,1,1,Male
52011,0,20.0,Mature (13-24m),STANDARD RISK,2.0,1.0,132.94,1,1,3,Female
52012,1,0.0,New (0-3m),STANDARD RISK,2.0,1.0,141.71,3,1,1,Female
52013,1,4.0,Growing (4-6m),MEDIUM RISK,0.0,1.0,127.78,1,1,1,Female
52014,0,1.0,New (0-3m),STANDARD RISK,2.0,2.0,123.77,3,0,1,Female
52015,1,2.0,New (0-3m),STANDARD RISK,2.0,2.0,124.04,5,1,1,Male
52016,0,0.0,New (0-3m),STANDARD RISK,0.0,1.0,123.18,3,0,1,Female
52017,0,9.0,Established (7-12m),STANDARD RISK,0.0,1.0,120.08,4,0,1,Male
52018,0,15.0,Mature (13-24m),STANDARD RISK,3.0,1.0,162.44,3,0,3,Female
52019,0,6.0,Growing (4-6m),STANDARD RISK,2.0,1.0,127.99,5,1,1,Male
52020,0,30.0,Loyal (25m+),STANDARD RISK,4.0,1.0,205.52,4,1,1,Female
52021,0,4.0,Growing (4-6m),STANDARD RISK,2.0,5.0,123.29,3,0,3,Male
52022,0,8.0,Established (7-12m),STANDARD RISK,7.0,1.0,140.14,1,1,1,Female
52023,0,22.0,Mature (13-24m),LOW RISK,7.0,1.0,174.03,4,0,1,Female
52024,0,9.0,Established (7-12m),STANDARD RISK,0.0,1.0,122.59,3,0,1,Male
52025,0,4.0,Growing (4-6m),STANDARD RISK,0.0,1.0,169.32,3,0,3,Female
52026,0,9.0,Established (7-12m),STANDARD RISK,1.0,1.0,146.78,1,0,1,Male
52027,0,11.0,Established (7-12m),STANDARD RISK,11.0,2.0,235.82,5,0,1,Female
52028,0,5.0,Growing (4-6m),STANDARD RISK,2.0,1.0,123.32,4,0,1,Female
52029,1,0.0,New (0-3m),STANDARD RISK,0.0,1.0,124.13,4,1,3,Male
52030,0,13.0,Mature (13-24m),LOW RISK,0.0,1.0,197.05,4,0,3,Male
52031,0,0.0,New (0-3m),STANDARD RISK,7.0,1.0,142.94,5,0,3,Male
52032,0,14.0,Mature (13-24m),STANDARD RISK,17.0,2.0,147.21,5,1,1,Male
52033,0,9.0,Established (7-12m),STANDARD RISK,9.0,3.0,125.19,3,0,1,Male
52034,1,9.0,Established (7-12m),STANDARD RISK,0.0,1.0,121.21,4,1,3,Male
52035,1,0.0,New (0-3m),STANDARD RISK,0.0,1.0,129.73,5,0,1,Male
52036,0,4.0,Growing (4-6m),MEDIUM RISK,5.0,8.0,158.55,1,1,1,Female
52037,0,13.0,Mature (13-24m),STANDARD RISK,0.0,1.0,136.17,4,1,1,Male
52038,0,5.0,Growing (4-6m),STANDARD RISK,3.0,6.0,167.25,5,0,1,Female
52039,1,0.0,New (0-3m),CRITICAL RISK,7.0,3.0,203.25,1,1,3,Male
52040,0,6.0,Growing (4-6m),MEDIUM RISK,4.0,1.0,169.49,1,0,1,Female
52041,1,0.0,New (0-3m),HIGH RISK,46.0,11.0,206.09,3,0,3,Male
52042,0,18.0,Mature (13-24m),LOW RISK,8.0,1.0,144.47,4,0,1,Male
52043,0,9.0,Established (7-12m),STANDARD RISK,2.0,1.0,121.57,1,0,3,Female
52044,0,8.0,Established (7-12m),STANDARD RISK,0.0,1.0,146.01,3,0,3,Female
52045,0,25.0,Loyal (25m+),STANDARD RISK,8.0,7.0,270.99,1,0,1,Male
52046,1,20.0,Mature (13-24m),STANDARD RISK,0.0,1.0,124.79,3,0,1,Male
52047,0,26.0,Loyal (25m+),STANDARD RISK,2.0,2.0,248.52,3,0,3,Male
52048,0,3.0,New (0-3m),STANDARD RISK,7.0,7.0,172.64,3,0,3,Male
52049,0,11.0,Established (7-12m),STANDARD RISK,3.0,1.0,156.66,1,1,3,Female
52050,0,8.0,Established (7-12m),STANDARD RISK,8.0,1.0,178.23,1,0,3,Male
52051,0,12.0,Established (7-12m),STANDARD RISK,7.0,1.0,178.8,3,0,3,Male
52052,1,3.0,New (0-3m),STANDARD RISK,0.0,2.0,231.94,4,1,3,Female
52053,0,20.0,Mature (13-24m),STANDARD RISK,7.0,2.0,150.67,3,1,1,Male
52054,0,9.0,Established (7-12m),STANDARD RISK,7.0,1.0,150.79,1,0,3,Male
52055,1,0.0,New (0-3m),STANDARD RISK,2.0,1.0,123.21,5,1,1,Male
52056,0,6.0,Growing (4-6m),STANDARD RISK,0.0,6.0,274.44,3,0,3,Male
52057,1,0.0,New (0-3m),STANDARD RISK,0.0,1.0,124.04,5,1,1,Female
52058,0,6.0,Growing (4-6m),MEDIUM RISK,2.0,1.0,134.52,1,0,1,Female
52059,0,9.0,Established (7-12m),STANDARD RISK,2.0,1.0,122.7,1,0,1,Female
52060,0,23.0,Mature (13-24m),STANDARD RISK,3.0,1.0,273.99,1,0,1,Male
52061,0,6.0,Growing (4-6m),STANDARD RISK,2.0,1.0,154.88,4,1,1,Female
52062,0,14.0,Mature (13-24m),STANDARD RISK,11.0,1.0,294.19,3,0,1,Male
52063,0,0.0,New (0-3m),STANDARD RISK,2.0,2.0,128.11,4,0,1,Female
52064,0,18.0,Mature (13-24m),STANDARD RISK,8.0,1.0,136.33,5,1,1,Male
52065,0,20.0,Mature (13-24m),STANDARD RISK,7.0,1.0,141.63,1,1,3,Female
52066,1,9.0,Established (7-12m),STANDARD RISK,1.0,1.0,121.32,3,1,1,Female
52067,0,23.0,Mature (13-24m),STANDARD RISK,5.0,2.0,239.73,3,1,1,Male
52068,0,11.0,Established (7-12m),STANDARD RISK,2.0,1.0,126.84,3,0,1,Male
52069,0,19.0,Mature (13-24m),STANDARD RISK,7.0,1.0,208.45,3,0,1,Male
52070,0,0.0,New (0-3m),STANDARD RISK,2.0,3.0,143.77,3,0,1,Female
52071,1,0.0,New (0-3m),STANDARD RISK,2.0,1.0,137.43,4,1,1,Male
52072,0,4.0,Growing (4-6m),STANDARD RISK,3.0,1.0,141.48,5,0,1,Female
52073,0,0.0,New (0-3m),STANDARD RISK,0.0,1.0,110.51,1,0,1,Male
52074,0,27.0,Loyal (25m+),STANDARD RISK,8.0,1.0,207.39,3,0,1,Female
52075,0,8.0,Established (7-12m),STANDARD RISK,1.0,10.0,203.88,3,1,1,Female
52076,0,3.0,New (0-3m),STANDARD RISK,3.0,1.0,214.16000000000005,5,1,1,Female
52077,1,0.0,New (0-3m),STANDARD RISK,0.0,1.0,126.0,5,1,1,Female
52078,1,0.0,New (0-3m),STANDARD RISK,2.0,1.0,124.22,4,0,1,Female
52079,0,0.0,New (0-3m),STANDARD RISK,3.0,1.0,154.72,1,0,1,Male
52080,0,0.0,New (0-3m),STANDARD RISK,1.0,1.0,124.51,5,0,1,Male
52081,0,21.0,Mature (13-24m),STANDARD RISK,2.0,2.0,142.4,3,0,1,Male
52082,0,21.0,Mature (13-24m),STANDARD RISK,3.0,4.0,209.99,3,0,1,Male
52083,0,14.0,Mature (13-24m),STANDARD RISK,1.0,2.0,150.03,3,0,1,Female
52084,0,12.0,Established (7-12m),STANDARD RISK,3.0,11.0,227.42,1,0,1,Female
52085,0,0.0,New (0-3m),STANDARD RISK,2.0,2.0,142.27,1,0,1,Female
52086,0,8.0,Established (7-12m),STANDARD RISK,2.0,1.0,139.17,1,0,1,Male
52087,0,0.0,New (0-3m),STANDARD RISK,0.0,1.0,283.03,3,0,3,Male
52088,0,23.0,Mature (13-24m),STANDARD RISK,0.0,1.0,123.8,1,0,1,Male
52089,0,30.0,Loyal (25m+),STANDARD RISK,3.0,2.0,237.26,1,1,1,Female
52090,1,0.0,New (0-3m),STANDARD RISK,0.0,1.0,147.77,4,0,1,Female
52091,0,28.0,Loyal (25m+),STANDARD RISK,7.0,6.0,163.85,4,1,1,Male
52092,0,14.0,Mature (13-24m),STANDARD RISK,10.0,5.0,299.73,3,0,1,Female
52093,0,11.0,Established (7-12m),STANDARD RISK,0.0,1.0,168.61,1,1,3,Male
52094,1,0.0,New (0-3m),STANDARD RISK,2.0,2.0,149.69,5,0,3,Male
52095,1,15.0,Mature (13-24m),STANDARD RISK,9.0,6.0,298.45,1,0,3,Female
52096,0,17.0,Mature (13-24m),STANDARD RISK,11.0,2.0,233.2,1,1,3,Female
52097,0,23.0,Mature (13-24m),STANDARD RISK,13.0,1.0,163.47,3,0,3,Female
52098,1,0.0,New (0-3m),STANDARD RISK,14.0,15.0,127.43,5,0,1,Female
52099,0,12.0,Established (7-12m),STANDARD RISK,8.0,2.0,208.8,5,1,1,Female
52100,0,6.0,Growing (4-6m),MEDIUM RISK,2.0,2.0,123.42,1,0,3,Female
52101,0,18.0,Mature (13-24m),STANDARD RISK,1.0,1.0,276.5,1,0,3,Female
52102,0,5.0,Growing (4-6m),STANDARD RISK,7.0,7.0,140.25,3,0,1,Female
52103,0,7.0,Established (7-12m),STANDARD RISK,9.0,1.0,197.25,1,0,3,Male
52104,0,30.0,Loyal (25m+),STANDARD RISK,3.0,1.0,219.04,1,1,3,Male
52105,0,9.0,Established (7-12m),STANDARD RISK,4.0,1.0,121.77,4,0,2,Male
52106,0,26.0,Loyal (25m+),LOW RISK,12.0,6.0,175.25,4,0,3,Female
52107,1,0.0,New (0-3m),STANDARD RISK,0.0,1.0,148.34,3,0,1,Male
52108,1,9.0,Established (7-12m),STANDARD RISK,2.0,1.0,120.42,5,1,1,Male
52109,0,9.0,Established (7-12m),STANDARD RISK,0.0,1.0,122.2,3,1,3,Female
52110,0,1.0,New (0-3m),STANDARD RISK,0.0,1.0,110.52,4,0,3,Male
52111,0,11.0,Established (7-12m),STANDARD RISK,2.0,2.0,128.21,3,0,1,Male
52112,0,23.0,Mature (13-24m),STANDARD RISK,7.0,7.0,292.37,3,1,1,Male
52113,0,10.0,Established (7-12m),STANDARD RISK,1.0,1.0,141.07,4,0,1,Female
52114,0,13.0,Mature (13-24m),LOW RISK,5.0,7.0,183.96,5,0,3,Male
52115,0,9.0,Established (7-12m),STANDARD RISK,3.0,1.0,120.07,3,0,1,Female
52116,0,19.0,Mature (13-24m),STANDARD RISK,2.0,2.0,296.27,1,0,1,Male
52117,0,27.0,Loyal (25m+),STANDARD RISK,0.0,7.0,206.86,3,0,3,Female
52118,0,29.0,Loyal (25m+),STANDARD RISK,3.0,1.0,129.42,3,0,1,Female
52119,0,9.0,Established (7-12m),STANDARD RISK,8.0,7.0,188.58,1,0,1,Female
52120,0,28.0,Loyal (25m+),LOW RISK,2.0,6.0,267.56,5,0,1,Male
52121,0,16.0,Mature (13-24m),STANDARD RISK,0.0,1.0,207.98,1,0,3,Male
52122,1,0.0,New (0-3m),CRITICAL RISK,2.0,1.0,123.23,1,1,3,Female
52123,1,9.0,Established (7-12m),STANDARD RISK,0.0,1.0,114.16,5,0,1,Female
52124,0,19.0,Mature (13-24m),STANDARD RISK,7.0,1.0,146.15,5,1,1,Female
52125,1,14.0,Mature (13-24m),STANDARD RISK,7.0,2.0,124.61,3,1,1,Male
52126,1,0.0,New (0-3m),STANDARD RISK,9.0,1.0,187.22,5,0,1,Male
52127,0,0.0,New (0-3m),STANDARD RISK,3.0,1.0,139.55,5,0,1,Male
52128,0,3.0,New (0-3m),STANDARD RISK,2.0,1.0,199.57,5,0,1,Male
52129,0,14.0,Mature (13-24m),STANDARD RISK,8.0,1.0,133.76,3,0,1,Female
52130,0,11.0,Established (7-12m),STANDARD RISK,9.0,1.0,188.23,3,0,1,Female
52131,0,13.0,Mature (13-24m),STANDARD RISK,1.0,11.0,203.22,1,0,1,Male
52132,0,0.0,New (0-3m),STANDARD RISK,2.0,1.0,146.21,3,0,1,Male
52133,0,28.0,Loyal (25m+),LOW RISK,3.0,1.0,209.76,4,0,1,Male
52134,0,1.0,New (0-3m),STANDARD RISK,7.0,1.0,136.6,3,0,1,Female
52135,1,7.0,Established (7-12m),STANDARD RISK,6.0,3.0,204.82,5,0,2,Male
52136,0,6.0,Growing (4-6m),MEDIUM RISK,2.0,1.0,171.19,1,0,1,Male
52137,1,0.0,New (0-3m),STANDARD RISK,7.0,4.0,195.82,5,1,3,Male
52138,1,0.0,New (0-3m),STANDARD RISK,8.0,3.0,145.08,3,0,1,Female
52139,0,9.0,Established (7-12m),STANDARD RISK,2.0,2.0,122.07,3,0,1,Male
52140,0,7.0,Established (7-12m),STANDARD RISK,4.0,1.0,177.56,1,0,1,Male
52141,0,10.0,Established (7-12m),STANDARD RISK,0.0,1.0,166.94,1,1,3,Female
52142,1,0.0,New (0-3m),CRITICAL RISK,6.0,5.0,136.91,1,1,1,Male
52143,1,0.0,New (0-3m),STANDARD RISK,0.0,1.0,123.77,3,0,1,Male
52144,1,0.0,New (0-3m),STANDARD RISK,2.0,2.0,123.13,4,1,1,Male
52145,0,15.0,Mature (13-24m),LOW RISK,7.0,13.0,276.65,5,0,1,Male
52146,1,0.0,New (0-3m),STANDARD RISK,0.0,1.0,125.96,4,0,1,Male
52147,1,13.0,Mature (13-24m),STANDARD RISK,0.0,1.0,147.28,3,1,3,Male
52148,0,6.0,Growing (4-6m),STANDARD RISK,2.0,1.0,143.02,4,0,3,Female
52149,0,7.0,Established (7-12m),STANDARD RISK,0.0,1.0,129.79,1,0,1,Male
52150,0,21.0,Mature (13-24m),STANDARD RISK,1.0,2.0,268.85,1,0,1,Male
52151,0,18.0,Mature (13-24m),STANDARD RISK,12.0,4.0,155.93,3,0,3,Female
52152,0,25.0,Loyal (25m+),LOW RISK,0.0,4.0,204.45,4,0,1,Male
52153,0,11.0,Established (7-12m),STANDARD RISK,7.0,2.0,187.4,3,1,3,Male
52154,0,2.0,New (0-3m),STANDARD RISK,7.0,1.0,125.14,1,0,1,Female
52155,0,1.0,New (0-3m),STANDARD RISK,7.0,1.0,176.55,4,0,1,Female
52156,0,19.0,Mature (13-24m),STANDARD RISK,9.0,4.0,274.65,3,0,3,Male
52157,0,11.0,Established (7-12m),STANDARD RISK,0.0,1.0,173.51,4,0,3,Male
52158,0,16.0,Mature (13-24m),LOW RISK,1.0,1.0,208.2,5,0,1,Female
52159,1,2.0,New (0-3m),STANDARD RISK,3.0,11.0,221.69,1,0,1,Male
52160,0,13.0,Mature (13-24m),STANDARD RISK,9.0,4.0,296.26,3,0,1,Male
52161,0,9.0,Established (7-12m),STANDARD RISK,2.0,2.0,120.7,4,1,1,Female
52162,0,12.0,Established (7-12m),STANDARD RISK,3.0,1.0,167.82,4,0,1,Male
52163,0,9.0,Established (7-12m),STANDARD RISK,9.0,1.0,177.79,1,0,1,Male
52164,0,4.0,Growing (4-6m),MEDIUM RISK,2.0,2.0,127.91,1,0,3,Male
52165,0,1.0,New (0-3m),STANDARD RISK,4.0,1.0,132.01,4,0,1,Male
52166,0,8.0,Established (7-12m),STANDARD RISK,2.0,1.0,149.68,1,0,3,Male
52167,0,22.0,Mature (13-24m),LOW RISK,3.0,2.0,231.2,4,0,3,Male
52168,0,7.0,Established (7-12m),STANDARD RISK,2.0,1.0,140.33,3,0,1,Male
52169,0,2.0,New (0-3m),STANDARD RISK,1.0,1.0,132.91,4,0,1,Female
52170,0,15.0,Mature (13-24m),STANDARD RISK,0.0,1.0,142.72,1,0,1,Male
52171,0,2.0,New (0-3m),CRITICAL RISK,2.0,1.0,150.56,1,1,1,Male
52172,0,11.0,Established (7-12m),STANDARD RISK,0.0,5.0,128.44,3,0,2,Male
52173,0,1.0,New (0-3m),STANDARD RISK,2.0,1.0,127.03,3,1,1,Male
52174,1,9.0,Established (7-12m),STANDARD RISK,0.0,1.0,119.04,3,0,1,Male
52175,1,0.0,New (0-3m),STANDARD RISK,3.0,1.0,182.24,5,1,3,Female
52176,0,14.0,Mature (13-24m),STANDARD RISK,0.0,1.0,147.66,1,1,1,Male
52177,1,0.0,New (0-3m),STANDARD RISK,2.0,2.0,126.1,3,0,1,Male
52178,0,10.0,Established (7-12m),STANDARD RISK,3.0,1.0,157.31,1,0,1,Female
52179,0,0.0,New (0-3m),STANDARD RISK,2.0,2.0,125.39,3,0,1,Male
52180,0,7.0,Established (7-12m),STANDARD RISK,3.0,1.0,157.14,3,0,3,Female
52181,0,8.0,Established (7-12m),STANDARD RISK,4.0,1.0,143.23,3,0,2,Male
52182,1,0.0,New (0-3m),STANDARD RISK,10.0,3.0,173.36,5,0,3,Female
52183,0,13.0,Mature (13-24m),STANDARD RISK,13.0,2.0,234.99,3,0,1,Female
52184,1,5.0,Growing (4-6m),STANDARD RISK,14.0,2.0,237.58,5,1,3,Male
52185,0,15.0,Mature (13-24m),LOW RISK,5.0,1.0,151.55,5,0,3,Male
52186,0,9.0,Established (7-12m),STANDARD RISK,7.0,1.0,122.58,3,0,1,Male
52187,0,0.0,New (0-3m),STANDARD RISK,2.0,1.0,135.97,4,0,1,Male
52188,1,0.0,New (0-3m),CRITICAL RISK,0.0,1.0,125.15,1,1,1,Female
52189,0,0.0,New (0-3m),STANDARD RISK,7.0,1.0,144.2,1,0,1,Male
52190,0,3.0,New (0-3m),STANDARD RISK,4.0,1.0,165.78,3,0,3,Male
52191,0,13.0,Mature (13-24m),STANDARD RISK,0.0,1.0,144.22,1,1,1,Female
52192,0,8.0,Established (7-12m),STANDARD RISK,4.0,6.0,202.74,4,0,1,Male
52193,0,7.0,Established (7-12m),STANDARD RISK,9.0,4.0,153.43,5,0,1,Male
52194,0,8.0,Established (7-12m),STANDARD RISK,2.0,2.0,123.76,1,0,1,Male
52195,1,6.0,Growing (4-6m),STANDARD RISK,3.0,1.0,153.46,3,0,3,Female
52196,0,5.0,Growing (4-6m),STANDARD RISK,0.0,1.0,128.27,5,0,3,Female
52197,0,29.0,Loyal (25m+),LOW RISK,2.0,4.0,299.43,5,0,1,Female
52198,0,2.0,New (0-3m),STANDARD RISK,8.0,1.0,131.31,1,0,1,Female
52199,0,0.0,New (0-3m),STANDARD RISK,0.0,1.0,125.52,5,0,1,Male
52200,0,18.0,Mature (13-24m),STANDARD RISK,2.0,1.0,144.77,3,1,1,Female
52201,0,10.0,Established (7-12m),STANDARD RISK,11.0,3.0,164.74,1,0,1,Female
52202,0,0.0,New (0-3m),STANDARD RISK,2.0,1.0,130.33,3,0,1,Male
52203,1,7.0,Established (7-12m),STANDARD RISK,2.0,1.0,129.36,3,1,1,Male
52204,0,26.0,Loyal (25m+),STANDARD RISK,7.0,4.0,286.06,3,0,1,Female
52205,0,9.0,Established (7-12m),STANDARD RISK,3.0,1.0,121.68,1,1,1,Female
52206,1,0.0,New (0-3m),CRITICAL RISK,0.0,1.0,128.53,1,1,1,Male
52207,0,19.0,Mature (13-24m),LOW RISK,9.0,15.0,270.48,5,0,3,Female
52208,0,9.0,Established (7-12m),STANDARD RISK,0.0,1.0,122.9,3,0,1,Male
52209,0,6.0,Growing (4-6m),STANDARD RISK,4.0,1.0,136.0,3,0,2,Male
52210,1,9.0,Established (7-12m),STANDARD RISK,0.0,1.0,121.07,5,0,1,Male
52211,0,3.0,New (0-3m),STANDARD RISK,3.0,1.0,141.15,5,0,3,Male
52212,0,13.0,Mature (13-24m),LOW RISK,0.0,1.0,143.27,4,0,3,Male
52213,0,23.0,Mature (13-24m),LOW RISK,2.0,2.0,278.56,5,0,1,Female
52214,0,1.0,New (0-3m),STANDARD RISK,3.0,3.0,131.96,5,0,1,Male
52215,0,19.0,Mature (13-24m),LOW RISK,3.0,1.0,290.81,4,0,1,Male
52216,0,8.0,Established (7-12m),STANDARD RISK,7.0,1.0,189.66,5,1,3,Male
52217,1,9.0,Established (7-12m),STANDARD RISK,0.0,1.0,122.1,4,0,1,Female
52218,0,6.0,Growing (4-6m),STANDARD RISK,1.0,1.0,145.39,3,0,3,Female
52219,0,9.0,Established (7-12m),STANDARD RISK,7.0,1.0,127.41,3,0,1,Male
52220,0,3.0,New (0-3m),STANDARD RISK,9.0,8.0,134.91,3,0,1,Male
52221,0,17.0,Mature (13-24m),STANDARD RISK,17.0,13.0,145.41,1,0,1,Male
52222,0,0.0,New (0-3m),STANDARD RISK,2.0,2.0,126.78,1,0,3,Male
52223,0,19.0,Mature (13-24m),STANDARD RISK,4.0,1.0,173.79,1,0,1,Male
52224,0,15.0,Mature (13-24m),LOW RISK,3.0,1.0,162.72,5,0,2,Male
52225,0,30.0,Loyal (25m+),STANDARD RISK,9.0,1.0,152.2,1,1,3,Male
52226,0,5.0,Growing (4-6m),STANDARD RISK,2.0,2.0,134.0,4,0,1,Female
52227,0,5.0,Growing (4-6m),STANDARD RISK,7.0,1.0,149.98,3,1,1,Female
52228,0,9.0,Established (7-12m),STANDARD RISK,7.0,7.0,202.52,5,1,1,Female
52229,0,6.0,Growing (4-6m),MEDIUM RISK,10.0,4.0,127.81,1,0,1,Male
52230,0,13.0,Mature (13-24m),LOW RISK,3.0,1.0,168.52,4,0,3,Female
52231,0,0.0,New (0-3m),STANDARD RISK,1.0,1.0,149.5,1,0,3,Male
52232,0,3.0,New (0-3m),STANDARD RISK,7.0,5.0,135.79,4,1,1,Male
52233,0,15.0,Mature (13-24m),STANDARD RISK,0.0,2.0,231.91000000000005,5,1,1,Female
52234,0,8.0,Established (7-12m),STANDARD RISK,12.0,4.0,203.77,1,1,3,Female
52235,0,9.0,Established (7-12m),STANDARD RISK,8.0,6.0,122.35,5,1,1,Male
52236,0,27.0,Loyal (25m+),STANDARD RISK,4.0,1.0,205.02,3,0,1,Female
52237,0,9.0,Established (7-12m),STANDARD RISK,7.0,7.0,120.11,1,0,1,Female
52238,1,9.0,Established (7-12m),STANDARD RISK,0.0,1.0,118.59,4,1,1,Female
52239,0,2.0,New (0-3m),STANDARD RISK,2.0,1.0,137.6,1,0,1,Female
52240,0,27.0,Loyal (25m+),STANDARD RISK,9.0,1.0,277.79,1,0,1,Male
52241,0,4.0,Growing (4-6m),STANDARD RISK,1.0,1.0,168.33,5,1,1,Male
52242,0,4.0,Growing (4-6m),STANDARD RISK,8.0,1.0,168.12,5,0,1,Female
52243,0,30.0,Loyal (25m+),STANDARD RISK,5.0,1.0,151.71,1,0,3,Female
52244,0,16.0,Mature (13-24m),STANDARD RISK,7.0,1.0,297.4,1,0,1,Male
52245,0,22.0,Mature (13-24m),STANDARD RISK,0.0,1.0,287.11,3,0,1,Male
52246,0,9.0,Established (7-12m),STANDARD RISK,7.0,1.0,136.92,4,0,1,Male
52247,0,21.0,Mature (13-24m),LOW RISK,0.0,1.0,125.59,4,0,1,Male
52248,0,0.0,New (0-3m),STANDARD RISK,3.0,1.0,125.17,3,0,1,Male
52249,0,2.0,New (0-3m),CRITICAL RISK,0.0,1.0,166.23,1,1,1,Male
52250,0,21.0,Mature (13-24m),STANDARD RISK,0.0,1.0,282.65,1,0,1,Male
52251,0,2.0,New (0-3m),STANDARD RISK,7.0,1.0,261.24,1,0,1,Female
52252,0,7.0,Established (7-12m),STANDARD RISK,0.0,1.0,125.85,3,0,1,Female
52253,0,17.0,Mature (13-24m),LOW RISK,10.0,3.0,282.13,4,0,3,Male
52254,0,6.0,Growing (4-6m),STANDARD RISK,8.0,1.0,183.8,3,1,3,Male
52255,0,0.0,New (0-3m),CRITICAL RISK,1.0,1.0,129.94,1,1,1,Female
52256,0,9.0,Established (7-12m),STANDARD RISK,1.0,1.0,112.23,3,0,1,Male
52257,1,0.0,New (0-3m),CRITICAL RISK,0.0,1.0,111.18,1,1,3,Male
52258,0,0.0,New (0-3m),CRITICAL RISK,2.0,2.0,128.75,1,1,1,Male
52259,1,8.0,Established (7-12m),STANDARD RISK,11.0,1.0,288.24,4,1,3,Female
52260,0,28.0,Loyal (25m+),STANDARD RISK,0.0,2.0,235.77,4,1,1,Male
52261,1,0.0,New (0-3m),STANDARD RISK,2.0,2.0,126.25,3,0,1,Female
52262,0,19.0,Mature (13-24m),LOW RISK,8.0,1.0,287.89,4,0,3,Female
52263,0,7.0,Established (7-12m),STANDARD RISK,2.0,1.0,145.38,5,1,3,Female
52264,0,24.0,Mature (13-24m),STANDARD RISK,10.0,11.0,298.47,4,1,3,Male
52265,0,30.0,Loyal (25m+),STANDARD RISK,4.0,5.0,205.12,1,0,1,Male
52266,0,7.0,Established (7-12m),STANDARD RISK,10.0,5.0,144.44,4,0,1,Female
52267,0,9.0,Established (7-12m),STANDARD RISK,2.0,1.0,121.54,3,1,1,Male
52268,0,17.0,Mature (13-24m),LOW RISK,13.0,14.0,291.9,5,0,1,Male
52269,0,7.0,Established (7-12m),STANDARD RISK,8.0,1.0,144.9,4,0,2,Male
52270,0,8.0,Established (7-12m),STANDARD RISK,2.0,2.0,135.06,3,1,1,Male
52271,0,15.0,Mature (13-24m),STANDARD RISK,0.0,1.0,123.72,4,1,1,Female
52272,0,16.0,Mature (13-24m),STANDARD RISK,17.0,15.0,202.31,1,0,3,Female
52273,0,9.0,Established (7-12m),STANDARD RISK,12.0,5.0,154.1,4,1,1,Female
52274,1,7.0,Established (7-12m),STANDARD RISK,5.0,1.0,179.78,1,0,1,Female
52275,0,1.0,New (0-3m),CRITICAL RISK,2.0,2.0,138.67,1,1,1,Male
52276,0,24.0,Mature (13-24m),STANDARD RISK,7.0,7.0,128.38,3,0,1,Female
52277,0,3.0,New (0-3m),STANDARD RISK,7.0,1.0,146.95,3,1,1,Female
52278,1,0.0,New (0-3m),STANDARD RISK,7.0,7.0,133.39,3,1,1,Female
52279,0,9.0,Established (7-12m),STANDARD RISK,2.0,1.0,120.8,5,0,1,Male
52280,0,9.0,Established (7-12m),STANDARD RISK,1.0,2.0,120.96,4,0,1,Female
52281,0,5.0,Growing (4-6m),MEDIUM RISK,8.0,1.0,162.09,1,0,3,Male
52282,0,18.0,Mature (13-24m),LOW RISK,0.0,1.0,280.61,4,0,1,Female
52283,0,12.0,Established (7-12m),STANDARD RISK,2.0,15.0,271.23,4,1,1,Female
52284,0,30.0,Loyal (25m+),STANDARD RISK,2.0,2.0,123.72,3,0,1,Male
52285,1,0.0,New (0-3m),STANDARD RISK,1.0,1.0,148.83,3,0,1,Male
52286,1,2.0,New (0-3m),STANDARD RISK,3.0,1.0,139.04,5,0,1,Male
52287,0,3.0,New (0-3m),STANDARD RISK,7.0,6.0,146.27,1,0,1,Female
52288,0,9.0,Established (7-12m),STANDARD RISK,7.0,1.0,170.94,3,0,1,Female
52289,0,19.0,Mature (13-24m),LOW RISK,7.0,5.0,134.23,5,0,2,Female
52290,0,1.0,New (0-3m),STANDARD RISK,5.0,7.0,166.74,1,0,1,Female
52291,0,23.0,Mature (13-24m),STANDARD RISK,2.0,1.0,268.8,5,1,1,Female
52292,1,3.0,New (0-3m),STANDARD RISK,0.0,1.0,190.94,4,1,3,Male
52293,1,15.0,Mature (13-24m),STANDARD RISK,7.0,7.0,184.46,4,1,3,Male
52294,0,3.0,New (0-3m),STANDARD RISK,3.0,1.0,219.16000000000005,5,1,1,Female
52295,0,12.0,Established (7-12m),STANDARD RISK,7.0,1.0,145.34,3,0,1,Male
52296,0,4.0,Growing (4-6m),STANDARD RISK,6.0,9.0,198.52,3,1,3,Female
52297,0,14.0,Mature (13-24m),LOW RISK,9.0,11.0,161.51,4,0,3,Male
52298,1,9.0,Established (7-12m),STANDARD RISK,2.0,2.0,123.02,4,1,3,Female
52299,1,7.0,Established (7-12m),STANDARD RISK,2.0,1.0,123.62,5,0,1,Male
52300,0,15.0,Mature (13-24m),STANDARD RISK,10.0,2.0,278.61,3,1,1,Male
52301,0,28.0,Loyal (25m+),STANDARD RISK,11.0,9.0,291.87,3,0,1,Female
52302,0,29.0,Loyal (25m+),LOW RISK,7.0,7.0,297.17,4,0,2,Male
52303,0,13.0,Mature (13-24m),STANDARD RISK,0.0,1.0,135.44,3,0,1,Male
52304,0,7.0,Established (7-12m),STANDARD RISK,6.0,1.0,185.0,1,0,1,Male
52305,0,13.0,Mature (13-24m),STANDARD RISK,8.0,8.0,146.61,1,0,1,Male
52306,0,14.0,Mature (13-24m),LOW RISK,7.0,1.0,141.03,5,0,3,Female
52307,0,8.0,Established (7-12m),STANDARD RISK,1.0,1.0,142.49,3,1,1,Male
52308,0,24.0,Mature (13-24m),STANDARD RISK,10.0,2.0,240.26,4,1,2,Male
52309,0,11.0,Established (7-12m),STANDARD RISK,7.0,1.0,168.93,5,0,3,Female
52310,0,7.0,Established (7-12m),STANDARD RISK,6.0,9.0,161.25,5,0,3,Female
52311,0,0.0,New (0-3m),STANDARD RISK,2.0,1.0,136.69,1,0,1,Male
52312,1,20.0,Mature (13-24m),STANDARD RISK,9.0,5.0,200.08,5,1,1,Female
52313,0,13.0,Mature (13-24m),LOW RISK,3.0,1.0,123.87,4,0,1,Male
52314,0,9.0,Established (7-12m),STANDARD RISK,13.0,6.0,146.39,5,0,3,Female
52315,0,21.0,Mature (13-24m),STANDARD RISK,8.0,1.0,178.98,1,0,1,Male
52316,0,0.0,New (0-3m),STANDARD RISK,0.0,1.0,125.34,1,0,3,Female
52317,0,24.0,Mature (13-24m),LOW RISK,3.0,1.0,231.42,4,0,1,Female
52318,0,9.0,Established (7-12m),STANDARD RISK,0.0,1.0,116.11,1,0,1,Female
52319,0,8.0,Established (7-12m),STANDARD RISK,0.0,1.0,153.63,1,0,1,Female
52320,0,0.0,New (0-3m),STANDARD RISK,0.0,1.0,150.71,1,0,3,Male
52321,1,18.0,Mature (13-24m),STANDARD RISK,8.0,2.0,236.95,3,1,3,Male
52322,0,29.0,Loyal (25m+),STANDARD RISK,9.0,2.0,234.02,4,1,1,Male
52323,0,9.0,Established (7-12m),STANDARD RISK,0.0,1.0,120.29,3,0,1,Female
52324,0,13.0,Mature (13-24m),STANDARD RISK,8.0,11.0,163.77,3,0,1,Female
52325,0,7.0,Established (7-12m),STANDARD RISK,7.0,7.0,154.29,3,0,1,Male
52326,1,0.0,New (0-3m),STANDARD RISK,0.0,1.0,127.85,1,0,3,Female
52327,1,0.0,New (0-3m),STANDARD RISK,2.0,3.0,146.14,3,1,3,Female
52328,0,11.0,Established (7-12m),STANDARD RISK,3.0,1.0,126.1,3,0,1,Male
52329,0,7.0,Established (7-12m),STANDARD RISK,11.0,4.0,166.87,1,0,1,Female
52330,0,1.0,New (0-3m),STANDARD RISK,4.0,1.0,147.24,5,0,3,Male
52331,1,0.0,New (0-3m),STANDARD RISK,7.0,6.0,161.79,3,1,1,Male
52332,0,12.0,Established (7-12m),STANDARD RISK,4.0,1.0,161.2,1,1,3,Male
52333,0,24.0,Mature (13-24m),LOW RISK,2.0,3.0,205.96,4,0,3,Male
52334,0,14.0,Mature (13-24m),STANDARD RISK,3.0,3.0,154.67,1,1,1,Female
52335,0,10.0,Established (7-12m),STANDARD RISK,3.0,1.0,129.96,3,1,1,Male
52336,0,6.0,Growing (4-6m),MEDIUM RISK,2.0,1.0,199.98,1,0,3,Male
52337,0,5.0,Growing (4-6m),STANDARD RISK,2.0,1.0,140.78,4,1,3,Male
52338,0,12.0,Established (7-12m),STANDARD RISK,3.0,1.0,209.2,3,0,1,Male
52339,0,0.0,New (0-3m),STANDARD RISK,2.0,1.0,162.32,3,0,3,Male
52340,0,25.0,Loyal (25m+),STANDARD RISK,2.0,2.0,232.47000000000003,3,1,1,Female
52341,0,16.0,Mature (13-24m),STANDARD RISK,8.0,1.0,140.81,3,1,1,Female
52342,0,0.0,New (0-3m),CRITICAL RISK,4.0,4.0,157.69,1,1,3,Female
52343,1,0.0,New (0-3m),STANDARD RISK,7.0,7.0,123.94,3,1,1,Female
52344,0,0.0,New (0-3m),STANDARD RISK,1.0,1.0,139.04,1,0,1,Male
52345,0,15.0,Mature (13-24m),LOW RISK,9.0,1.0,267.99,5,0,2,Female
52346,0,25.0,Loyal (25m+),LOW RISK,4.0,1.0,129.5,5,0,1,Female
52347,0,10.0,Established (7-12m),STANDARD RISK,2.0,1.0,136.29,3,0,1,Female
52348,0,8.0,Established (7-12m),STANDARD RISK,2.0,2.0,193.62,1,0,1,Male
52349,0,0.0,New (0-3m),STANDARD RISK,2.0,1.0,132.29,1,0,1,Male
52350,0,0.0,New (0-3m),STANDARD RISK,7.0,1.0,135.78,5,0,1,Male
52351,0,2.0,New (0-3m),STANDARD RISK,9.0,1.0,179.88,5,0,2,Male
52352,1,12.0,Established (7-12m),STANDARD RISK,3.0,1.0,142.84,5,0,1,Male
52353,1,0.0,New (0-3m),CRITICAL RISK,7.0,7.0,175.53,1,1,1,Female
52354,0,27.0,Loyal (25m+),STANDARD RISK,7.0,12.0,273.28,1,0,1,Female
52355,0,30.0,Loyal (25m+),STANDARD RISK,5.0,1.0,297.01,5,1,1,Female
52356,0,28.0,Loyal (25m+),STANDARD RISK,0.0,2.0,247.32,1,0,1,Male
52357,0,9.0,Established (7-12m),STANDARD RISK,1.0,1.0,192.78,4,1,3,Female
52358,1,9.0,Established (7-12m),STANDARD RISK,0.0,1.0,113.59,3,0,3,Female
52359,0,3.0,New (0-3m),STANDARD RISK,2.0,1.0,147.79,5,0,3,Female
52360,0,4.0,Growing (4-6m),STANDARD RISK,0.0,1.0,264.22,4,0,1,Female
52361,0,7.0,Established (7-12m),STANDARD RISK,3.0,1.0,129.96,5,0,1,Male
52362,1,9.0,Established (7-12m),STANDARD RISK,0.0,1.0,112.61,4,0,1,Female
52363,0,9.0,Established (7-12m),STANDARD RISK,4.0,1.0,120.99,5,0,1,Male
52364,0,9.0,Established (7-12m),STANDARD RISK,8.0,1.0,158.1,1,0,1,Male
52365,0,9.0,Established (7-12m),STANDARD RISK,2.0,1.0,156.47,5,0,3,Female
52366,0,20.0,Mature (13-24m),STANDARD RISK,2.0,1.0,134.2,1,0,1,Male
52367,1,0.0,New (0-3m),STANDARD RISK,2.0,2.0,144.0,5,0,3,Male
52368,0,10.0,Established (7-12m),STANDARD RISK,3.0,1.0,135.0,3,0,1,Male
52369,0,9.0,Established (7-12m),STANDARD RISK,0.0,1.0,120.66,5,0,1,Female
52370,0,20.0,Mature (13-24m),STANDARD RISK,6.0,5.0,271.69,3,0,1,Female
52371,0,0.0,New (0-3m),STANDARD RISK,3.0,1.0,141.62,3,1,3,Female
52372,0,5.0,Growing (4-6m),MEDIUM RISK,3.0,1.0,192.04,1,0,3,Male
52373,0,7.0,Established (7-12m),STANDARD RISK,2.0,1.0,132.94,4,0,1,Female
52374,0,9.0,Established (7-12m),STANDARD RISK,3.0,1.0,121.27,3,1,1,Male
52375,0,13.0,Mature (13-24m),STANDARD RISK,7.0,1.0,139.75,3,0,1,Male
52376,0,4.0,Growing (4-6m),MEDIUM RISK,9.0,9.0,207.93,1,0,3,Male
52377,1,9.0,Established (7-12m),STANDARD RISK,3.0,4.0,200.96,1,0,3,Male
52378,1,2.0,New (0-3m),STANDARD RISK,0.0,1.0,136.46,5,1,1,Female
52379,1,0.0,New (0-3m),STANDARD RISK,7.0,4.0,174.46,4,0,1,Female
52380,0,18.0,Mature (13-24m),STANDARD RISK,7.0,1.0,208.51,5,1,1,Male
52381,0,9.0,Established (7-12m),STANDARD RISK,2.0,1.0,121.09,4,0,2,Female
52382,1,0.0,New (0-3m),CRITICAL RISK,2.0,2.0,137.22,1,1,1,Male
52383,0,18.0,Mature (13-24m),STANDARD RISK,2.0,1.0,193.8,1,1,1,Male
52384,0,21.0,Mature (13-24m),LOW RISK,2.0,2.0,154.86,5,0,3,Male
52385,1,0.0,New (0-3m),STANDARD RISK,2.0,2.0,127.42,3,0,2,Female
52386,0,13.0,Mature (13-24m),LOW RISK,8.0,2.0,237.57,4,0,1,Male
52387,0,1.0,New (0-3m),STANDARD RISK,3.0,1.0,184.63,5,0,3,Male
52388,0,17.0,Mature (13-24m),STANDARD RISK,3.0,1.0,131.62,3,0,1,Male
52389,0,26.0,Loyal (25m+),LOW RISK,8.0,8.0,265.98,4,0,1,Male
52390,0,22.0,Mature (13-24m),STANDARD RISK,2.0,1.0,166.51,3,0,1,Male
52391,0,13.0,Mature (13-24m),STANDARD RISK,2.0,1.0,123.45,3,0,1,Male
52392,0,17.0,Mature (13-24m),LOW RISK,3.0,1.0,134.2,4,0,1,Male
52393,0,6.0,Growing (4-6m),STANDARD RISK,3.0,1.0,143.73,5,0,3,Male
52394,0,7.0,Established (7-12m),STANDARD RISK,12.0,3.0,147.59,5,0,3,Male
52395,0,3.0,New (0-3m),STANDARD RISK,2.0,2.0,153.01,3,0,3,Male
52396,0,15.0,Mature (13-24m),STANDARD RISK,8.0,5.0,136.73,1,0,1,Female
52397,0,17.0,Mature (13-24m),STANDARD RISK,0.0,1.0,147.68,3,0,3,Female
52398,0,9.0,Established (7-12m),STANDARD RISK,0.0,1.0,112.74,3,0,1,Male
52399,0,30.0,Loyal (25m+),STANDARD RISK,8.0,2.0,149.0,3,0,1,Male
52400,0,22.0,Mature (13-24m),LOW RISK,7.0,1.0,204.66,4,0,1,Male
52401,0,7.0,Established (7-12m),STANDARD RISK,9.0,6.0,270.07,5,0,1,Male
52402,1,0.0,New (0-3m),STANDARD RISK,2.0,1.0,129.09,3,0,3,Male
52403,1,0.0,New (0-3m),STANDARD RISK,0.0,1.0,157.65,4,0,3,Female
52404,1,0.0,New (0-3m),STANDARD RISK,10.0,10.0,145.99,4,1,3,Female
52405,0,8.0,Established (7-12m),STANDARD RISK,0.0,1.0,124.04,3,0,3,Male
52406,1,0.0,New (0-3m),STANDARD RISK,0.0,1.0,131.72,5,1,1,Male
52407,0,9.0,Established (7-12m),STANDARD RISK,0.0,1.0,120.33,4,0,3,Female
52408,0,17.0,Mature (13-24m),STANDARD RISK,2.0,2.0,202.09,3,1,1,Male
52409,0,2.0,New (0-3m),STANDARD RISK,4.0,1.0,186.2,3,0,3,Male
52410,0,9.0,Established (7-12m),STANDARD RISK,3.0,1.0,120.64,3,0,2,Male
52411,0,28.0,Loyal (25m+),STANDARD RISK,2.0,1.0,140.35,3,1,1,Male
52412,0,6.0,Growing (4-6m),STANDARD RISK,2.0,1.0,138.38,4,0,1,Female
52413,0,20.0,Mature (13-24m),STANDARD RISK,2.0,1.0,145.91,3,1,3,Female
52414,1,0.0,New (0-3m),STANDARD RISK,0.0,1.0,125.61,5,0,1,Male
52415,0,9.0,Established (7-12m),STANDARD RISK,0.0,1.0,115.63,3,0,1,Male
52416,0,1.0,New (0-3m),STANDARD RISK,3.0,1.0,148.98,5,0,3,Male
52417,0,22.0,Mature (13-24m),LOW RISK,2.0,1.0,147.89,5,0,1,Female
52418,0,2.0,New (0-3m),STANDARD RISK,2.0,1.0,131.8,4,0,1,Female
52419,0,1.0,New (0-3m),STANDARD RISK,7.0,1.0,165.49,4,0,1,Male
52420,0,6.0,Growing (4-6m),STANDARD RISK,0.0,1.0,163.88,3,1,1,Male
52421,0,5.0,Growing (4-6m),MEDIUM RISK,3.0,1.0,212.44,1,0,1,Male
52422,0,27.0,Loyal (25m+),STANDARD RISK,12.0,2.0,260.32,1,0,1,Female
52423,1,0.0,New (0-3m),STANDARD RISK,7.0,1.0,123.62,5,0,1,Male
52424,0,17.0,Mature (13-24m),LOW RISK,17.0,14.0,263.28,5,0,1,Male
52425,0,12.0,Established (7-12m),STANDARD RISK,2.0,2.0,183.76,4,0,1,Female
52426,0,19.0,Mature (13-24m),LOW RISK,1.0,5.0,266.06,4,0,3,Female
52427,0,8.0,Established (7-12m),STANDARD RISK,3.0,3.0,186.06,4,0,1,Female
52428,0,9.0,Established (7-12m),STANDARD RISK,2.0,1.0,122.72,3,0,1,Male
52429,1,9.0,Established (7-12m),STANDARD RISK,0.0,1.0,120.18,5,0,1,Male
52430,0,7.0,Established (7-12m),STANDARD RISK,6.0,8.0,170.83,3,1,3,Male
52431,1,0.0,New (0-3m),STANDARD RISK,7.0,7.0,140.84,3,0,1,Female
52432,0,23.0,Mature (13-24m),STANDARD RISK,9.0,2.0,244.11,1,1,1,Male
52433,0,9.0,Established (7-12m),STANDARD RISK,7.0,5.0,123.08,3,1,3,Male
52434,0,15.0,Mature (13-24m),LOW RISK,0.0,1.0,148.41,4,0,1,Male
52435,0,10.0,Established (7-12m),STANDARD RISK,7.0,3.0,142.85,1,0,1,Male
52436,0,2.0,New (0-3m),STANDARD RISK,7.0,1.0,197.15,5,0,1,Female
52437,0,6.0,Growing (4-6m),STANDARD RISK,2.0,1.0,143.2,4,0,1,Male
52438,0,9.0,Established (7-12m),STANDARD RISK,3.0,1.0,121.32,1,0,1,Male
52439,0,15.0,Mature (13-24m),STANDARD RISK,9.0,13.0,201.24,1,1,1,Male
52440,0,13.0,Mature (13-24m),LOW RISK,1.0,7.0,154.73,5,0,3,Male
52441,0,6.0,Growing (4-6m),STANDARD RISK,7.0,5.0,152.07,3,1,1,Male
52442,0,13.0,Mature (13-24m),STANDARD RISK,7.0,7.0,264.37,1,1,2,Male
52443,0,9.0,Established (7-12m),STANDARD RISK,0.0,1.0,122.96,5,0,1,Male
52444,0,13.0,Mature (13-24m),STANDARD RISK,2.0,2.0,140.69,1,1,1,Male
52445,0,18.0,Mature (13-24m),LOW RISK,7.0,7.0,174.41,4,0,1,Male
52446,0,8.0,Established (7-12m),STANDARD RISK,2.0,4.0,124.3,3,0,3,Female
52447,0,5.0,Growing (4-6m),STANDARD RISK,5.0,2.0,158.78,4,0,1,Female
52448,0,9.0,Established (7-12m),STANDARD RISK,2.0,1.0,126.44,1,1,3,Male
52449,0,21.0,Mature (13-24m),STANDARD RISK,7.0,7.0,164.39,3,0,3,Female
52450,0,2.0,New (0-3m),STANDARD RISK,0.0,1.0,124.51,3,0,1,Male
52451,0,6.0,Growing (4-6m),STANDARD RISK,2.0,2.0,163.92,5,0,3,Male
52452,1,0.0,New (0-3m),STANDARD RISK,7.0,6.0,197.14,5,0,3,Male
52453,0,11.0,Established (7-12m),STANDARD RISK,2.0,1.0,160.77,3,0,2,Male
52454,0,8.0,Established (7-12m),STANDARD RISK,2.0,1.0,124.5,5,0,1,Male
52455,0,7.0,Established (7-12m),STANDARD RISK,3.0,1.0,192.5,4,0,3,Male
52456,1,9.0,Established (7-12m),STANDARD RISK,0.0,1.0,120.74,5,1,1,Female
52457,1,16.0,Mature (13-24m),STANDARD RISK,9.0,1.0,201.69,1,0,1,Female
52458,1,1.0,New (0-3m),STANDARD RISK,4.0,1.0,148.55,4,0,1,Male
52459,0,5.0,Growing (4-6m),STANDARD RISK,2.0,1.0,140.87,5,0,1,Male
52460,0,21.0,Mature (13-24m),LOW RISK,6.0,7.0,123.67,5,0,1,Female
52461,0,7.0,Established (7-12m),STANDARD RISK,0.0,1.0,129.72,1,0,1,Male
52462,0,28.0,Loyal (25m+),STANDARD RISK,13.0,2.0,295.86,1,0,3,Male
52463,0,7.0,Established (7-12m),STANDARD RISK,1.0,2.0,154.84,1,0,1,Male
52464,0,9.0,Established (7-12m),STANDARD RISK,0.0,1.0,120.61,1,0,1,Female
52465,0,11.0,Established (7-12m),STANDARD RISK,7.0,7.0,199.24,4,0,3,Male
52466,0,11.0,Established (7-12m),STANDARD RISK,2.0,1.0,141.98,4,0,3,Female
52467,0,9.0,Established (7-12m),STANDARD RISK,0.0,1.0,168.15,3,0,3,Female
52468,0,2.0,New (0-3m),STANDARD RISK,5.0,1.0,147.23,5,1,1,Male
52469,0,8.0,Established (7-12m),STANDARD RISK,4.0,1.0,161.42,3,1,1,Female
52470,0,12.0,Established (7-12m),STANDARD RISK,6.0,7.0,182.37,3,0,3,Male
52471,0,2.0,New (0-3m),STANDARD RISK,3.0,1.0,188.53,1,0,1,Male
52472,0,23.0,Mature (13-24m),STANDARD RISK,0.0,1.0,293.31,3,1,3,Male
52473,0,9.0,Established (7-12m),STANDARD RISK,2.0,2.0,120.73,3,0,1,Male
52474,0,9.0,Established (7-12m),STANDARD RISK,2.0,1.0,155.62,5,1,1,Male
52475,0,15.0,Mature (13-24m),STANDARD RISK,1.0,1.0,296.13,1,0,1,Male
52476,0,8.0,Established (7-12m),STANDARD RISK,8.0,6.0,134.07,3,0,1,Male
52477,0,7.0,Established (7-12m),STANDARD RISK,7.0,7.0,150.63,3,0,1,Male
52478,0,13.0,Mature (13-24m),LOW RISK,2.0,1.0,146.39,5,0,3,Female
52479,0,16.0,Mature (13-24m),LOW RISK,2.0,1.0,148.76,4,0,1,Male
52480,0,8.0,Established (7-12m),STANDARD RISK,1.0,1.0,126.9,1,0,1,Male
52481,0,19.0,Mature (13-24m),LOW RISK,12.0,1.0,275.67,5,0,3,Male
52482,1,0.0,New (0-3m),STANDARD RISK,0.0,1.0,124.08,4,1,1,Male
52483,0,0.0,New (0-3m),STANDARD RISK,3.0,1.0,128.14,3,1,1,Female
52484,0,23.0,Mature (13-24m),STANDARD RISK,3.0,12.0,212.45,3,1,1,Male
52485,0,5.0,Growing (4-6m),MEDIUM RISK,2.0,1.0,133.12,1,0,1,Female
52486,0,17.0,Mature (13-24m),STANDARD RISK,10.0,1.0,290.49,1,1,1,Female
52487,0,9.0,Established (7-12m),STANDARD RISK,1.0,1.0,121.41,4,0,1,Male
52488,0,18.0,Mature (13-24m),STANDARD RISK,4.0,1.0,157.69,5,1,1,Female
52489,0,18.0,Mature (13-24m),LOW RISK,5.0,4.0,143.85,5,0,3,Male
52490,0,4.0,Growing (4-6m),STANDARD RISK,3.0,1.0,153.32,5,0,3,Male
52491,0,9.0,Established (7-12m),STANDARD RISK,1.0,1.0,146.63,3,1,1,Female
52492,0,7.0,Established (7-12m),STANDARD RISK,2.0,7.0,147.24,1,0,1,Male
52493,0,22.0,Mature (13-24m),LOW RISK,4.0,1.0,132.11,5,0,1,Female
52494,0,12.0,Established (7-12m),STANDARD RISK,7.0,7.0,153.77,5,0,1,Male
52495,0,0.0,New (0-3m),STANDARD RISK,7.0,1.0,140.66,5,0,1,Male
52496,0,8.0,Established (7-12m),STANDARD RISK,10.0,1.0,152.08,5,0,1,Male
52497,0,1.0,New (0-3m),STANDARD RISK,0.0,1.0,148.77,5,0,1,Female
52498,0,0.0,New (0-3m),STANDARD RISK,2.0,2.0,131.17,1,0,1,Male
52499,1,9.0,Established (7-12m),STANDARD RISK,0.0,1.0,115.69,1,1,3,Female
52500,0,20.0,Mature (13-24m),STANDARD RISK,0.0,1.0,296.58,3,0,2,Female
52501,0,12.0,Established (7-12m),STANDARD RISK,7.0,1.0,130.69,3,0,1,Male
52502,0,13.0,Mature (13-24m),STANDARD RISK,12.0,14.0,204.35,3,0,1,Female
52503,0,8.0,Established (7-12m),STANDARD RISK,9.0,2.0,141.48,3,0,1,Female
52504,0,10.0,Established (7-12m),STANDARD RISK,2.0,1.0,157.68,3,0,1,Male
52505,0,12.0,Established (7-12m),STANDARD RISK,8.0,3.0,150.42,3,0,1,Female
52506,0,18.0,Mature (13-24m),STANDARD RISK,9.0,3.0,157.7,1,0,1,Female
52507,0,11.0,Established (7-12m),STANDARD RISK,2.0,1.0,177.56,3,1,1,Female
52508,1,0.0,New (0-3m),STANDARD RISK,0.0,6.0,203.06,5,0,3,Male
52509,0,10.0,Established (7-12m),STANDARD RISK,7.0,7.0,139.36,4,0,1,Female
52510,0,13.0,Mature (13-24m),STANDARD RISK,3.0,3.0,179.45,1,1,1,Female
52511,0,17.0,Mature (13-24m),STANDARD RISK,2.0,1.0,157.43,1,1,2,Male
52512,0,21.0,Mature (13-24m),STANDARD RISK,2.0,2.0,252.02,1,0,1,Male
52513,1,0.0,New (0-3m),CRITICAL RISK,2.0,2.0,154.4,1,1,3,Male
52514,0,0.0,New (0-3m),CRITICAL RISK,3.0,1.0,137.6,1,1,1,Female
52515,0,0.0,New (0-3m),STANDARD RISK,2.0,1.0,135.17,3,0,1,Female
52516,0,0.0,New (0-3m),STANDARD RISK,2.0,1.0,125.8,1,0,1,Male
52517,1,9.0,Established (7-12m),STANDARD RISK,3.0,1.0,121.66,5,1,1,Male
52518,0,2.0,New (0-3m),STANDARD RISK,4.0,1.0,158.69,3,0,3,Male
52519,0,9.0,Established (7-12m),STANDARD RISK,2.0,1.0,180.08,5,0,1,Female
52520,0,0.0,New (0-3m),STANDARD RISK,7.0,1.0,152.06,3,0,1,Male
52521,0,12.0,Established (7-12m),STANDARD RISK,0.0,1.0,152.95,4,0,1,Male
52522,0,22.0,Mature (13-24m),LOW RISK,2.0,1.0,264.13,4,0,1,Female
52523,0,23.0,Mature (13-24m),LOW RISK,11.0,2.0,232.69,5,0,1,Female
52524,0,0.0,New (0-3m),STANDARD RISK,2.0,2.0,127.83,3,0,3,Female
52525,0,7.0,Established (7-12m),STANDARD RISK,9.0,7.0,154.33,4,0,1,Female
52526,0,9.0,Established (7-12m),STANDARD RISK,3.0,1.0,120.13,4,0,1,Male
52527,0,22.0,Mature (13-24m),STANDARD RISK,12.0,2.0,239.66000000000005,3,1,1,Female
52528,0,9.0,Established (7-12m),STANDARD RISK,2.0,1.0,143.74,3,0,1,Female
52529,0,9.0,Established (7-12m),STANDARD RISK,4.0,1.0,168.42,5,0,1,Male
52530,0,27.0,Loyal (25m+),STANDARD RISK,7.0,4.0,274.26,3,0,1,Female
52531,0,16.0,Mature (13-24m),STANDARD RISK,11.0,6.0,276.03,3,0,1,Male
52532,1,0.0,New (0-3m),CRITICAL RISK,7.0,6.0,145.81,1,1,3,Male
52533,0,11.0,Established (7-12m),STANDARD RISK,9.0,2.0,147.35,1,0,1,Male
52534,0,2.0,New (0-3m),STANDARD RISK,9.0,1.0,141.87,4,1,3,Male
52535,0,6.0,Growing (4-6m),MEDIUM RISK,4.0,1.0,155.05,1,0,3,Male
52536,0,5.0,Growing (4-6m),STANDARD RISK,6.0,1.0,154.7,4,0,1,Male
52537,0,4.0,Growing (4-6m),MEDIUM RISK,2.0,1.0,154.76,1,0,3,Female
52538,0,22.0,Mature (13-24m),STANDARD RISK,2.0,2.0,125.87,5,1,1,Female
52539,0,11.0,Established (7-12m),STANDARD RISK,3.0,3.0,124.4,4,0,1,Female
52540,0,20.0,Mature (13-24m),LOW RISK,2.0,2.0,259.72,4,0,3,Female
52541,0,22.0,Mature (13-24m),STANDARD RISK,0.0,2.0,253.79,3,0,1,Male
52542,0,14.0,Mature (13-24m),STANDARD RISK,2.0,1.0,170.82,3,1,3,Male
52543,0,0.0,New (0-3m),STANDARD RISK,2.0,1.0,127.28,5,0,3,Male
52544,0,6.0,Growing (4-6m),MEDIUM RISK,2.0,1.0,153.68,1,1,3,Female
52545,0,9.0,Established (7-12m),STANDARD RISK,2.0,1.0,153.47,3,0,1,Male
52546,0,17.0,Mature (13-24m),STANDARD RISK,2.0,2.0,131.95,1,1,2,Female
52547,1,0.0,New (0-3m),STANDARD RISK,2.0,1.0,139.89,3,1,1,Male
52548,0,11.0,Established (7-12m),STANDARD RISK,0.0,1.0,133.06,3,0,1,Female
52549,0,26.0,Loyal (25m+),STANDARD RISK,2.0,1.0,170.05,1,0,1,Male
52550,1,11.0,Established (7-12m),STANDARD RISK,7.0,7.0,126.55,3,1,3,Female
52551,1,9.0,Established (7-12m),STANDARD RISK,0.0,1.0,113.93,4,0,1,Male
52552,0,0.0,New (0-3m),STANDARD RISK,7.0,5.0,125.7,1,0,1,Male
52553,0,28.0,Loyal (25m+),LOW RISK,2.0,1.0,135.37,4,0,1,Male
52554,0,7.0,Established (7-12m),STANDARD RISK,13.0,4.0,139.86,1,0,1,Male
52555,0,30.0,Loyal (25m+),STANDARD RISK,0.0,1.0,208.83,1,0,1,Male
52556,0,9.0,Established (7-12m),STANDARD RISK,13.0,2.0,120.28,4,0,1,Male
52557,0,10.0,Established (7-12m),STANDARD RISK,3.0,1.0,195.25,1,0,3,Male
52558,0,7.0,Established (7-12m),STANDARD RISK,7.0,8.0,129.29,1,0,1,Female
52559,1,9.0,Established (7-12m),STANDARD RISK,2.0,1.0,122.75,1,1,3,Male
52560,0,17.0,Mature (13-24m),STANDARD RISK,7.0,6.0,178.79,1,1,1,Female
52561,0,8.0,Established (7-12m),STANDARD RISK,4.0,1.0,149.3,1,1,1,Male
52562,0,16.0,Mature (13-24m),STANDARD RISK,8.0,8.0,178.47,1,1,3,Male
52563,0,0.0,New (0-3m),STANDARD RISK,4.0,1.0,144.01,3,0,1,Male
52564,0,14.0,Mature (13-24m),STANDARD RISK,7.0,8.0,192.41,3,0,3,Male
52565,0,2.0,New (0-3m),STANDARD RISK,2.0,1.0,129.74,3,0,1,Female
52566,0,9.0,Established (7-12m),STANDARD RISK,7.0,6.0,145.02,1,0,3,Female
52567,0,18.0,Mature (13-24m),STANDARD RISK,4.0,14.0,207.48,3,0,1,Male
52568,1,9.0,Established (7-12m),STANDARD RISK,0.0,1.0,115.55,3,0,2,Male
52569,1,10.0,Established (7-12m),STANDARD RISK,3.0,14.0,229.36,3,0,3,Male
52570,0,9.0,Established (7-12m),STANDARD RISK,2.0,1.0,123.05,3,0,1,Male
52571,0,18.0,Mature (13-24m),LOW RISK,6.0,8.0,267.04,4,0,1,Female
52572,0,5.0,Growing (4-6m),STANDARD RISK,3.0,1.0,134.33,3,0,1,Male
52573,0,4.0,Growing (4-6m),STANDARD RISK,3.0,1.0,134.77,3,0,1,Male
52574,0,14.0,Mature (13-24m),LOW RISK,2.0,1.0,164.3,4,0,2,Male
52575,0,13.0,Mature (13-24m),STANDARD RISK,0.0,1.0,165.16,5,1,1,Female
52576,0,0.0,New (0-3m),STANDARD RISK,2.0,1.0,139.07,5,0,1,Male
52577,0,19.0,Mature (13-24m),LOW RISK,9.0,1.0,155.62,4,0,1,Male
52578,0,8.0,Established (7-12m),STANDARD RISK,7.0,1.0,168.83,3,0,1,Male
52579,0,3.0,New (0-3m),STANDARD RISK,8.0,1.0,128.62,1,0,1,Male
52580,0,20.0,Mature (13-24m),LOW RISK,0.0,1.0,149.78,4,0,3,Male
52581,0,19.0,Mature (13-24m),STANDARD RISK,3.0,1.0,203.68,1,1,3,Male
52582,1,0.0,New (0-3m),STANDARD RISK,2.0,2.0,161.34,5,1,3,Male
52583,1,0.0,New (0-3m),STANDARD RISK,0.0,1.0,167.35,4,0,3,Male
52584,0,0.0,New (0-3m),STANDARD RISK,2.0,1.0,132.95,4,0,1,Female
52585,0,4.0,Growing (4-6m),MEDIUM RISK,4.0,1.0,152.38,1,0,1,Female
52586,0,12.0,Established (7-12m),STANDARD RISK,8.0,5.0,164.72,1,1,1,Male
52587,0,5.0,Growing (4-6m),STANDARD RISK,2.0,1.0,196.1,3,0,3,Male
52588,0,13.0,Mature (13-24m),LOW RISK,8.0,12.0,298.33,4,0,3,Male
52589,0,18.0,Mature (13-24m),STANDARD RISK,3.0,1.0,197.56,3,0,2,Female
52590,0,3.0,New (0-3m),STANDARD RISK,7.0,1.0,149.68,5,0,1,Female
52591,0,9.0,Established (7-12m),STANDARD RISK,1.0,2.0,121.45,1,0,2,Male
52592,1,9.0,Established (7-12m),STANDARD RISK,2.0,1.0,121.8,1,0,2,Female
52593,0,4.0,Growing (4-6m),STANDARD RISK,2.0,1.0,183.46,3,0,3,Male
52594,0,0.0,New (0-3m),STANDARD RISK,4.0,1.0,134.45,1,0,1,Female
52595,1,0.0,New (0-3m),STANDARD RISK,2.0,2.0,127.6,4,0,3,Female
52596,0,2.0,New (0-3m),STANDARD RISK,2.0,1.0,162.94,3,1,1,Male
52597,0,3.0,New (0-3m),STANDARD RISK,7.0,1.0,171.4,5,0,3,Male
52598,0,7.0,Established (7-12m),STANDARD RISK,2.0,1.0,129.32,1,1,1,Male
52599,0,6.0,Growing (4-6m),STANDARD RISK,7.0,1.0,151.47,4,0,3,Female
52600,0,22.0,Mature (13-24m),STANDARD RISK,4.0,1.0,145.07,1,0,3,Female
52601,1,0.0,New (0-3m),STANDARD RISK,0.0,1.0,185.64,5,1,3,Female
52602,0,11.0,Established (7-12m),STANDARD RISK,5.0,1.0,124.68,4,0,1,Female
52603,1,0.0,New (0-3m),STANDARD RISK,0.0,1.0,181.61,3,0,3,Male
52604,0,9.0,Established (7-12m),STANDARD RISK,0.0,1.0,121.09,5,0,1,Female
52605,0,3.0,New (0-3m),STANDARD RISK,7.0,1.0,152.94,3,0,1,Male
52606,0,5.0,Growing (4-6m),STANDARD RISK,7.0,1.0,127.18,4,0,1,Male
52607,0,11.0,Established (7-12m),STANDARD RISK,0.0,1.0,158.11,1,1,1,Male
52608,1,6.0,Growing (4-6m),STANDARD RISK,0.0,1.0,124.37,3,1,1,Male
52609,0,15.0,Mature (13-24m),LOW RISK,4.0,1.0,127.66,4,0,1,Male
52610,0,28.0,Loyal (25m+),LOW RISK,0.0,1.0,290.38,5,0,1,Male
52611,0,6.0,Growing (4-6m),STANDARD RISK,7.0,1.0,130.55,4,0,1,Male
52612,0,9.0,Established (7-12m),STANDARD RISK,4.0,1.0,122.89,5,0,1,Male
52613,0,7.0,Established (7-12m),STANDARD RISK,7.0,1.0,140.01,3,1,3,Male
52614,0,26.0,Loyal (25m+),STANDARD RISK,3.0,1.0,229.65,3,1,1,Female
52615,0,16.0,Mature (13-24m),STANDARD RISK,8.0,1.0,135.39,1,0,2,Male
52616,0,7.0,Established (7-12m),STANDARD RISK,2.0,2.0,160.29,1,0,3,Female
52617,1,0.0,New (0-3m),STANDARD RISK,0.0,1.0,126.79,4,0,3,Male
52618,0,11.0,Established (7-12m),STANDARD RISK,4.0,1.0,137.02,3,0,1,Female
52619,1,0.0,New (0-3m),STANDARD RISK,0.0,1.0,123.98,5,1,1,Female
52620,0,4.0,Growing (4-6m),MEDIUM RISK,7.0,5.0,154.68,1,0,3,Female
52621,0,24.0,Mature (13-24m),STANDARD RISK,3.0,2.0,231.16000000000005,3,0,1,Female
52622,0,10.0,Established (7-12m),STANDARD RISK,3.0,1.0,141.89,4,0,3,Male
52623,0,19.0,Mature (13-24m),STANDARD RISK,2.0,2.0,293.28,1,1,1,Male
52624,0,9.0,Established (7-12m),STANDARD RISK,7.0,5.0,183.21,5,1,1,Male
52625,1,7.0,Established (7-12m),STANDARD RISK,3.0,2.0,123.42,4,1,1,Male
52626,0,10.0,Established (7-12m),STANDARD RISK,7.0,4.0,140.71,4,0,2,Male
52627,1,0.0,New (0-3m),CRITICAL RISK,7.0,7.0,158.13,1,1,3,Male
52628,0,6.0,Growing (4-6m),STANDARD RISK,6.0,7.0,131.43,5,0,1,Male
52629,0,9.0,Established (7-12m),STANDARD RISK,3.0,1.0,120.44,1,0,1,Male
52630,0,12.0,Established (7-12m),STANDARD RISK,2.0,2.0,234.64,3,0,1,Male
52631,0,19.0,Mature (13-24m),LOW RISK,2.0,2.0,179.91,4,0,3,Male
52632,0,13.0,Mature (13-24m),LOW RISK,2.0,1.0,133.77,5,0,1,Female
52633,0,15.0,Mature (13-24m),LOW RISK,0.0,1.0,155.38,5,0,1,Male
52634,0,8.0,Established (7-12m),STANDARD RISK,7.0,1.0,157.62,1,0,1,Male
52635,0,11.0,Established (7-12m),STANDARD RISK,8.0,3.0,125.92,4,0,2,Male
52636,1,0.0,New (0-3m),STANDARD RISK,7.0,1.0,153.46,5,0,1,Male
52637,1,0.0,New (0-3m),STANDARD RISK,8.0,1.0,142.13,5,0,1,Male
52638,0,12.0,Established (7-12m),STANDARD RISK,2.0,2.0,141.27,1,0,3,Male
52639,0,16.0,Mature (13-24m),STANDARD RISK,2.0,1.0,124.38,3,0,1,Male
52640,0,14.0,Mature (13-24m),LOW RISK,2.0,1.0,168.7,4,0,1,Male
52641,0,14.0,Mature (13-24m),STANDARD RISK,5.0,13.0,204.47,3,1,3,Female
52642,0,3.0,New (0-3m),STANDARD RISK,2.0,1.0,196.67,3,0,1,Female
52643,1,9.0,Established (7-12m),STANDARD RISK,4.0,1.0,121.48,4,1,2,Female
52644,1,9.0,Established (7-12m),STANDARD RISK,7.0,3.0,189.26,4,0,1,Female
52645,0,13.0,Mature (13-24m),STANDARD RISK,3.0,1.0,165.13,1,0,1,Female
52646,0,7.0,Established (7-12m),STANDARD RISK,8.0,4.0,167.99,3,0,3,Male
52647,0,30.0,Loyal (25m+),LOW RISK,14.0,14.0,262.91,4,0,3,Male
52648,0,8.0,Established (7-12m),STANDARD RISK,3.0,1.0,127.05,3,0,1,Male
52649,0,20.0,Mature (13-24m),STANDARD RISK,10.0,14.0,203.33,4,1,1,Female
52650,0,13.0,Mature (13-24m),LOW RISK,7.0,7.0,144.48,5,0,1,Female
52651,0,27.0,Loyal (25m+),STANDARD RISK,7.0,1.0,168.54,1,0,1,Female
52652,0,4.0,Growing (4-6m),STANDARD RISK,2.0,2.0,196.37,5,0,3,Female
52653,0,1.0,New (0-3m),STANDARD RISK,2.0,1.0,135.91,5,0,1,Female
52654,0,11.0,Established (7-12m),STANDARD RISK,3.0,1.0,154.05,1,1,3,Female
52655,0,0.0,New (0-3m),STANDARD RISK,2.0,1.0,146.84,1,0,3,Male
52656,0,30.0,Loyal (25m+),STANDARD RISK,2.0,2.0,257.87,3,1,1,Male
52657,0,9.0,Established (7-12m),STANDARD RISK,0.0,1.0,115.14,3,0,1,Female
52658,1,0.0,New (0-3m),STANDARD RISK,0.0,1.0,129.56,5,0,2,Male
52659,1,0.0,New (0-3m),STANDARD RISK,0.0,2.0,123.35,5,1,2,Male
52660,0,18.0,Mature (13-24m),STANDARD RISK,7.0,5.0,151.54,3,0,3,Female
52661,0,9.0,Established (7-12m),STANDARD RISK,0.0,1.0,169.62,4,1,1,Female
52662,0,16.0,Mature (13-24m),STANDARD RISK,7.0,7.0,156.75,1,0,3,Male
52663,0,0.0,New (0-3m),CRITICAL RISK,2.0,1.0,123.79,1,1,1,Female
52664,0,2.0,New (0-3m),STANDARD RISK,10.0,3.0,138.12,1,0,1,Male
52665,0,5.0,Growing (4-6m),MEDIUM RISK,0.0,1.0,146.48,1,0,3,Male
52666,0,15.0,Mature (13-24m),STANDARD RISK,3.0,3.0,129.36,3,0,1,Male
52667,0,9.0,Established (7-12m),STANDARD RISK,0.0,2.0,121.05,3,0,1,Female
52668,0,19.0,Mature (13-24m),STANDARD RISK,7.0,4.0,185.78,1,0,1,Male
52669,0,1.0,New (0-3m),STANDARD RISK,2.0,2.0,127.06,1,0,2,Male
52670,0,2.0,New (0-3m),STANDARD RISK,6.0,1.0,163.84,3,0,1,Male
52671,0,15.0,Mature (13-24m),STANDARD RISK,0.0,1.0,139.68,3,0,1,Male
52672,1,0.0,New (0-3m),STANDARD RISK,2.0,2.0,199.07,4,1,3,Male
52673,0,19.0,Mature (13-24m),LOW RISK,8.0,2.0,232.25,5,0,3,Female
52674,0,0.0,New (0-3m),STANDARD RISK,8.0,5.0,135.4,3,0,3,Female
52675,0,2.0,New (0-3m),STANDARD RISK,0.0,1.0,128.04,4,0,2,Male
52676,0,16.0,Mature (13-24m),STANDARD RISK,14.0,6.0,293.92,3,0,1,Female
52677,0,21.0,Mature (13-24m),LOW RISK,9.0,12.0,296.65,4,0,1,Male
52678,1,0.0,New (0-3m),CRITICAL RISK,0.0,1.0,124.39,1,1,1,Male
52679,1,9.0,Established (7-12m),STANDARD RISK,7.0,1.0,173.14,4,0,3,Female
52680,0,0.0,New (0-3m),STANDARD RISK,3.0,7.0,147.74,5,0,1,Female
52681,0,12.0,Established (7-12m),STANDARD RISK,2.0,2.0,139.02,1,0,1,Male
52682,0,28.0,Loyal (25m+),STANDARD RISK,4.0,1.0,126.62,1,0,1,Male
52683,0,1.0,New (0-3m),STANDARD RISK,0.0,1.0,128.56,4,0,3,Female
52684,1,0.0,New (0-3m),STANDARD RISK,0.0,1.0,110.81,1,0,3,Male
52685,1,0.0,New (0-3m),STANDARD RISK,0.0,1.0,124.72,4,1,1,Male
52686,0,9.0,Established (7-12m),STANDARD RISK,7.0,1.0,156.73,3,1,3,Female
52687,0,4.0,Growing (4-6m),STANDARD RISK,2.0,1.0,141.97,3,0,1,Male
52688,0,7.0,Established (7-12m),STANDARD RISK,0.0,1.0,197.13,1,1,3,Male
52689,0,9.0,Established (7-12m),STANDARD RISK,2.0,1.0,120.62,5,0,1,Male
52690,0,10.0,Established (7-12m),STANDARD RISK,4.0,1.0,142.84,5,1,1,Male
52691,0,8.0,Established (7-12m),STANDARD RISK,2.0,1.0,147.88,4,1,1,Female
52692,0,18.0,Mature (13-24m),STANDARD RISK,8.0,3.0,159.06,1,0,1,Female
52693,0,9.0,Established (7-12m),STANDARD RISK,8.0,1.0,138.86,1,0,2,Male
52694,0,13.0,Mature (13-24m),LOW RISK,16.0,11.0,268.23,5,0,1,Male
52695,0,0.0,New (0-3m),STANDARD RISK,0.0,1.0,129.33,3,1,1,Female
52696,0,0.0,New (0-3m),STANDARD RISK,7.0,1.0,165.0,3,0,3,Female
52697,0,21.0,Mature (13-24m),STANDARD RISK,7.0,4.0,271.74,1,0,1,Female
52698,0,17.0,Mature (13-24m),LOW RISK,2.0,2.0,150.33,5,0,1,Male
52699,1,9.0,Established (7-12m),STANDARD RISK,0.0,3.0,123.07,5,1,1,Male
52700,1,19.0,Mature (13-24m),STANDARD RISK,0.0,1.0,125.87,1,0,1,Male
52701,0,9.0,Established (7-12m),STANDARD RISK,3.0,1.0,155.07,4,0,3,Male
52702,0,14.0,Mature (13-24m),LOW RISK,4.0,1.0,143.93,4,0,3,Female
52703,0,15.0,Mature (13-24m),LOW RISK,7.0,2.0,233.48,5,0,1,Male
52704,0,4.0,Growing (4-6m),MEDIUM RISK,4.0,1.0,165.83,1,1,3,Female
52705,0,7.0,Established (7-12m),STANDARD RISK,1.0,1.0,181.03,1,1,3,Female
52706,0,4.0,Growing (4-6m),STANDARD RISK,2.0,2.0,139.78,3,0,1,Female
52707,0,0.0,New (0-3m),STANDARD RISK,7.0,7.0,125.44,1,0,1,Male
52708,0,18.0,Mature (13-24m),STANDARD RISK,3.0,1.0,153.99,3,0,1,Male
52709,0,6.0,Growing (4-6m),STANDARD RISK,9.0,1.0,154.87,3,0,3,Male
52710,0,1.0,New (0-3m),CRITICAL RISK,7.0,1.0,168.34,1,1,3,Male
52711,1,0.0,New (0-3m),STANDARD RISK,0.0,1.0,110.91,5,0,3,Male
52712,0,12.0,Established (7-12m),STANDARD RISK,2.0,1.0,157.36,3,0,3,Female
52713,0,9.0,Established (7-12m),STANDARD RISK,2.0,1.0,122.26,4,0,1,Male
52714,0,7.0,Established (7-12m),STANDARD RISK,11.0,6.0,157.47,1,1,1,Male
52715,1,0.0,New (0-3m),STANDARD RISK,2.0,2.0,198.54,3,1,3,Female
52716,0,20.0,Mature (13-24m),LOW RISK,7.0,1.0,154.67,4,0,1,Male
52717,0,29.0,Loyal (25m+),LOW RISK,0.0,1.0,153.8,5,0,3,Female
52718,0,12.0,Established (7-12m),STANDARD RISK,9.0,7.0,151.51,5,0,1,Male
52719,0,9.0,Established (7-12m),STANDARD RISK,7.0,1.0,121.33,4,1,1,Female
52720,0,60.0,Loyal (25m+),STANDARD RISK,0.0,1.0,278.75,1,1,3,Female
52721,1,0.0,New (0-3m),STANDARD RISK,3.0,1.0,124.32,3,1,1,Female
52722,0,11.0,Established (7-12m),STANDARD RISK,3.0,1.0,147.71,1,0,1,Male
52723,0,22.0,Mature (13-24m),STANDARD RISK,3.0,4.0,291.61,1,0,1,Male
52724,0,15.0,Mature (13-24m),STANDARD RISK,0.0,1.0,150.87,1,1,3,Male
52725,1,0.0,New (0-3m),STANDARD RISK,0.0,1.0,128.63,4,0,2,Female
52726,0,8.0,Established (7-12m),STANDARD RISK,4.0,1.0,155.61,5,0,3,Male
52727,0,9.0,Established (7-12m),STANDARD RISK,4.0,1.0,121.44,3,0,1,Male
52728,0,4.0,Growing (4-6m),STANDARD RISK,3.0,2.0,130.65,5,1,1,Male
52729,0,9.0,Established (7-12m),STANDARD RISK,2.0,1.0,128.1,4,0,1,Male
52730,0,7.0,Established (7-12m),STANDARD RISK,1.0,2.0,198.88,1,0,3,Male
52731,0,7.0,Established (7-12m),STANDARD RISK,1.0,1.0,186.28,3,0,3,Male
52732,0,0.0,New (0-3m),STANDARD RISK,6.0,7.0,128.67,5,0,1,Male
52733,0,2.0,New (0-3m),STANDARD RISK,2.0,1.0,153.73,5,0,1,Male
52734,0,5.0,Growing (4-6m),MEDIUM RISK,2.0,1.0,166.67,1,0,1,Female
52735,0,4.0,Growing (4-6m),STANDARD RISK,7.0,8.0,150.03,5,0,1,Male
52736,1,0.0,New (0-3m),STANDARD RISK,3.0,1.0,123.67,1,0,1,Male
52737,0,11.0,Established (7-12m),STANDARD RISK,0.0,1.0,128.58,5,0,3,Male
52738,0,8.0,Established (7-12m),STANDARD RISK,9.0,1.0,152.04,1,1,3,Female
52739,0,0.0,New (0-3m),STANDARD RISK,7.0,1.0,141.05,1,0,3,Male
52740,0,5.0,Growing (4-6m),MEDIUM RISK,0.0,1.0,196.79,1,0,1,Male
52741,1,0.0,New (0-3m),CRITICAL RISK,8.0,1.0,156.17,1,1,3,Male
52742,1,16.0,Mature (13-24m),STANDARD RISK,2.0,2.0,204.48,5,1,3,Male
52743,0,27.0,Loyal (25m+),STANDARD RISK,3.0,2.0,128.97,3,0,1,Female
52744,0,6.0,Growing (4-6m),STANDARD RISK,8.0,2.0,159.68,3,0,1,Male
52745,0,16.0,Mature (13-24m),STANDARD RISK,9.0,1.0,175.1,3,0,1,Male
52746,0,11.0,Established (7-12m),STANDARD RISK,2.0,1.0,129.91,4,1,2,Male
52747,0,28.0,Loyal (25m+),STANDARD RISK,4.0,1.0,296.36,4,1,2,Male
52748,0,4.0,Growing (4-6m),MEDIUM RISK,0.0,1.0,111.29,1,1,1,Female
52749,0,12.0,Established (7-12m),STANDARD RISK,10.0,2.0,233.41000000000005,5,0,3,Male
52750,0,15.0,Mature (13-24m),STANDARD RISK,7.0,3.0,143.32,3,0,1,Male
52751,0,4.0,Growing (4-6m),STANDARD RISK,3.0,4.0,210.31,3,0,1,Female
52752,0,27.0,Loyal (25m+),STANDARD RISK,4.0,1.0,144.4,5,1,1,Female
52753,0,0.0,New (0-3m),STANDARD RISK,2.0,1.0,146.17,3,0,1,Male
52754,0,0.0,New (0-3m),STANDARD RISK,4.0,1.0,126.47,1,0,1,Male
52755,0,13.0,Mature (13-24m),STANDARD RISK,4.0,9.0,163.23,3,0,1,Female
52756,0,13.0,Mature (13-24m),LOW RISK,10.0,5.0,156.77,4,0,3,Female
52757,0,9.0,Established (7-12m),STANDARD RISK,2.0,1.0,121.87,4,0,2,Female
52758,0,3.0,New (0-3m),STANDARD RISK,7.0,1.0,137.48,4,0,1,Male
52759,0,0.0,New (0-3m),STANDARD RISK,2.0,1.0,139.77,3,1,1,Male
52760,0,20.0,Mature (13-24m),STANDARD RISK,11.0,12.0,186.33,3,0,1,Male
52761,0,9.0,Established (7-12m),STANDARD RISK,0.0,1.0,120.08,3,0,1,Male
52762,0,11.0,Established (7-12m),STANDARD RISK,8.0,5.0,144.4,4,0,3,Male
52763,0,4.0,Growing (4-6m),STANDARD RISK,2.0,1.0,130.67,3,0,3,Male
52764,0,11.0,Established (7-12m),STANDARD RISK,7.0,7.0,153.21,3,0,1,Male
52765,0,15.0,Mature (13-24m),STANDARD RISK,2.0,1.0,154.1,5,1,1,Male
52766,0,14.0,Mature (13-24m),STANDARD RISK,0.0,1.0,127.82,1,0,1,Male
52767,0,20.0,Mature (13-24m),LOW RISK,3.0,5.0,219.57,4,0,1,Female
52768,0,8.0,Established (7-12m),STANDARD RISK,2.0,2.0,126.6,3,1,1,Male
52769,0,0.0,New (0-3m),STANDARD RISK,2.0,1.0,133.75,3,0,1,Male
52770,0,8.0,Established (7-12m),STANDARD RISK,8.0,1.0,150.98,3,0,1,Male
52771,0,6.0,Growing (4-6m),MEDIUM RISK,1.0,8.0,148.78,1,1,1,Female
52772,0,5.0,Growing (4-6m),STANDARD RISK,1.0,4.0,128.37,4,0,1,Female
52773,0,13.0,Mature (13-24m),STANDARD RISK,0.0,1.0,124.06,1,0,1,Male
52774,0,9.0,Established (7-12m),STANDARD RISK,2.0,2.0,122.69,4,0,3,Male
52775,0,12.0,Established (7-12m),STANDARD RISK,7.0,1.0,141.08,1,0,1,Male
52776,0,11.0,Established (7-12m),STANDARD RISK,11.0,2.0,232.06,3,0,1,Female
52777,0,5.0,Growing (4-6m),MEDIUM RISK,7.0,5.0,204.22,1,0,3,Female
52778,0,10.0,Established (7-12m),STANDARD RISK,8.0,2.0,237.44,1,1,1,Female
52779,0,0.0,New (0-3m),STANDARD RISK,4.0,1.0,149.07,3,1,3,Female
52780,0,25.0,Loyal (25m+),STANDARD RISK,0.0,1.0,134.82,1,0,3,Male
52781,0,17.0,Mature (13-24m),STANDARD RISK,2.0,1.0,124.36,1,1,1,Male
52782,0,0.0,New (0-3m),STANDARD RISK,2.0,1.0,123.8,5,1,3,Male
52783,0,12.0,Established (7-12m),STANDARD RISK,3.0,1.0,294.31,1,0,1,Male
52784,1,9.0,Established (7-12m),STANDARD RISK,0.0,1.0,117.9,5,0,3,Male
52785,0,9.0,Established (7-12m),STANDARD RISK,4.0,3.0,176.44,1,0,3,Female
52786,0,9.0,Established (7-12m),STANDARD RISK,2.0,1.0,151.31,4,0,1,Female
52787,0,29.0,Loyal (25m+),STANDARD RISK,9.0,1.0,163.06,3,0,1,Male
52788,1,0.0,New (0-3m),CRITICAL RISK,2.0,2.0,147.87,1,1,1,Male
52789,0,15.0,Mature (13-24m),STANDARD RISK,14.0,4.0,288.8,3,0,1,Male
52790,1,19.0,Mature (13-24m),STANDARD RISK,8.0,9.0,123.39,3,0,1,Male
52791,0,14.0,Mature (13-24m),LOW RISK,10.0,2.0,235.7,4,0,1,Female
52792,0,7.0,Established (7-12m),STANDARD RISK,7.0,1.0,167.12,3,0,3,Female
52793,0,9.0,Established (7-12m),STANDARD RISK,11.0,11.0,154.06,1,0,3,Male
52794,0,14.0,Mature (13-24m),LOW RISK,4.0,1.0,189.38,4,0,3,Male
52795,0,5.0,Growing (4-6m),STANDARD RISK,2.0,1.0,124.39,5,0,1,Male
52796,0,8.0,Established (7-12m),STANDARD RISK,7.0,1.0,188.37,1,1,2,Female
52797,0,11.0,Established (7-12m),STANDARD RISK,9.0,1.0,153.43,1,0,3,Female
52798,1,13.0,Mature (13-24m),STANDARD RISK,1.0,1.0,167.28,3,0,3,Male
52799,0,9.0,Established (7-12m),STANDARD RISK,0.0,1.0,166.52,1,0,3,Female
52800,0,18.0,Mature (13-24m),STANDARD RISK,1.0,1.0,148.5,3,0,3,Female
52801,0,13.0,Mature (13-24m),STANDARD RISK,2.0,2.0,128.09,3,0,1,Male
52802,0,8.0,Established (7-12m),STANDARD RISK,2.0,1.0,156.89,3,1,1,Male
52803,0,9.0,Established (7-12m),STANDARD RISK,2.0,1.0,120.01,3,0,1,Female
52804,0,8.0,Established (7-12m),STANDARD RISK,1.0,1.0,129.77,1,0,1,Female
52805,0,2.0,New (0-3m),STANDARD RISK,3.0,1.0,140.25,4,1,1,Male
52806,0,2.0,New (0-3m),STANDARD RISK,4.0,1.0,137.85,5,0,1,Female
52807,1,13.0,Mature (13-24m),STANDARD RISK,0.0,2.0,208.54,5,1,3,Male
52808,0,12.0,Established (7-12m),STANDARD RISK,3.0,9.0,220.31,1,0,3,Female
52809,0,4.0,Growing (4-6m),STANDARD RISK,7.0,1.0,199.36,5,0,1,Male
52810,0,0.0,New (0-3m),STANDARD RISK,0.0,1.0,129.66,3,0,3,Female
52811,0,9.0,Established (7-12m),STANDARD RISK,3.0,1.0,125.71,1,0,1,Male
52812,0,12.0,Established (7-12m),STANDARD RISK,7.0,1.0,199.91,5,0,1,Male
52813,0,0.0,New (0-3m),STANDARD RISK,3.0,1.0,161.42,4,1,1,Male
52814,0,22.0,Mature (13-24m),LOW RISK,8.0,1.0,153.9,4,0,3,Male
52815,0,7.0,Established (7-12m),STANDARD RISK,2.0,1.0,144.04,3,0,1,Male
52816,1,5.0,Growing (4-6m),MEDIUM RISK,6.0,2.0,184.93,2,1,3,Female
52817,1,1.0,New (0-3m),STANDARD RISK,1.0,2.0,145.9,3,1,1,Male
52818,1,1.0,New (0-3m),STANDARD RISK,4.0,2.0,145.28,3,1,1,Male
52819,1,1.0,New (0-3m),STANDARD RISK,4.0,2.0,159.07,5,0,3,Male
52820,1,1.0,New (0-3m),STANDARD RISK,4.0,2.0,154.6,5,0,1,Male
52821,1,1.0,New (0-3m),STANDARD RISK,8.0,7.0,164.19,5,1,1,Female
52822,1,3.0,New (0-3m),STANDARD RISK,1.0,2.0,145.86,2,0,3,Male
52823,1,1.0,New (0-3m),CRITICAL RISK,1.0,3.0,147.93,2,1,1,Male
52824,1,14.0,Mature (13-24m),STANDARD RISK,3.0,2.0,151.83,3,1,3,Male
52825,1,1.0,New (0-3m),STANDARD RISK,2.0,2.0,147.93,3,0,1,Male
52826,1,5.0,Growing (4-6m),STANDARD RISK,9.0,16.0,320.45,3,0,1,Female
52827,1,12.0,Established (7-12m),STANDARD RISK,1.0,2.0,178.81,3,1,1,Male
52828,1,1.0,New (0-3m),STANDARD RISK,3.0,3.0,159.41,3,1,1,Male
52829,1,1.0,New (0-3m),STANDARD RISK,1.0,2.0,158.88,3,1,1,Male
52830,1,10.0,Established (7-12m),STANDARD RISK,3.0,5.0,221.19,2,0,3,Male
52831,1,1.0,New (0-3m),STANDARD RISK,3.0,2.0,145.73,5,1,2,Male
52832,1,1.0,New (0-3m),CRITICAL RISK,1.0,2.0,154.26,2,1,1,Female
52833,1,1.0,New (0-3m),STANDARD RISK,4.0,2.0,182.44,3,1,3,Male
52834,1,1.0,New (0-3m),STANDARD RISK,7.0,2.0,185.74,3,1,1,Male
52835,1,20.0,Mature (13-24m),STANDARD RISK,4.0,5.0,174.63,4,1,1,Female
52836,1,1.0,New (0-3m),STANDARD RISK,8.0,8.0,186.72,3,1,3,Male
52837,1,21.0,Mature (13-24m),STANDARD RISK,3.0,16.0,228.12,2,0,1,Female
52838,1,1.0,New (0-3m),STANDARD RISK,1.0,2.0,141.75,3,1,3,Male
52839,1,1.0,New (0-3m),STANDARD RISK,3.0,3.0,170.59,3,1,3,Female
52840,1,15.0,Mature (13-24m),STANDARD RISK,4.0,2.0,231.5,2,0,1,Male
52841,1,1.0,New (0-3m),STANDARD RISK,5.0,2.0,167.0,5,0,1,Female
52842,0,9.0,Established (7-12m),STANDARD RISK,7.0,2.0,197.95,4,0,3,Male
52843,0,27.0,Loyal (25m+),STANDARD RISK,6.0,5.0,148.06,3,1,3,Male
52844,0,19.0,Mature (13-24m),LOW RISK,16.0,2.0,148.48,4,0,1,Male
52845,0,6.0,Growing (4-6m),MEDIUM RISK,3.0,4.0,214.98,2,0,3,Female
52846,0,3.0,New (0-3m),STANDARD RISK,10.0,2.0,168.19,3,0,1,Male
52847,0,1.0,New (0-3m),STANDARD RISK,1.0,2.0,186.32,3,0,1,Male
52848,0,31.0,Loyal (25m+),STANDARD RISK,1.0,2.0,158.46,4,1,1,Female
52849,0,14.0,Mature (13-24m),STANDARD RISK,12.0,2.0,233.55,2,0,3,Male
52850,0,8.0,Established (7-12m),STANDARD RISK,3.0,2.0,147.31,3,0,3,Female
52851,0,1.0,New (0-3m),STANDARD RISK,3.0,3.0,148.23,2,0,1,Male
52852,0,1.0,New (0-3m),STANDARD RISK,3.0,3.0,145.24,4,0,1,Male
52853,0,2.0,New (0-3m),STANDARD RISK,3.0,2.0,152.13,2,0,1,Male
52854,0,31.0,Loyal (25m+),STANDARD RISK,3.0,2.0,219.39,2,1,1,Male
52855,0,1.0,New (0-3m),STANDARD RISK,2.0,2.0,150.66,3,1,1,Male
52856,0,24.0,Mature (13-24m),LOW RISK,5.0,5.0,324.26,4,0,1,Female
52857,0,15.0,Mature (13-24m),STANDARD RISK,9.0,2.0,149.51,3,0,1,Male
52858,0,4.0,Growing (4-6m),MEDIUM RISK,3.0,8.0,219.19,2,0,3,Female
52859,0,12.0,Established (7-12m),STANDARD RISK,3.0,2.0,211.86,2,0,3,Female
52860,0,6.0,Growing (4-6m),STANDARD RISK,5.0,2.0,155.38,3,0,1,Male
52861,0,1.0,New (0-3m),STANDARD RISK,2.0,2.0,155.58,4,1,1,Male
52862,1,1.0,New (0-3m),STANDARD RISK,1.0,2.0,148.25,5,0,3,Female
52863,0,10.0,Established (7-12m),STANDARD RISK,3.0,8.0,145.88,4,0,1,Male
52864,0,4.0,Growing (4-6m),STANDARD RISK,11.0,7.0,155.72,5,0,1,Male
52865,0,19.0,Mature (13-24m),STANDARD RISK,4.0,2.0,175.06,5,1,3,Female
52866,0,30.0,Loyal (25m+),STANDARD RISK,3.0,3.0,167.57,5,1,1,Female
52867,0,7.0,Established (7-12m),STANDARD RISK,3.0,2.0,150.0,2,0,1,Male
52868,1,1.0,New (0-3m),STANDARD RISK,1.0,2.0,136.02,2,0,1,Male
52869,0,20.0,Mature (13-24m),LOW RISK,3.0,16.0,229.53,5,0,3,Female
52870,0,12.0,Established (7-12m),STANDARD RISK,2.0,3.0,147.88,2,0,1,Female
52871,0,5.0,Growing (4-6m),MEDIUM RISK,3.0,2.0,164.29,2,1,1,Female
52872,0,8.0,Established (7-12m),STANDARD RISK,3.0,2.0,148.11,4,0,1,Female
52873,1,5.0,Growing (4-6m),STANDARD RISK,3.0,2.0,156.4,4,1,3,Female
52874,0,24.0,Mature (13-24m),STANDARD RISK,3.0,2.0,161.9,3,0,1,Male
52875,0,27.0,Loyal (25m+),LOW RISK,4.0,2.0,169.5,5,0,1,Female
52876,0,7.0,Established (7-12m),STANDARD RISK,7.0,2.0,152.56,4,0,1,Female
52877,0,14.0,Mature (13-24m),STANDARD RISK,10.0,10.0,315.33,3,0,1,Female
52878,0,29.0,Loyal (25m+),LOW RISK,16.0,3.0,312.22,4,0,1,Male
52879,0,8.0,Established (7-12m),STANDARD RISK,3.0,2.0,220.47,3,0,1,Male
52880,0,25.0,Loyal (25m+),LOW RISK,1.0,2.0,262.34,4,0,1,Female
52881,0,26.0,Loyal (25m+),STANDARD RISK,10.0,12.0,324.99,3,0,1,Male
52882,0,1.0,New (0-3m),STANDARD RISK,4.0,2.0,147.79,4,0,1,Female
52883,1,1.0,New (0-3m),STANDARD RISK,2.0,2.0,184.16,3,1,1,Male
52884,0,17.0,Mature (13-24m),STANDARD RISK,3.0,3.0,145.89,2,0,1,Male
52885,0,19.0,Mature (13-24m),STANDARD RISK,9.0,12.0,292.92,2,0,1,Male
52886,0,11.0,Established (7-12m),STANDARD RISK,8.0,2.0,160.64,5,1,1,Male
52887,0,9.0,Established (7-12m),STANDARD RISK,3.0,2.0,169.25,4,0,1,Female
52888,0,16.0,Mature (13-24m),STANDARD RISK,3.0,2.0,177.65,3,0,1,Female
52889,0,12.0,Established (7-12m),STANDARD RISK,1.0,2.0,190.53,3,0,1,Male
52890,0,12.0,Established (7-12m),STANDARD RISK,8.0,2.0,187.61,2,0,1,Male
52891,0,1.0,New (0-3m),STANDARD RISK,1.0,3.0,167.98,5,0,1,Male
52892,0,23.0,Mature (13-24m),STANDARD RISK,8.0,2.0,193.04,2,1,1,Male
52893,0,8.0,Established (7-12m),STANDARD RISK,1.0,3.0,163.15,3,1,1,Male
52894,0,14.0,Mature (13-24m),STANDARD RISK,8.0,4.0,152.41,2,1,1,Male
52895,1,2.0,New (0-3m),STANDARD RISK,1.0,2.0,191.73,5,1,1,Male
52896,1,1.0,New (0-3m),STANDARD RISK,10.0,2.0,201.39,2,0,3,Female
52897,0,1.0,New (0-3m),STANDARD RISK,3.0,3.0,148.28,4,1,1,Male
52898,0,10.0,Established (7-12m),STANDARD RISK,8.0,2.0,146.53,2,0,1,Female
52899,0,14.0,Mature (13-24m),STANDARD RISK,3.0,2.0,173.76,2,0,1,Male
52900,0,20.0,Mature (13-24m),LOW RISK,3.0,2.0,218.96,5,0,1,Male
52901,1,1.0,New (0-3m),STANDARD RISK,3.0,10.0,229.0,2,0,3,Male
52902,0,4.0,Growing (4-6m),STANDARD RISK,3.0,6.0,209.74,3,0,1,Male
52903,0,1.0,New (0-3m),STANDARD RISK,3.0,2.0,224.81,3,0,3,Female
52904,0,25.0,Loyal (25m+),LOW RISK,8.0,2.0,249.9,4,0,1,Male
52905,1,1.0,New (0-3m),STANDARD RISK,5.0,2.0,151.57,5,1,1,Female
52906,0,15.0,Mature (13-24m),STANDARD RISK,1.0,2.0,260.91,2,1,3,Female
52907,1,1.0,New (0-3m),STANDARD RISK,2.0,2.0,191.96,5,0,3,Female
52908,1,1.0,New (0-3m),STANDARD RISK,6.0,2.0,145.58,3,0,1,Male
52909,0,19.0,Mature (13-24m),STANDARD RISK,3.0,13.0,213.65,2,0,3,Female
52910,0,28.0,Loyal (25m+),LOW RISK,6.0,2.0,184.4,5,0,3,Female
52911,0,10.0,Established (7-12m),STANDARD RISK,8.0,4.0,184.14,4,0,1,Male
52912,0,7.0,Established (7-12m),STANDARD RISK,2.0,2.0,151.22,4,0,1,Female
52913,0,11.0,Established (7-12m),STANDARD RISK,8.0,2.0,246.85,2,1,1,Male
52914,0,12.0,Established (7-12m),STANDARD RISK,3.0,6.0,231.09,3,0,3,Male
52915,0,5.0,Growing (4-6m),STANDARD RISK,5.0,2.0,168.45,3,0,1,Male
52916,0,31.0,Loyal (25m+),STANDARD RISK,1.0,2.0,146.77,2,0,1,Male
52917,0,11.0,Established (7-12m),STANDARD RISK,9.0,6.0,25.0,2,0,3,Male
52918,0,3.0,New (0-3m),STANDARD RISK,2.0,5.0,204.18,2,0,3,Female
52919,0,9.0,Established (7-12m),STANDARD RISK,3.0,2.0,212.89,3,0,3,Female
52920,1,1.0,New (0-3m),CRITICAL RISK,2.0,2.0,148.89,2,1,1,Male
52921,0,26.0,Loyal (25m+),STANDARD RISK,3.0,3.0,157.12,2,0,1,Female
52922,0,16.0,Mature (13-24m),STANDARD RISK,16.0,12.0,317.32,2,0,1,Male
52923,0,31.0,Loyal (25m+),STANDARD RISK,3.0,3.0,147.67,3,0,2,Male
52924,0,24.0,Mature (13-24m),STANDARD RISK,7.0,2.0,320.17,2,0,3,Female
52925,1,1.0,New (0-3m),CRITICAL RISK,5.0,2.0,149.36,2,1,1,Male
52926,0,17.0,Mature (13-24m),STANDARD RISK,10.0,2.0,285.64,2,1,3,Female
52927,1,1.0,New (0-3m),STANDARD RISK,8.0,2.0,152.07,5,0,1,Female
52928,0,26.0,Loyal (25m+),STANDARD RISK,13.0,16.0,315.68,3,1,3,Male
52929,0,6.0,Growing (4-6m),STANDARD RISK,3.0,2.0,164.31,4,0,3,Female
52930,1,1.0,New (0-3m),STANDARD RISK,3.0,2.0,162.3,3,1,1,Male
52931,0,13.0,Mature (13-24m),STANDARD RISK,3.0,2.0,147.32,3,0,1,Female
52932,0,6.0,Growing (4-6m),MEDIUM RISK,3.0,3.0,169.65,2,0,3,Male
52933,0,15.0,Mature (13-24m),LOW RISK,1.0,2.0,155.72,5,0,1,Male
52934,0,14.0,Mature (13-24m),STANDARD RISK,8.0,5.0,158.19,2,0,1,Male
52935,0,19.0,Mature (13-24m),STANDARD RISK,8.0,2.0,317.02,2,0,1,Male
52936,0,5.0,Growing (4-6m),STANDARD RISK,3.0,3.0,261.75,3,0,1,Male
52937,0,7.0,Established (7-12m),STANDARD RISK,3.0,2.0,154.11,2,0,1,Female
52938,0,8.0,Established (7-12m),STANDARD RISK,10.0,6.0,184.57,5,0,1,Male
52939,0,11.0,Established (7-12m),STANDARD RISK,3.0,2.0,164.2,5,0,1,Female
52940,0,19.0,Mature (13-24m),STANDARD RISK,3.0,2.0,189.34,3,0,1,Male
52941,1,1.0,New (0-3m),STANDARD RISK,3.0,2.0,225.48,3,0,1,Male
52942,0,13.0,Mature (13-24m),STANDARD RISK,9.0,2.0,234.38,3,0,1,Female
52943,0,3.0,New (0-3m),STANDARD RISK,6.0,2.0,148.4,2,0,1,Male
52944,0,16.0,Mature (13-24m),STANDARD RISK,3.0,2.0,190.45,5,1,1,Female
52945,0,3.0,New (0-3m),STANDARD RISK,3.0,2.0,194.31,2,0,3,Male
52946,0,1.0,New (0-3m),STANDARD RISK,3.0,2.0,173.98,3,0,1,Female
52947,0,16.0,Mature (13-24m),STANDARD RISK,9.0,8.0,150.93,5,1,1,Female
52948,0,14.0,Mature (13-24m),STANDARD RISK,10.0,4.0,319.36,3,0,1,Male
52949,0,25.0,Loyal (25m+),STANDARD RISK,1.0,2.0,152.23,2,0,1,Male
52950,1,1.0,New (0-3m),STANDARD RISK,5.0,2.0,159.79,4,0,1,Male
52951,0,6.0,Growing (4-6m),STANDARD RISK,4.0,2.0,152.94,4,0,1,Male
52952,0,12.0,Established (7-12m),STANDARD RISK,6.0,8.0,177.49,2,0,3,Male
52953,0,6.0,Growing (4-6m),STANDARD RISK,5.0,2.0,146.76,5,0,1,Male
52954,0,20.0,Mature (13-24m),STANDARD RISK,8.0,8.0,293.72,4,1,3,Female
52955,1,1.0,New (0-3m),STANDARD RISK,1.0,2.0,159.85,3,0,1,Male
52956,0,3.0,New (0-3m),STANDARD RISK,1.0,2.0,191.44,4,0,3,Male
52957,0,5.0,Growing (4-6m),MEDIUM RISK,9.0,8.0,180.82,2,0,1,Male
52958,0,1.0,New (0-3m),STANDARD RISK,6.0,2.0,165.0,5,0,1,Male
52959,0,19.0,Mature (13-24m),STANDARD RISK,11.0,2.0,259.96,2,1,1,Male
52960,0,10.0,Established (7-12m),STANDARD RISK,12.0,11.0,157.1,2,0,1,Male
52961,0,29.0,Loyal (25m+),STANDARD RISK,14.0,5.0,315.45,5,1,1,Male
52962,1,11.0,Established (7-12m),STANDARD RISK,10.0,2.0,243.49,4,1,1,Male
52963,0,2.0,New (0-3m),STANDARD RISK,5.0,2.0,145.7,2,0,1,Male
52964,0,11.0,Established (7-12m),STANDARD RISK,2.0,2.0,190.02,2,0,3,Male
52965,0,1.0,New (0-3m),STANDARD RISK,1.0,2.0,157.3,3,0,1,Male
52966,0,11.0,Established (7-12m),STANDARD RISK,3.0,2.0,261.03,2,1,1,Female
52967,0,3.0,New (0-3m),STANDARD RISK,3.0,2.0,244.96,4,0,1,Female
52968,0,12.0,Established (7-12m),STANDARD RISK,8.0,8.0,181.05,5,1,3,Female
52969,0,1.0,New (0-3m),STANDARD RISK,5.0,2.0,188.97,4,0,1,Female
52970,0,24.0,Mature (13-24m),LOW RISK,7.0,2.0,316.44,4,0,1,Male
52971,0,27.0,Loyal (25m+),STANDARD RISK,4.0,2.0,300.84,3,1,1,Male
52972,0,16.0,Mature (13-24m),STANDARD RISK,7.0,12.0,174.07,3,0,3,Male
52973,0,3.0,New (0-3m),STANDARD RISK,10.0,2.0,170.54,2,0,3,Male
52974,0,29.0,Loyal (25m+),STANDARD RISK,9.0,2.0,179.15,2,1,1,Male
52975,0,1.0,New (0-3m),STANDARD RISK,4.0,4.0,172.41,5,1,1,Male
52976,0,11.0,Established (7-12m),STANDARD RISK,8.0,6.0,146.15,2,0,1,Female
52977,1,8.0,Established (7-12m),STANDARD RISK,1.0,2.0,156.61,3,1,1,Male
52978,0,12.0,Established (7-12m),STANDARD RISK,3.0,2.0,182.45,2,0,1,Male
52979,1,1.0,New (0-3m),STANDARD RISK,3.0,2.0,148.73,4,1,1,Male
52980,0,2.0,New (0-3m),STANDARD RISK,3.0,2.0,158.1,2,0,1,Female
52981,0,23.0,Mature (13-24m),STANDARD RISK,3.0,2.0,311.65,5,1,1,Female
52982,0,10.0,Established (7-12m),STANDARD RISK,8.0,8.0,169.85,4,0,1,Male
52983,0,5.0,Growing (4-6m),STANDARD RISK,3.0,3.0,152.89,4,0,3,Female
52984,1,1.0,New (0-3m),CRITICAL RISK,5.0,8.0,183.28,2,1,3,Male
52985,0,11.0,Established (7-12m),STANDARD RISK,3.0,2.0,148.26,2,1,1,Male
52986,0,16.0,Mature (13-24m),LOW RISK,9.0,2.0,260.25,4,0,3,Female
52987,1,1.0,New (0-3m),STANDARD RISK,1.0,2.0,139.2,3,0,1,Male
52988,0,9.0,Established (7-12m),STANDARD RISK,10.0,7.0,205.2,4,0,3,Male
52989,0,10.0,Established (7-12m),STANDARD RISK,1.0,2.0,161.88,2,0,1,Male
52990,0,25.0,Loyal (25m+),LOW RISK,3.0,2.0,179.82,4,0,1,Male
52991,0,15.0,Mature (13-24m),LOW RISK,5.0,2.0,285.15,4,0,3,Male
52992,0,1.0,New (0-3m),STANDARD RISK,1.0,2.0,137.0,3,0,3,Female
52993,0,2.0,New (0-3m),STANDARD RISK,8.0,2.0,181.61,5,0,1,Male
52994,0,5.0,Growing (4-6m),MEDIUM RISK,8.0,8.0,194.29,2,0,3,Male
52995,0,13.0,Mature (13-24m),STANDARD RISK,3.0,4.0,221.13,2,0,1,Male
52996,0,10.0,Established (7-12m),STANDARD RISK,9.0,2.0,181.74,4,0,1,Female
52997,0,6.0,Growing (4-6m),STANDARD RISK,9.0,5.0,179.84,3,0,3,Male
52998,0,12.0,Established (7-12m),STANDARD RISK,2.0,2.0,245.61,4,0,1,Female
52999,0,31.0,Loyal (25m+),STANDARD RISK,3.0,2.0,181.6,3,1,1,Male
53000,0,5.0,Growing (4-6m),MEDIUM RISK,4.0,2.0,173.21,2,1,1,Male
53001,0,5.0,Growing (4-6m),STANDARD RISK,1.0,2.0,189.1,5,0,2,Male
53002,0,19.0,Mature (13-24m),LOW RISK,12.0,10.0,177.1,5,0,1,Male
53003,0,5.0,Growing (4-6m),MEDIUM RISK,3.0,3.0,151.95,2,1,1,Male
53004,0,7.0,Established (7-12m),STANDARD RISK,9.0,2.0,243.78,4,0,1,Female
53005,0,13.0,Mature (13-24m),STANDARD RISK,11.0,12.0,295.68,5,1,1,Male
53006,0,17.0,Mature (13-24m),STANDARD RISK,8.0,2.0,149.55,2,0,1,Female
53007,0,23.0,Mature (13-24m),STANDARD RISK,8.0,2.0,264.64,3,1,1,Female
53008,1,16.0,Mature (13-24m),LOW RISK,8.0,8.0,174.41,4,0,1,Male
53009,0,1.0,New (0-3m),STANDARD RISK,3.0,2.0,149.78,4,1,1,Female
53010,0,6.0,Growing (4-6m),STANDARD RISK,10.0,12.0,177.28,4,1,3,Female
53011,0,1.0,New (0-3m),STANDARD RISK,5.0,2.0,169.78,3,1,3,Male
53012,0,5.0,Growing (4-6m),MEDIUM RISK,8.0,2.0,200.47,2,0,3,Male
53013,0,6.0,Growing (4-6m),MEDIUM RISK,8.0,2.0,175.55,2,0,1,Female
53014,1,1.0,New (0-3m),CRITICAL RISK,3.0,3.0,159.64,2,1,1,Male
53015,0,4.0,Growing (4-6m),MEDIUM RISK,10.0,2.0,182.75,2,0,1,Female
53016,0,5.0,Growing (4-6m),STANDARD RISK,3.0,9.0,214.43,3,0,1,Female
53017,0,13.0,Mature (13-24m),STANDARD RISK,4.0,14.0,317.72,2,0,1,Male
53018,1,3.0,New (0-3m),STANDARD RISK,1.0,2.0,177.38,3,1,3,Female
53019,0,7.0,Established (7-12m),STANDARD RISK,2.0,2.0,171.82,2,0,3,Male
53020,0,21.0,Mature (13-24m),STANDARD RISK,2.0,2.0,308.0,3,0,1,Male
53021,0,17.0,Mature (13-24m),STANDARD RISK,1.0,2.0,177.57,3,0,1,Female
53022,0,1.0,New (0-3m),STANDARD RISK,5.0,2.0,188.49,4,1,3,Male
53023,0,28.0,Loyal (25m+),STANDARD RISK,4.0,2.0,173.69,3,0,1,Female
53024,0,17.0,Mature (13-24m),LOW RISK,3.0,2.0,224.85,5,0,1,Female
53025,0,19.0,Mature (13-24m),STANDARD RISK,9.0,10.0,161.97,2,0,1,Male
53026,0,14.0,Mature (13-24m),STANDARD RISK,3.0,2.0,199.57,2,1,3,Male
53027,1,1.0,New (0-3m),STANDARD RISK,8.0,2.0,146.19,5,1,1,Male
53028,0,3.0,New (0-3m),STANDARD RISK,3.0,3.0,164.83,2,0,1,Male
53029,0,4.0,Growing (4-6m),STANDARD RISK,3.0,2.0,186.18,3,0,3,Female
53030,0,1.0,New (0-3m),STANDARD RISK,8.0,2.0,187.14,4,0,3,Female
53031,0,11.0,Established (7-12m),STANDARD RISK,5.0,2.0,188.47,2,0,1,Male
53032,0,12.0,Established (7-12m),STANDARD RISK,10.0,2.0,240.1,2,1,1,Male
53033,0,5.0,Growing (4-6m),MEDIUM RISK,11.0,5.0,196.43,2,1,1,Female
53034,0,3.0,New (0-3m),STANDARD RISK,8.0,2.0,207.68,4,1,3,Female
53035,0,9.0,Established (7-12m),STANDARD RISK,14.0,2.0,205.95,4,0,1,Male
53036,0,1.0,New (0-3m),STANDARD RISK,3.0,2.0,154.04,2,0,1,Male
53037,0,15.0,Mature (13-24m),STANDARD RISK,3.0,2.0,185.32,4,1,1,Male
53038,0,21.0,Mature (13-24m),STANDARD RISK,1.0,2.0,154.76,3,0,3,Male
53039,0,16.0,Mature (13-24m),STANDARD RISK,1.0,2.0,284.92,2,0,1,Female
53040,0,3.0,New (0-3m),STANDARD RISK,3.0,2.0,171.49,3,0,3,Male
53041,0,16.0,Mature (13-24m),STANDARD RISK,1.0,2.0,151.96,3,1,2,Male
53042,0,6.0,Growing (4-6m),STANDARD RISK,8.0,2.0,148.7,4,0,1,Female
53043,0,22.0,Mature (13-24m),STANDARD RISK,1.0,2.0,250.04,3,0,3,Female
53044,0,11.0,Established (7-12m),STANDARD RISK,8.0,7.0,184.74,5,1,1,Male
53045,0,4.0,Growing (4-6m),STANDARD RISK,3.0,3.0,172.36,3,1,3,Female
53046,0,1.0,New (0-3m),STANDARD RISK,8.0,8.0,177.96,3,0,3,Male
53047,0,16.0,Mature (13-24m),STANDARD RISK,1.0,2.0,192.81,2,0,1,Male
53048,1,1.0,New (0-3m),STANDARD RISK,3.0,2.0,146.74,4,1,3,Female
53049,0,10.0,Established (7-12m),STANDARD RISK,1.0,2.0,191.53,2,0,3,Female
53050,0,10.0,Established (7-12m),STANDARD RISK,3.0,2.0,221.99,2,0,3,Male
53051,0,31.0,Loyal (25m+),STANDARD RISK,3.0,2.0,192.55,3,0,1,Male
53052,0,14.0,Mature (13-24m),STANDARD RISK,8.0,2.0,147.13,3,1,1,Female
53053,0,1.0,New (0-3m),STANDARD RISK,3.0,3.0,151.1,2,0,3,Male
53054,1,1.0,New (0-3m),STANDARD RISK,1.0,2.0,153.51,3,1,3,Female
53055,0,11.0,Established (7-12m),STANDARD RISK,4.0,2.0,159.52,5,0,1,Female
53056,0,20.0,Mature (13-24m),STANDARD RISK,1.0,2.0,177.58,3,0,1,Female
53057,1,5.0,Growing (4-6m),STANDARD RISK,3.0,8.0,218.55,4,0,3,Male
53058,0,24.0,Mature (13-24m),STANDARD RISK,3.0,2.0,229.96,2,0,1,Male
53059,1,4.0,Growing (4-6m),STANDARD RISK,1.0,2.0,188.8,3,1,3,Male
53060,0,5.0,Growing (4-6m),STANDARD RISK,3.0,3.0,151.57,4,1,1,Male
53061,1,1.0,New (0-3m),STANDARD RISK,1.0,2.0,152.16,4,0,3,Female
53062,0,3.0,New (0-3m),STANDARD RISK,3.0,2.0,147.01,2,0,1,Male
53063,0,9.0,Established (7-12m),STANDARD RISK,1.0,2.0,190.4,4,0,1,Male
53064,0,1.0,New (0-3m),STANDARD RISK,5.0,2.0,163.16,4,0,1,Male
53065,0,2.0,New (0-3m),STANDARD RISK,8.0,2.0,177.53,2,0,3,Male
53066,0,23.0,Mature (13-24m),STANDARD RISK,1.0,2.0,170.0,3,0,1,Male
53067,0,25.0,Loyal (25m+),STANDARD RISK,8.0,2.0,174.36,2,0,3,Female
53068,0,10.0,Established (7-12m),STANDARD RISK,3.0,3.0,150.43,3,0,1,Female
53069,1,1.0,New (0-3m),CRITICAL RISK,5.0,2.0,178.04,2,1,3,Male
53070,0,29.0,Loyal (25m+),STANDARD RISK,3.0,2.0,291.59,2,1,1,Female
53071,0,1.0,New (0-3m),STANDARD RISK,4.0,2.0,167.6,3,1,3,Female
53072,0,4.0,Growing (4-6m),STANDARD RISK,1.0,2.0,149.76,4,0,3,Male
53073,1,1.0,New (0-3m),STANDARD RISK,5.0,2.0,156.02,5,0,1,Male
53074,0,1.0,New (0-3m),STANDARD RISK,3.0,2.0,147.44,4,0,1,Female
53075,0,10.0,Established (7-12m),STANDARD RISK,1.0,10.0,200.96,3,0,3,Male
53076,1,1.0,New (0-3m),CRITICAL RISK,1.0,2.0,147.85,2,1,1,Male
53077,0,11.0,Established (7-12m),STANDARD RISK,18.0,13.0,155.34,5,0,1,Female
53078,0,14.0,Mature (13-24m),LOW RISK,4.0,2.0,182.15,4,0,3,Female
53079,0,16.0,Mature (13-24m),LOW RISK,3.0,2.0,150.76,5,0,1,Female
53080,0,11.0,Established (7-12m),STANDARD RISK,2.0,2.0,166.97,4,1,1,Male
53081,0,17.0,Mature (13-24m),LOW RISK,10.0,4.0,268.36,4,0,1,Male
53082,0,14.0,Mature (13-24m),STANDARD RISK,1.0,2.0,159.48,3,0,1,Female
53083,0,28.0,Loyal (25m+),LOW RISK,3.0,2.0,319.06,5,0,1,Male
53084,0,8.0,Established (7-12m),STANDARD RISK,3.0,2.0,190.38,3,0,3,Female
53085,0,5.0,Growing (4-6m),STANDARD RISK,13.0,4.0,168.06,5,0,1,Female
53086,0,17.0,Mature (13-24m),STANDARD RISK,3.0,2.0,147.58,2,0,1,Male
53087,0,17.0,Mature (13-24m),STANDARD RISK,3.0,2.0,170.22,3,1,1,Female
53088,0,1.0,New (0-3m),CRITICAL RISK,4.0,2.0,169.87,2,1,3,Female
53089,0,11.0,Established (7-12m),STANDARD RISK,8.0,11.0,169.49,3,1,1,Female
53090,0,5.0,Growing (4-6m),STANDARD RISK,3.0,4.0,147.18,5,0,1,Male
53091,0,13.0,Mature (13-24m),STANDARD RISK,7.0,2.0,316.97,3,1,1,Male
53092,0,30.0,Loyal (25m+),LOW RISK,8.0,2.0,257.12,5,0,3,Female
53093,0,4.0,Growing (4-6m),STANDARD RISK,5.0,5.0,190.77,3,0,3,Female
53094,0,15.0,Mature (13-24m),LOW RISK,8.0,2.0,208.92,5,0,3,Male
53095,0,2.0,New (0-3m),STANDARD RISK,9.0,2.0,170.58,5,0,1,Male
53096,1,1.0,New (0-3m),STANDARD RISK,3.0,2.0,165.31,5,0,1,Male
53097,0,26.0,Loyal (25m+),STANDARD RISK,5.0,2.0,204.69,3,1,1,Male
53098,0,19.0,Mature (13-24m),STANDARD RISK,3.0,2.0,151.54,2,0,1,Male
53099,0,26.0,Loyal (25m+),STANDARD RISK,5.0,2.0,290.55,2,0,1,Female
53100,0,16.0,Mature (13-24m),STANDARD RISK,3.0,2.0,170.56,3,0,1,Female
53101,0,4.0,Growing (4-6m),MEDIUM RISK,3.0,2.0,185.91,2,0,1,Female
53102,0,31.0,Loyal (25m+),LOW RISK,11.0,12.0,320.66,5,0,1,Female
53103,0,20.0,Mature (13-24m),STANDARD RISK,9.0,2.0,173.1,3,0,1,Female
53104,0,16.0,Mature (13-24m),STANDARD RISK,5.0,2.0,170.23,2,0,1,Female
53105,1,1.0,New (0-3m),STANDARD RISK,5.0,2.0,157.02,4,1,3,Female
53106,1,1.0,New (0-3m),STANDARD RISK,1.0,2.0,148.51,3,0,3,Female
53107,0,12.0,Established (7-12m),STANDARD RISK,1.0,2.0,142.02,2,1,1,Male
53108,0,14.0,Mature (13-24m),STANDARD RISK,13.0,2.0,305.41,3,0,3,Female
53109,0,1.0,New (0-3m),STANDARD RISK,3.0,2.0,153.86,2,0,1,Female
53110,0,4.0,Growing (4-6m),MEDIUM RISK,5.0,2.0,145.97,2,0,1,Male
53111,0,3.0,New (0-3m),STANDARD RISK,8.0,2.0,244.35,3,0,1,Male
53112,1,1.0,New (0-3m),STANDARD RISK,2.0,2.0,150.46,4,0,1,Female
53113,1,1.0,New (0-3m),STANDARD RISK,1.0,2.0,150.64,2,0,2,Male
53114,0,4.0,Growing (4-6m),STANDARD RISK,9.0,8.0,209.12,5,0,3,Female
53115,0,31.0,Loyal (25m+),STANDARD RISK,1.0,2.0,266.18,2,0,3,Male
53116,0,24.0,Mature (13-24m),STANDARD RISK,8.0,16.0,295.46,3,0,1,Male
53117,0,4.0,Growing (4-6m),MEDIUM RISK,8.0,7.0,150.64,2,0,1,Female
53118,0,31.0,Loyal (25m+),LOW RISK,3.0,14.0,227.66,5,0,3,Female
53119,0,21.0,Mature (13-24m),STANDARD RISK,5.0,2.0,175.7,2,0,1,Female
53120,0,20.0,Mature (13-24m),STANDARD RISK,2.0,2.0,303.61,3,0,1,Male
53121,0,9.0,Established (7-12m),STANDARD RISK,4.0,5.0,167.3,3,0,1,Male
53122,0,28.0,Loyal (25m+),STANDARD RISK,1.0,2.0,162.8,3,0,1,Female
53123,0,8.0,Established (7-12m),STANDARD RISK,8.0,6.0,152.68,3,0,1,Male
53124,0,20.0,Mature (13-24m),STANDARD RISK,3.0,2.0,215.71,2,1,3,Female
53125,0,5.0,Growing (4-6m),STANDARD RISK,9.0,2.0,231.48,4,0,1,Male
53126,1,1.0,New (0-3m),STANDARD RISK,8.0,8.0,261.1,3,1,1,Male
53127,1,1.0,New (0-3m),STANDARD RISK,4.0,2.0,159.08,2,0,1,Male
53128,0,4.0,Growing (4-6m),STANDARD RISK,3.0,2.0,154.83,4,0,3,Male
53129,0,9.0,Established (7-12m),STANDARD RISK,1.0,2.0,201.32,3,1,1,Male
53130,1,1.0,New (0-3m),STANDARD RISK,3.0,2.0,223.24,3,0,1,Male
53131,1,1.0,New (0-3m),STANDARD RISK,3.0,2.0,224.5,5,1,2,Female
53132,0,16.0,Mature (13-24m),STANDARD RISK,1.0,3.0,145.93,3,0,1,Male
53133,0,10.0,Established (7-12m),STANDARD RISK,3.0,10.0,224.8,2,0,3,Male
53134,1,1.0,New (0-3m),STANDARD RISK,3.0,2.0,163.94,3,0,1,Male
53135,0,22.0,Mature (13-24m),STANDARD RISK,8.0,7.0,165.51,2,0,3,Female
53136,0,29.0,Loyal (25m+),LOW RISK,8.0,8.0,293.35,4,0,3,Female
53137,0,15.0,Mature (13-24m),STANDARD RISK,11.0,2.0,187.3,2,0,3,Male
53138,0,9.0,Established (7-12m),STANDARD RISK,10.0,7.0,172.17,3,0,3,Male
53139,0,14.0,Mature (13-24m),STANDARD RISK,14.0,2.0,257.37,3,0,1,Female
53140,0,13.0,Mature (13-24m),STANDARD RISK,8.0,2.0,162.55,3,0,1,Female
53141,0,5.0,Growing (4-6m),MEDIUM RISK,6.0,2.0,190.82,2,1,3,Male
53142,0,16.0,Mature (13-24m),STANDARD RISK,9.0,6.0,199.06,5,1,1,Male
53143,0,19.0,Mature (13-24m),LOW RISK,8.0,4.0,173.05,4,0,3,Male
53144,1,1.0,New (0-3m),STANDARD RISK,1.0,2.0,152.41,3,1,2,Female
53145,0,3.0,New (0-3m),STANDARD RISK,3.0,2.0,167.62,2,0,1,Male
53146,0,7.0,Established (7-12m),STANDARD RISK,6.0,2.0,286.84,3,0,1,Female
53147,0,1.0,New (0-3m),STANDARD RISK,2.0,2.0,240.57,2,0,3,Male
53148,1,1.0,New (0-3m),STANDARD RISK,1.0,2.0,143.78,4,1,3,Male
53149,0,14.0,Mature (13-24m),LOW RISK,2.0,2.0,234.32,5,0,3,Male
53150,0,15.0,Mature (13-24m),STANDARD RISK,8.0,2.0,193.11,3,1,1,Female
53151,0,1.0,New (0-3m),STANDARD RISK,1.0,2.0,168.06,3,0,3,Male
53152,0,9.0,Established (7-12m),STANDARD RISK,4.0,2.0,173.59,3,0,3,Female
53153,0,8.0,Established (7-12m),STANDARD RISK,8.0,6.0,178.37,2,0,3,Male
53154,1,1.0,New (0-3m),CRITICAL RISK,1.0,2.0,148.4,2,1,1,Male
53155,0,11.0,Established (7-12m),STANDARD RISK,3.0,2.0,199.91,2,0,1,Female
53156,0,20.0,Mature (13-24m),STANDARD RISK,3.0,2.0,230.27,3,0,1,Female
53157,0,15.0,Mature (13-24m),LOW RISK,9.0,12.0,290.95,5,0,3,Female
53158,0,11.0,Established (7-12m),STANDARD RISK,3.0,8.0,213.34,4,0,3,Male
53159,0,26.0,Loyal (25m+),STANDARD RISK,10.0,7.0,180.77,5,1,1,Male
53160,1,1.0,New (0-3m),STANDARD RISK,3.0,2.0,172.07,3,0,3,Male
53161,0,1.0,New (0-3m),STANDARD RISK,2.0,3.0,149.0,2,0,3,Male
53162,0,12.0,Established (7-12m),STANDARD RISK,3.0,2.0,223.24,3,0,1,Female
53163,0,11.0,Established (7-12m),STANDARD RISK,4.0,5.0,189.47,4,0,1,Female
53164,0,23.0,Mature (13-24m),STANDARD RISK,10.0,2.0,320.02,3,1,1,Male
53165,0,1.0,New (0-3m),CRITICAL RISK,5.0,2.0,152.25,2,1,1,Male
53166,0,1.0,New (0-3m),STANDARD RISK,5.0,2.0,187.72,4,0,3,Male
53167,0,1.0,New (0-3m),STANDARD RISK,1.0,2.0,146.27,4,0,1,Male
53168,0,24.0,Mature (13-24m),LOW RISK,8.0,11.0,307.0,4,0,2,Male
53169,0,1.0,New (0-3m),STANDARD RISK,7.0,2.0,145.96,3,0,3,Male
53170,1,1.0,New (0-3m),STANDARD RISK,3.0,2.0,153.86,3,1,1,Female
53171,1,1.0,New (0-3m),STANDARD RISK,1.0,2.0,145.33,5,0,3,Male
53172,0,8.0,Established (7-12m),STANDARD RISK,4.0,2.0,161.22,2,1,1,Male
53173,1,1.0,New (0-3m),STANDARD RISK,3.0,2.0,167.33,5,0,3,Male
53174,0,9.0,Established (7-12m),STANDARD RISK,3.0,2.0,161.81,2,0,1,Male
53175,0,5.0,Growing (4-6m),MEDIUM RISK,8.0,6.0,179.6,2,0,3,Male
53176,0,1.0,New (0-3m),STANDARD RISK,4.0,2.0,146.87,3,0,1,Female
53177,0,11.0,Established (7-12m),STANDARD RISK,3.0,2.0,221.02,3,1,3,Male
53178,0,1.0,New (0-3m),STANDARD RISK,1.0,2.0,153.36,4,0,1,Female
53179,0,16.0,Mature (13-24m),STANDARD RISK,3.0,3.0,165.89,2,0,1,Female
53180,0,17.0,Mature (13-24m),STANDARD RISK,1.0,2.0,291.27,2,1,1,Male
53181,0,12.0,Established (7-12m),STANDARD RISK,1.0,2.0,151.19,5,0,1,Female
53182,0,17.0,Mature (13-24m),STANDARD RISK,8.0,5.0,181.79,3,1,1,Male
53183,0,22.0,Mature (13-24m),LOW RISK,3.0,2.0,279.02,5,0,1,Female
53184,0,18.0,Mature (13-24m),STANDARD RISK,3.0,2.0,184.85,3,0,2,Female
53185,0,8.0,Established (7-12m),STANDARD RISK,7.0,2.0,150.79,3,1,3,Female
53186,1,1.0,New (0-3m),STANDARD RISK,3.0,2.0,155.41,5,0,3,Male
53187,0,1.0,New (0-3m),STANDARD RISK,3.0,2.0,159.47,3,0,3,Male
53188,0,18.0,Mature (13-24m),STANDARD RISK,2.0,2.0,320.13,2,1,1,Male
53189,0,1.0,New (0-3m),STANDARD RISK,3.0,3.0,152.73,3,0,1,Male
53190,0,7.0,Established (7-12m),STANDARD RISK,3.0,2.0,196.04,3,0,3,Male
53191,0,6.0,Growing (4-6m),MEDIUM RISK,6.0,2.0,188.22,2,1,1,Female
53192,0,4.0,Growing (4-6m),STANDARD RISK,1.0,2.0,145.83,3,0,1,Female
53193,0,27.0,Loyal (25m+),LOW RISK,11.0,9.0,208.81,5,0,3,Female
53194,0,8.0,Established (7-12m),STANDARD RISK,9.0,9.0,151.91,2,0,1,Male
53195,1,9.0,Established (7-12m),STANDARD RISK,1.0,2.0,167.86,5,0,3,Female
53196,0,1.0,New (0-3m),CRITICAL RISK,3.0,2.0,151.59,2,1,1,Female
53197,0,11.0,Established (7-12m),STANDARD RISK,3.0,8.0,219.34,3,0,1,Male
53198,0,3.0,New (0-3m),STANDARD RISK,3.0,2.0,180.61,3,0,3,Female
53199,0,9.0,Established (7-12m),STANDARD RISK,9.0,12.0,191.46,2,0,1,Male
53200,0,7.0,Established (7-12m),STANDARD RISK,8.0,5.0,202.25,2,0,1,Male
53201,0,28.0,Loyal (25m+),LOW RISK,2.0,2.0,232.25,4,0,2,Male
53202,0,10.0,Established (7-12m),STANDARD RISK,3.0,2.0,213.47,4,1,1,Male
53203,0,1.0,New (0-3m),STANDARD RISK,2.0,2.0,145.45,2,0,1,Male
53204,1,1.0,New (0-3m),STANDARD RISK,2.0,2.0,135.09,3,1,1,Male
53205,1,1.0,New (0-3m),STANDARD RISK,8.0,10.0,158.48,5,1,1,Male
53206,0,9.0,Established (7-12m),STANDARD RISK,1.0,2.0,137.81,3,0,1,Male
53207,0,1.0,New (0-3m),STANDARD RISK,3.0,2.0,153.19,5,0,1,Male
53208,0,1.0,New (0-3m),STANDARD RISK,3.0,2.0,173.51,4,0,3,Male
53209,0,12.0,Established (7-12m),STANDARD RISK,6.0,2.0,165.28,2,0,3,Female
53210,0,3.0,New (0-3m),STANDARD RISK,9.0,3.0,152.2,2,0,1,Male
53211,0,22.0,Mature (13-24m),LOW RISK,3.0,3.0,206.2,4,0,3,Male
53212,0,1.0,New (0-3m),CRITICAL RISK,5.0,2.0,171.47,2,1,3,Female
53213,0,11.0,Established (7-12m),STANDARD RISK,1.0,2.0,171.8,2,0,1,Male
53214,0,24.0,Mature (13-24m),STANDARD RISK,9.0,4.0,157.21,3,1,1,Male
53215,0,8.0,Established (7-12m),STANDARD RISK,3.0,8.0,211.21,4,0,1,Female
53216,1,1.0,New (0-3m),STANDARD RISK,1.0,3.0,170.77,3,0,3,Female
53217,0,13.0,Mature (13-24m),STANDARD RISK,11.0,12.0,170.53,3,0,1,Female
53218,0,6.0,Growing (4-6m),MEDIUM RISK,9.0,2.0,178.96,2,0,3,Male
53219,1,14.0,Mature (13-24m),STANDARD RISK,4.0,2.0,192.96,3,1,3,Male
53220,0,12.0,Established (7-12m),STANDARD RISK,9.0,2.0,201.25,2,0,1,Female
53221,0,1.0,New (0-3m),STANDARD RISK,8.0,2.0,199.12,5,0,1,Female
53222,0,6.0,Growing (4-6m),MEDIUM RISK,8.0,2.0,236.59,2,0,1,Female
53223,0,21.0,Mature (13-24m),LOW RISK,8.0,2.0,174.6,5,0,3,Male
53224,0,14.0,Mature (13-24m),STANDARD RISK,3.0,2.0,229.75,5,1,3,Male
53225,0,27.0,Loyal (25m+),STANDARD RISK,4.0,2.0,273.14,3,0,1,Male
53226,0,15.0,Mature (13-24m),STANDARD RISK,7.0,13.0,316.41,2,0,2,Male
53227,0,31.0,Loyal (25m+),LOW RISK,3.0,3.0,179.05,5,0,3,Male
53228,0,1.0,New (0-3m),STANDARD RISK,3.0,2.0,212.93,5,0,1,Male
53229,0,15.0,Mature (13-24m),STANDARD RISK,11.0,3.0,316.89,3,0,2,Male
53230,0,24.0,Mature (13-24m),LOW RISK,3.0,3.0,163.75,4,0,3,Male
53231,1,1.0,New (0-3m),STANDARD RISK,8.0,4.0,147.16,4,1,1,Female
53232,0,10.0,Established (7-12m),STANDARD RISK,6.0,2.0,242.13,5,0,1,Female
53233,0,12.0,Established (7-12m),STANDARD RISK,1.0,2.0,203.61,3,1,1,Female
53234,0,18.0,Mature (13-24m),STANDARD RISK,5.0,2.0,162.08,3,0,1,Male
53235,0,21.0,Mature (13-24m),STANDARD RISK,14.0,12.0,262.7,3,1,3,Female
53236,0,4.0,Growing (4-6m),MEDIUM RISK,8.0,8.0,178.04,2,0,3,Male
53237,0,3.0,New (0-3m),STANDARD RISK,1.0,2.0,151.42,3,0,3,Male
53238,1,6.0,Growing (4-6m),STANDARD RISK,3.0,3.0,152.59,3,1,1,Male
53239,0,17.0,Mature (13-24m),STANDARD RISK,3.0,3.0,193.04,2,0,3,Male
53240,0,8.0,Established (7-12m),STANDARD RISK,4.0,5.0,186.42,3,0,1,Female
53241,0,1.0,New (0-3m),STANDARD RISK,3.0,2.0,150.0,5,0,1,Male
53242,0,13.0,Mature (13-24m),LOW RISK,7.0,4.0,188.89,4,0,2,Female
53243,0,30.0,Loyal (25m+),STANDARD RISK,2.0,2.0,236.03,2,0,1,Male
53244,0,14.0,Mature (13-24m),STANDARD RISK,4.0,3.0,148.42,2,1,1,Female
53245,0,1.0,New (0-3m),STANDARD RISK,8.0,2.0,193.11,5,0,1,Female
53246,0,3.0,New (0-3m),STANDARD RISK,3.0,3.0,147.97,4,0,3,Male
53247,0,27.0,Loyal (25m+),STANDARD RISK,3.0,3.0,149.5,2,0,1,Male
53248,0,9.0,Established (7-12m),STANDARD RISK,1.0,2.0,175.93,5,0,1,Female
53249,0,6.0,Growing (4-6m),MEDIUM RISK,8.0,5.0,178.09,2,0,1,Male
53250,0,12.0,Established (7-12m),STANDARD RISK,2.0,2.0,155.57,3,1,1,Male
53251,0,8.0,Established (7-12m),STANDARD RISK,1.0,2.0,176.21,5,0,1,Female
53252,0,26.0,Loyal (25m+),LOW RISK,17.0,2.0,293.56,5,0,3,Male
53253,1,1.0,New (0-3m),CRITICAL RISK,9.0,8.0,151.86,2,1,1,Male
53254,0,1.0,New (0-3m),STANDARD RISK,5.0,2.0,186.8,2,0,3,Female
53255,0,19.0,Mature (13-24m),STANDARD RISK,2.0,4.0,191.32,3,0,3,Male
53256,0,1.0,New (0-3m),STANDARD RISK,3.0,2.0,160.05,3,0,1,Male
53257,1,11.0,Established (7-12m),STANDARD RISK,4.0,2.0,188.97,3,1,3,Female
53258,0,8.0,Established (7-12m),STANDARD RISK,5.0,2.0,187.74,2,0,3,Male
53259,1,19.0,Mature (13-24m),STANDARD RISK,5.0,2.0,323.59,5,1,1,Male
53260,0,10.0,Established (7-12m),STANDARD RISK,10.0,2.0,200.87,5,0,3,Male
53261,0,26.0,Loyal (25m+),STANDARD RISK,3.0,2.0,167.58,2,0,1,Male
53262,0,1.0,New (0-3m),STANDARD RISK,1.0,3.0,168.64,2,0,1,Female
53263,0,3.0,New (0-3m),STANDARD RISK,2.0,2.0,168.35,3,0,1,Female
53264,1,1.0,New (0-3m),STANDARD RISK,3.0,2.0,178.26,5,0,3,Male
53265,0,8.0,Established (7-12m),STANDARD RISK,4.0,2.0,157.8,2,0,1,Female
53266,0,28.0,Loyal (25m+),STANDARD RISK,5.0,2.0,179.85,5,1,1,Female
53267,0,3.0,New (0-3m),STANDARD RISK,2.0,2.0,168.42,2,0,3,Male
53268,0,11.0,Established (7-12m),STANDARD RISK,4.0,5.0,152.82,5,1,1,Female
53269,0,12.0,Established (7-12m),STANDARD RISK,13.0,5.0,184.8,5,1,1,Female
53270,0,8.0,Established (7-12m),STANDARD RISK,4.0,2.0,168.81,5,0,1,Female
53271,0,9.0,Established (7-12m),STANDARD RISK,3.0,2.0,150.72,2,0,3,Female
53272,0,4.0,Growing (4-6m),STANDARD RISK,3.0,2.0,163.33,3,0,1,Male
53273,0,14.0,Mature (13-24m),LOW RISK,8.0,4.0,167.44,4,0,1,Female
53274,0,8.0,Established (7-12m),STANDARD RISK,3.0,2.0,190.0,5,0,3,Female
53275,0,16.0,Mature (13-24m),STANDARD RISK,10.0,15.0,309.3,2,0,1,Male
53276,1,1.0,New (0-3m),STANDARD RISK,1.0,2.0,141.01,5,1,1,Male
53277,0,1.0,New (0-3m),STANDARD RISK,1.0,2.0,151.94,4,0,1,Male
53278,0,26.0,Loyal (25m+),STANDARD RISK,5.0,2.0,156.49,3,0,1,Female
53279,0,24.0,Mature (13-24m),STANDARD RISK,4.0,2.0,301.39,3,0,1,Male
53280,1,1.0,New (0-3m),STANDARD RISK,1.0,2.0,148.19,5,1,1,Female
53281,0,7.0,Established (7-12m),STANDARD RISK,8.0,2.0,241.91000000000005,3,0,1,Male
53282,1,1.0,New (0-3m),STANDARD RISK,3.0,2.0,178.24,5,0,3,Female
53283,0,21.0,Mature (13-24m),STANDARD RISK,1.0,4.0,292.52,2,1,1,Female
53284,0,10.0,Established (7-12m),STANDARD RISK,6.0,2.0,177.28,4,0,1,Female
53285,0,3.0,New (0-3m),STANDARD RISK,8.0,2.0,152.0,3,0,1,Male
53286,1,21.0,Mature (13-24m),STANDARD RISK,9.0,14.0,317.46,4,1,1,Male
53287,0,9.0,Established (7-12m),STANDARD RISK,3.0,3.0,150.06,3,0,1,Female
53288,0,16.0,Mature (13-24m),STANDARD RISK,3.0,2.0,185.62,2,1,1,Female
53289,1,1.0,New (0-3m),STANDARD RISK,2.0,3.0,168.82,3,0,1,Male
53290,0,10.0,Established (7-12m),STANDARD RISK,5.0,2.0,146.43,4,0,2,Male
53291,0,6.0,Growing (4-6m),STANDARD RISK,9.0,7.0,186.62,3,0,1,Female
53292,0,14.0,Mature (13-24m),STANDARD RISK,1.0,2.0,175.94,3,0,1,Male
53293,0,4.0,Growing (4-6m),MEDIUM RISK,1.0,2.0,193.77,2,1,1,Female
53294,0,19.0,Mature (13-24m),STANDARD RISK,1.0,2.0,147.74,3,0,1,Female
53295,0,16.0,Mature (13-24m),LOW RISK,9.0,8.0,169.34,4,0,1,Male
53296,0,12.0,Established (7-12m),STANDARD RISK,3.0,2.0,187.88,5,0,1,Male
53297,0,8.0,Established (7-12m),STANDARD RISK,4.0,2.0,150.53,2,0,1,Female
53298,1,13.0,Mature (13-24m),STANDARD RISK,8.0,8.0,201.54,2,0,3,Female
53299,1,19.0,Mature (13-24m),STANDARD RISK,4.0,8.0,176.6,2,0,3,Male
53300,0,17.0,Mature (13-24m),LOW RISK,1.0,2.0,296.59,5,0,1,Male
53301,0,1.0,New (0-3m),CRITICAL RISK,9.0,2.0,253.08,2,1,1,Male
53302,0,9.0,Established (7-12m),STANDARD RISK,3.0,2.0,227.21,3,0,1,Male
53303,0,2.0,New (0-3m),STANDARD RISK,6.0,8.0,172.79,4,1,3,Female
53304,0,8.0,Established (7-12m),STANDARD RISK,3.0,2.0,162.37,2,0,2,Male
53305,1,1.0,New (0-3m),STANDARD RISK,8.0,2.0,148.66,3,1,1,Female
53306,0,1.0,New (0-3m),STANDARD RISK,1.0,2.0,142.06,2,0,1,Male
53307,0,25.0,Loyal (25m+),STANDARD RISK,18.0,5.0,288.07,3,0,3,Female
53308,0,18.0,Mature (13-24m),LOW RISK,4.0,3.0,184.33,4,0,1,Male
53309,0,1.0,New (0-3m),STANDARD RISK,2.0,2.0,159.24,5,0,1,Male
53310,0,7.0,Established (7-12m),STANDARD RISK,9.0,2.0,165.37,5,0,3,Male
53311,0,9.0,Established (7-12m),STANDARD RISK,2.0,2.0,150.59,5,0,1,Female
53312,0,10.0,Established (7-12m),STANDARD RISK,12.0,5.0,187.01,2,1,3,Male
53313,0,6.0,Growing (4-6m),MEDIUM RISK,4.0,2.0,169.03,2,0,3,Male
53314,0,4.0,Growing (4-6m),MEDIUM RISK,4.0,2.0,162.61,2,0,1,Male
53315,0,27.0,Loyal (25m+),STANDARD RISK,5.0,2.0,234.34,2,1,3,Female
53316,0,19.0,Mature (13-24m),STANDARD RISK,3.0,2.0,232.61,5,1,3,Male
53317,0,6.0,Growing (4-6m),STANDARD RISK,4.0,2.0,176.75,3,0,1,Female
53318,0,26.0,Loyal (25m+),STANDARD RISK,1.0,2.0,263.26,2,0,1,Female
53319,0,11.0,Established (7-12m),STANDARD RISK,1.0,2.0,188.34,3,0,3,Male
53320,0,2.0,New (0-3m),STANDARD RISK,5.0,2.0,174.36,2,0,2,Male
53321,0,1.0,New (0-3m),STANDARD RISK,3.0,3.0,172.75,2,0,1,Male
53322,0,18.0,Mature (13-24m),STANDARD RISK,3.0,2.0,153.18,2,1,1,Male
53323,0,16.0,Mature (13-24m),STANDARD RISK,3.0,3.0,150.15,2,1,1,Male
53324,0,10.0,Established (7-12m),STANDARD RISK,4.0,2.0,148.42,5,0,2,Male
53325,0,1.0,New (0-3m),STANDARD RISK,4.0,2.0,166.94,5,1,3,Male
53326,0,9.0,Established (7-12m),STANDARD RISK,16.0,2.0,231.85,3,1,1,Female
53327,1,1.0,New (0-3m),STANDARD RISK,9.0,8.0,145.22,4,1,1,Female
53328,0,6.0,Growing (4-6m),MEDIUM RISK,3.0,2.0,148.14,2,0,1,Male
53329,0,1.0,New (0-3m),STANDARD RISK,4.0,2.0,167.56,5,0,3,Male
53330,0,23.0,Mature (13-24m),LOW RISK,3.0,2.0,160.8,5,0,1,Female
53331,0,1.0,New (0-3m),STANDARD RISK,5.0,4.0,156.62,2,0,1,Male
53332,0,6.0,Growing (4-6m),STANDARD RISK,4.0,6.0,190.24,4,0,3,Male
53333,0,12.0,Established (7-12m),STANDARD RISK,3.0,2.0,153.99,4,0,3,Male
53334,0,16.0,Mature (13-24m),STANDARD RISK,4.0,2.0,177.31,2,1,1,Female
53335,0,5.0,Growing (4-6m),MEDIUM RISK,3.0,2.0,148.56,2,1,1,Male
53336,1,1.0,New (0-3m),STANDARD RISK,3.0,2.0,153.0,3,1,3,Female
53337,0,27.0,Loyal (25m+),STANDARD RISK,3.0,2.0,243.36,2,0,3,Male
53338,0,9.0,Established (7-12m),STANDARD RISK,9.0,2.0,234.03,4,0,1,Male
53339,0,11.0,Established (7-12m),STANDARD RISK,1.0,2.0,154.73,2,0,3,Female
53340,0,27.0,Loyal (25m+),STANDARD RISK,9.0,4.0,267.75,2,0,1,Female
53341,0,17.0,Mature (13-24m),STANDARD RISK,3.0,3.0,180.62,2,0,1,Female
53342,0,21.0,Mature (13-24m),STANDARD RISK,8.0,8.0,170.37,2,1,3,Female
53343,0,11.0,Established (7-12m),STANDARD RISK,10.0,2.0,201.42,4,1,3,Male
53344,0,24.0,Mature (13-24m),LOW RISK,8.0,15.0,304.24,5,0,1,Male
53345,0,13.0,Mature (13-24m),STANDARD RISK,5.0,2.0,177.04,2,0,2,Female
53346,0,7.0,Established (7-12m),STANDARD RISK,4.0,2.0,147.77,4,1,2,Male
53347,1,1.0,New (0-3m),CRITICAL RISK,2.0,2.0,152.95,2,1,1,Male
53348,0,3.0,New (0-3m),STANDARD RISK,4.0,2.0,150.32,2,0,1,Female
53349,0,18.0,Mature (13-24m),STANDARD RISK,2.0,8.0,150.59,5,1,1,Male
53350,0,2.0,New (0-3m),STANDARD RISK,3.0,2.0,174.08,2,0,3,Male
53351,1,21.0,Mature (13-24m),STANDARD RISK,1.0,2.0,148.8,2,1,1,Male
53352,0,17.0,Mature (13-24m),LOW RISK,1.0,2.0,172.65,4,0,1,Female
53353,1,1.0,New (0-3m),STANDARD RISK,3.0,2.0,145.44,3,0,3,Female
53354,1,1.0,New (0-3m),STANDARD RISK,1.0,2.0,151.93,2,0,1,Female
53355,0,10.0,Established (7-12m),STANDARD RISK,12.0,5.0,190.86,2,1,1,Male
53356,0,21.0,Mature (13-24m),STANDARD RISK,3.0,2.0,157.94,2,1,3,Female
53357,1,1.0,New (0-3m),STANDARD RISK,3.0,2.0,166.71,3,1,1,Female
53358,1,5.0,Growing (4-6m),MEDIUM RISK,1.0,2.0,152.78,2,1,1,Female
53359,0,2.0,New (0-3m),STANDARD RISK,3.0,3.0,148.77,3,0,1,Female
53360,1,3.0,New (0-3m),STANDARD RISK,3.0,3.0,149.04,5,1,1,Male
53361,0,1.0,New (0-3m),STANDARD RISK,1.0,2.0,148.18,3,0,1,Female
53362,0,8.0,Established (7-12m),STANDARD RISK,1.0,2.0,145.08,4,0,1,Male
53363,0,16.0,Mature (13-24m),STANDARD RISK,4.0,2.0,187.44,3,0,3,Female
53364,0,7.0,Established (7-12m),STANDARD RISK,3.0,2.0,152.99,5,1,1,Male
53365,0,31.0,Loyal (25m+),STANDARD RISK,3.0,2.0,230.52,4,1,1,Female
53366,0,5.0,Growing (4-6m),STANDARD RISK,3.0,6.0,148.29,3,0,3,Male
53367,0,9.0,Established (7-12m),STANDARD RISK,8.0,2.0,165.14,2,1,1,Female
53368,0,23.0,Mature (13-24m),LOW RISK,8.0,2.0,199.03,4,0,1,Female
53369,0,22.0,Mature (13-24m),STANDARD RISK,1.0,2.0,147.59,3,0,1,Male
53370,0,5.0,Growing (4-6m),STANDARD RISK,1.0,2.0,194.32,3,0,3,Female
53371,0,10.0,Established (7-12m),STANDARD RISK,2.0,2.0,171.78,2,0,1,Male
53372,0,12.0,Established (7-12m),STANDARD RISK,12.0,6.0,260.82,5,0,1,Female
53373,0,6.0,Growing (4-6m),STANDARD RISK,3.0,2.0,148.32,4,0,1,Female
53374,1,1.0,New (0-3m),STANDARD RISK,1.0,2.0,149.13,4,1,3,Male
53375,0,14.0,Mature (13-24m),LOW RISK,3.0,2.0,222.05,4,0,3,Male
53376,0,1.0,New (0-3m),STANDARD RISK,8.0,2.0,167.94,5,0,3,Male
53377,0,15.0,Mature (13-24m),STANDARD RISK,18.0,3.0,172.21,5,1,1,Male
53378,0,10.0,Established (7-12m),STANDARD RISK,10.0,4.0,150.19,3,0,1,Male
53379,1,1.0,New (0-3m),STANDARD RISK,1.0,2.0,146.21,4,1,3,Male
53380,1,1.0,New (0-3m),STANDARD RISK,1.0,2.0,154.73,5,0,1,Male
53381,0,5.0,Growing (4-6m),MEDIUM RISK,6.0,9.0,183.55,2,1,1,Female
53382,0,14.0,Mature (13-24m),STANDARD RISK,1.0,2.0,161.17,4,1,1,Male
53383,0,6.0,Growing (4-6m),STANDARD RISK,4.0,7.0,192.25,5,0,1,Female
53384,1,1.0,New (0-3m),CRITICAL RISK,3.0,4.0,228.25,2,1,3,Male
53385,0,7.0,Established (7-12m),STANDARD RISK,5.0,2.0,194.49,2,0,1,Female
53386,1,1.0,New (0-3m),STANDARD RISK,3.0,12.0,231.09,3,0,3,Male
53387,0,19.0,Mature (13-24m),LOW RISK,9.0,2.0,169.47,4,0,1,Male
53388,0,3.0,New (0-3m),STANDARD RISK,3.0,2.0,146.57,2,0,3,Female
53389,0,9.0,Established (7-12m),STANDARD RISK,1.0,2.0,171.01,3,0,3,Female
53390,0,26.0,Loyal (25m+),STANDARD RISK,9.0,8.0,295.99,2,0,1,Male
53391,1,21.0,Mature (13-24m),STANDARD RISK,1.0,2.0,149.79,3,0,1,Male
53392,0,27.0,Loyal (25m+),STANDARD RISK,3.0,16.0,273.52,3,0,3,Male
53393,0,4.0,Growing (4-6m),STANDARD RISK,8.0,8.0,197.64,3,0,3,Male
53394,0,12.0,Established (7-12m),STANDARD RISK,4.0,2.0,181.66,2,1,3,Female
53395,0,9.0,Established (7-12m),STANDARD RISK,9.0,2.0,203.23,2,0,3,Male
53396,0,13.0,Mature (13-24m),STANDARD RISK,8.0,2.0,203.8,3,0,3,Male
53397,1,4.0,Growing (4-6m),STANDARD RISK,1.0,2.0,256.94,4,1,3,Female
53398,0,21.0,Mature (13-24m),STANDARD RISK,8.0,3.0,175.67,3,1,1,Male
53399,0,10.0,Established (7-12m),STANDARD RISK,8.0,2.0,175.79,2,0,3,Male
53400,1,1.0,New (0-3m),STANDARD RISK,3.0,2.0,148.21,5,1,1,Male
53401,0,7.0,Established (7-12m),STANDARD RISK,1.0,7.0,299.44,3,0,3,Male
53402,1,1.0,New (0-3m),STANDARD RISK,1.0,2.0,149.04,5,1,1,Female
53403,0,7.0,Established (7-12m),STANDARD RISK,3.0,2.0,159.52,2,0,1,Female
53404,0,19.0,Mature (13-24m),STANDARD RISK,3.0,2.0,147.7,2,0,1,Female
53405,0,24.0,Mature (13-24m),STANDARD RISK,4.0,2.0,298.99,2,0,1,Male
53406,0,7.0,Established (7-12m),STANDARD RISK,3.0,2.0,179.88,4,1,1,Female
53407,0,15.0,Mature (13-24m),STANDARD RISK,12.0,2.0,319.19,3,0,1,Male
53408,0,1.0,New (0-3m),STANDARD RISK,3.0,3.0,153.11,4,0,1,Female
53409,0,19.0,Mature (13-24m),STANDARD RISK,9.0,2.0,161.33,5,1,1,Male
53410,0,21.0,Mature (13-24m),STANDARD RISK,8.0,2.0,166.63,2,1,3,Female
53411,1,1.0,New (0-3m),STANDARD RISK,2.0,2.0,146.32,3,1,1,Female
53412,0,24.0,Mature (13-24m),STANDARD RISK,6.0,2.0,264.73,3,1,1,Male
53413,0,12.0,Established (7-12m),STANDARD RISK,3.0,2.0,151.84,3,0,1,Male
53414,0,20.0,Mature (13-24m),STANDARD RISK,8.0,2.0,233.45,3,0,1,Male
53415,0,1.0,New (0-3m),STANDARD RISK,3.0,4.0,168.77,3,0,1,Female
53416,1,1.0,New (0-3m),STANDARD RISK,3.0,2.0,162.43,4,1,1,Male
53417,0,5.0,Growing (4-6m),STANDARD RISK,4.0,2.0,166.48,5,0,1,Female
53418,0,1.0,New (0-3m),STANDARD RISK,1.0,2.0,135.51,2,0,1,Male
53419,0,28.0,Loyal (25m+),STANDARD RISK,9.0,2.0,232.39,3,0,1,Female
53420,0,9.0,Established (7-12m),STANDARD RISK,3.0,11.0,228.88,3,1,1,Female
53421,0,4.0,Growing (4-6m),STANDARD RISK,8.0,2.0,239.16000000000005,5,1,1,Female
53422,1,1.0,New (0-3m),STANDARD RISK,1.0,2.0,151.0,5,1,1,Female
53423,1,1.0,New (0-3m),STANDARD RISK,3.0,2.0,149.22,4,0,1,Female
53424,0,1.0,New (0-3m),STANDARD RISK,4.0,2.0,179.72,2,0,1,Male
53425,0,1.0,New (0-3m),STANDARD RISK,2.0,2.0,149.51,5,0,1,Male
53426,0,22.0,Mature (13-24m),STANDARD RISK,3.0,3.0,167.4,3,0,1,Male
53427,0,22.0,Mature (13-24m),STANDARD RISK,9.0,2.0,234.99,3,0,1,Male
53428,0,15.0,Mature (13-24m),STANDARD RISK,2.0,3.0,175.03,3,0,1,Female
53429,0,13.0,Mature (13-24m),STANDARD RISK,9.0,2.0,252.42,2,0,1,Female
53430,0,1.0,New (0-3m),STANDARD RISK,3.0,3.0,167.27,2,0,1,Female
53431,0,9.0,Established (7-12m),STANDARD RISK,3.0,2.0,164.17,2,0,1,Male
53432,0,16.0,Mature (13-24m),STANDARD RISK,1.0,2.0,308.03,3,0,3,Male
53433,0,24.0,Mature (13-24m),STANDARD RISK,1.0,2.0,148.8,2,0,1,Male
53434,0,31.0,Loyal (25m+),STANDARD RISK,4.0,5.0,262.26,2,1,1,Female
53435,1,1.0,New (0-3m),STANDARD RISK,1.0,2.0,172.77,4,0,1,Female
53436,0,29.0,Loyal (25m+),STANDARD RISK,8.0,7.0,188.85,4,1,1,Male
53437,0,15.0,Mature (13-24m),STANDARD RISK,11.0,6.0,324.73,3,0,1,Female
53438,0,12.0,Established (7-12m),STANDARD RISK,1.0,2.0,193.61,2,1,3,Male
53439,1,1.0,New (0-3m),STANDARD RISK,3.0,3.0,174.69,5,0,3,Male
53440,1,16.0,Mature (13-24m),STANDARD RISK,10.0,7.0,323.45,2,0,3,Female
53441,0,18.0,Mature (13-24m),STANDARD RISK,12.0,2.0,258.2,2,1,3,Female
53442,0,24.0,Mature (13-24m),STANDARD RISK,14.0,2.0,188.47,3,0,3,Female
53443,1,1.0,New (0-3m),STANDARD RISK,15.0,16.0,152.43,5,0,1,Female
53444,0,13.0,Mature (13-24m),STANDARD RISK,9.0,2.0,233.8,5,1,1,Female
53445,0,7.0,Established (7-12m),STANDARD RISK,3.0,3.0,148.42,2,0,3,Female
53446,0,19.0,Mature (13-24m),STANDARD RISK,2.0,2.0,301.5,2,0,3,Female
53447,0,6.0,Growing (4-6m),STANDARD RISK,8.0,8.0,165.25,3,0,1,Female
53448,0,8.0,Established (7-12m),STANDARD RISK,3.0,2.0,222.25,2,0,3,Male
53449,0,31.0,Loyal (25m+),STANDARD RISK,5.0,2.0,244.04,2,1,3,Male
53450,0,19.0,Mature (13-24m),LOW RISK,5.0,2.0,146.77,4,0,2,Male
53451,0,27.0,Loyal (25m+),LOW RISK,13.0,7.0,200.25,4,0,3,Female
53452,1,1.0,New (0-3m),STANDARD RISK,1.0,2.0,173.34,3,0,1,Male
53453,1,1.0,New (0-3m),STANDARD RISK,3.0,2.0,145.42,5,1,1,Male
53454,0,8.0,Established (7-12m),STANDARD RISK,1.0,2.0,147.2,3,1,3,Female
53455,0,2.0,New (0-3m),STANDARD RISK,1.0,2.0,135.52,4,0,3,Male
53456,0,12.0,Established (7-12m),STANDARD RISK,3.0,3.0,153.21,3,0,1,Male
53457,0,24.0,Mature (13-24m),STANDARD RISK,8.0,8.0,317.37,3,1,1,Male
53458,0,11.0,Established (7-12m),STANDARD RISK,2.0,2.0,166.07,4,0,1,Female
53459,0,14.0,Mature (13-24m),LOW RISK,6.0,8.0,208.96,5,0,3,Male
53460,0,1.0,New (0-3m),STANDARD RISK,4.0,2.0,145.07,3,0,1,Female
53461,0,20.0,Mature (13-24m),STANDARD RISK,3.0,3.0,321.27,2,0,1,Male
53462,0,28.0,Loyal (25m+),STANDARD RISK,1.0,2.0,231.86,3,0,3,Female
53463,0,30.0,Loyal (25m+),STANDARD RISK,4.0,2.0,154.42,3,0,1,Female
53464,0,10.0,Established (7-12m),STANDARD RISK,3.0,8.0,213.58,2,0,1,Female
53465,0,29.0,Loyal (25m+),LOW RISK,3.0,7.0,292.56,5,0,1,Male
53466,0,17.0,Mature (13-24m),STANDARD RISK,1.0,2.0,259.0,2,0,3,Male
53467,1,1.0,New (0-3m),CRITICAL RISK,3.0,2.0,148.23,2,1,3,Female
53468,1,1.0,New (0-3m),STANDARD RISK,1.0,2.0,139.16,5,0,1,Female
53469,0,20.0,Mature (13-24m),STANDARD RISK,8.0,2.0,171.15,5,1,1,Female
53470,1,15.0,Mature (13-24m),STANDARD RISK,8.0,3.0,149.61,3,1,1,Male
53471,1,1.0,New (0-3m),STANDARD RISK,3.0,2.0,212.22,5,0,1,Male
53472,0,1.0,New (0-3m),STANDARD RISK,4.0,2.0,164.55,5,0,1,Male
53473,0,4.0,Growing (4-6m),STANDARD RISK,3.0,2.0,224.57,5,0,1,Male
53474,0,15.0,Mature (13-24m),STANDARD RISK,9.0,2.0,158.76,3,0,1,Female
53475,0,12.0,Established (7-12m),STANDARD RISK,3.0,2.0,213.23,3,0,1,Female
53476,0,14.0,Mature (13-24m),STANDARD RISK,3.0,12.0,228.22,2,0,1,Male
53477,0,1.0,New (0-3m),STANDARD RISK,3.0,2.0,171.21,3,0,1,Male
53478,0,29.0,Loyal (25m+),LOW RISK,3.0,2.0,234.76,4,0,1,Male
53479,0,2.0,New (0-3m),STANDARD RISK,8.0,2.0,161.6,3,0,1,Female
53480,1,8.0,Established (7-12m),STANDARD RISK,3.0,4.0,229.82,5,0,2,Male
53481,0,7.0,Established (7-12m),STANDARD RISK,3.0,2.0,196.19,2,0,1,Male
53482,1,1.0,New (0-3m),STANDARD RISK,3.0,5.0,220.82,5,1,3,Male
53483,1,1.0,New (0-3m),STANDARD RISK,9.0,4.0,170.08,3,0,1,Female
53484,0,2.0,New (0-3m),STANDARD RISK,3.0,3.0,147.07,3,0,1,Male
53485,0,8.0,Established (7-12m),STANDARD RISK,5.0,2.0,202.56,2,0,1,Male
53486,0,11.0,Established (7-12m),STANDARD RISK,1.0,2.0,191.94,2,1,3,Female
53487,1,1.0,New (0-3m),CRITICAL RISK,7.0,6.0,161.91,2,1,1,Male
53488,1,1.0,New (0-3m),STANDARD RISK,1.0,2.0,148.77,3,0,1,Male
53489,1,1.0,New (0-3m),STANDARD RISK,3.0,3.0,148.13,4,1,1,Male
53490,0,16.0,Mature (13-24m),LOW RISK,8.0,14.0,301.65,5,0,1,Male
53491,1,1.0,New (0-3m),STANDARD RISK,1.0,2.0,150.96,4,0,1,Male
53492,1,14.0,Mature (13-24m),STANDARD RISK,1.0,2.0,172.28,3,1,3,Male
53493,0,7.0,Established (7-12m),STANDARD RISK,3.0,2.0,168.02,4,0,3,Female
53494,0,8.0,Established (7-12m),STANDARD RISK,1.0,2.0,154.79,2,0,1,Male
53495,0,22.0,Mature (13-24m),STANDARD RISK,2.0,3.0,293.85,2,0,1,Male
53496,0,19.0,Mature (13-24m),STANDARD RISK,13.0,5.0,180.93,3,0,3,Female
53497,0,26.0,Loyal (25m+),LOW RISK,3.0,5.0,229.45,4,0,1,Male
53498,0,12.0,Established (7-12m),STANDARD RISK,3.0,3.0,212.4,3,1,3,Male
53499,0,3.0,New (0-3m),STANDARD RISK,8.0,2.0,150.14,2,0,1,Female
53500,0,2.0,New (0-3m),STANDARD RISK,8.0,2.0,201.55,4,0,1,Female
53501,0,20.0,Mature (13-24m),STANDARD RISK,10.0,5.0,299.65,3,0,3,Male
53502,0,12.0,Established (7-12m),STANDARD RISK,1.0,2.0,198.51,4,0,3,Male
53503,0,17.0,Mature (13-24m),LOW RISK,2.0,2.0,233.2,5,0,1,Female
53504,1,3.0,New (0-3m),STANDARD RISK,6.0,2.0,246.69,2,0,1,Male
53505,0,14.0,Mature (13-24m),STANDARD RISK,10.0,5.0,321.26,3,0,1,Male
53506,0,1.0,New (0-3m),STANDARD RISK,3.0,3.0,145.7,4,1,1,Female
53507,0,13.0,Mature (13-24m),LOW RISK,4.0,2.0,192.82,4,0,1,Male
53508,0,10.0,Established (7-12m),STANDARD RISK,10.0,2.0,202.79,2,0,1,Male
53509,0,5.0,Growing (4-6m),MEDIUM RISK,3.0,3.0,152.91,2,0,3,Male
53510,0,2.0,New (0-3m),STANDARD RISK,5.0,2.0,157.01,4,0,1,Male
53511,0,9.0,Established (7-12m),STANDARD RISK,3.0,2.0,174.68,2,0,3,Male
53512,0,23.0,Mature (13-24m),LOW RISK,4.0,2.0,256.2,4,0,3,Male
53513,0,8.0,Established (7-12m),STANDARD RISK,3.0,2.0,165.33,3,0,1,Male
53514,0,3.0,New (0-3m),STANDARD RISK,2.0,2.0,157.91,4,0,1,Female
53515,0,16.0,Mature (13-24m),STANDARD RISK,1.0,2.0,167.72,2,0,1,Male
53516,0,3.0,New (0-3m),CRITICAL RISK,3.0,2.0,175.56,2,1,1,Male
53517,0,12.0,Established (7-12m),STANDARD RISK,1.0,6.0,153.44,3,0,2,Male
53518,0,5.0,Growing (4-6m),STANDARD RISK,3.0,2.0,152.03,3,1,1,Male
53519,1,1.0,New (0-3m),STANDARD RISK,1.0,2.0,144.04,3,0,1,Male
53520,1,1.0,New (0-3m),STANDARD RISK,4.0,2.0,207.24,5,1,3,Female
53521,0,15.0,Mature (13-24m),STANDARD RISK,1.0,2.0,172.66,2,1,1,Male
53522,1,1.0,New (0-3m),STANDARD RISK,3.0,3.0,151.1,3,0,1,Male
53523,0,11.0,Established (7-12m),STANDARD RISK,4.0,2.0,182.31,2,0,1,Female
53524,0,1.0,New (0-3m),STANDARD RISK,3.0,3.0,150.39,3,0,1,Male
53525,0,8.0,Established (7-12m),STANDARD RISK,4.0,2.0,182.14,3,0,3,Female
53526,0,9.0,Established (7-12m),STANDARD RISK,5.0,2.0,168.23,3,0,2,Male
53527,1,1.0,New (0-3m),STANDARD RISK,11.0,4.0,198.36,5,0,3,Female
53528,0,14.0,Mature (13-24m),STANDARD RISK,14.0,2.0,259.99,3,0,1,Female
53529,1,6.0,Growing (4-6m),STANDARD RISK,15.0,14.0,262.58,5,1,3,Male
53530,0,16.0,Mature (13-24m),LOW RISK,6.0,2.0,176.55,5,0,3,Male
53531,0,9.0,Established (7-12m),STANDARD RISK,8.0,2.0,147.58,3,0,1,Male
53532,0,1.0,New (0-3m),STANDARD RISK,3.0,2.0,160.97,4,0,1,Male
53533,1,1.0,New (0-3m),CRITICAL RISK,1.0,2.0,150.15,2,1,1,Female
53534,0,1.0,New (0-3m),STANDARD RISK,8.0,2.0,169.2,2,0,1,Male
53535,0,4.0,Growing (4-6m),STANDARD RISK,5.0,2.0,190.78,3,0,3,Male
53536,0,14.0,Mature (13-24m),STANDARD RISK,1.0,2.0,169.22,2,1,1,Female
53537,0,9.0,Established (7-12m),STANDARD RISK,3.0,7.0,227.74,4,0,1,Male
53538,0,8.0,Established (7-12m),STANDARD RISK,10.0,5.0,178.43,5,0,1,Male
53539,0,9.0,Established (7-12m),STANDARD RISK,3.0,3.0,148.76,2,0,1,Male
53540,1,7.0,Established (7-12m),STANDARD RISK,4.0,2.0,178.46,3,0,3,Female
53541,0,6.0,Growing (4-6m),STANDARD RISK,1.0,2.0,153.27,5,0,3,Female
53542,0,30.0,Loyal (25m+),LOW RISK,3.0,5.0,324.43,5,0,1,Female
53543,0,3.0,New (0-3m),STANDARD RISK,9.0,2.0,156.31,2,0,1,Female
53544,0,1.0,New (0-3m),STANDARD RISK,1.0,2.0,150.52,5,0,1,Male
53545,0,19.0,Mature (13-24m),STANDARD RISK,3.0,2.0,169.77,3,1,1,Female
53546,0,11.0,Established (7-12m),STANDARD RISK,12.0,4.0,189.74,2,0,1,Female
53547,0,1.0,New (0-3m),STANDARD RISK,3.0,2.0,155.33,3,0,1,Male
53548,1,8.0,Established (7-12m),STANDARD RISK,3.0,2.0,154.36,3,1,1,Male
53549,0,27.0,Loyal (25m+),STANDARD RISK,8.0,5.0,311.06,3,0,1,Female
53550,0,3.0,New (0-3m),CRITICAL RISK,4.0,2.0,146.68,2,1,1,Female
53551,1,1.0,New (0-3m),CRITICAL RISK,1.0,2.0,153.53,2,1,1,Male
53552,0,20.0,Mature (13-24m),LOW RISK,10.0,16.0,295.48,5,0,3,Female
53553,0,18.0,Mature (13-24m),STANDARD RISK,1.0,2.0,147.9,3,0,1,Male
53554,0,7.0,Established (7-12m),STANDARD RISK,5.0,2.0,161.0,3,0,2,Male
53555,1,5.0,Growing (4-6m),STANDARD RISK,1.0,2.0,146.07,5,0,1,Male
53556,0,4.0,Growing (4-6m),STANDARD RISK,4.0,2.0,166.15,5,0,3,Male
53557,0,14.0,Mature (13-24m),LOW RISK,1.0,2.0,168.27,4,0,3,Male
53558,0,24.0,Mature (13-24m),LOW RISK,3.0,3.0,303.56,5,0,1,Female
53559,0,2.0,New (0-3m),STANDARD RISK,4.0,4.0,156.96,5,0,1,Male
53560,0,20.0,Mature (13-24m),LOW RISK,4.0,2.0,315.81,4,0,1,Male
53561,0,9.0,Established (7-12m),STANDARD RISK,3.0,2.0,214.66,5,1,3,Male
53562,1,1.0,New (0-3m),STANDARD RISK,1.0,2.0,147.1,4,0,1,Female
53563,0,7.0,Established (7-12m),STANDARD RISK,2.0,2.0,170.39,3,0,3,Female
53564,0,10.0,Established (7-12m),STANDARD RISK,8.0,2.0,152.41,3,0,1,Male
53565,0,4.0,Growing (4-6m),STANDARD RISK,10.0,9.0,159.91,3,0,1,Male
53566,0,18.0,Mature (13-24m),STANDARD RISK,18.0,2.0,170.41,2,0,1,Male
53567,0,1.0,New (0-3m),STANDARD RISK,3.0,3.0,151.78,2,0,3,Male
53568,0,20.0,Mature (13-24m),STANDARD RISK,5.0,2.0,198.79,2,0,1,Male
53569,0,16.0,Mature (13-24m),LOW RISK,4.0,2.0,187.72,5,0,2,Male
53570,0,31.0,Loyal (25m+),STANDARD RISK,10.0,2.0,177.2,2,1,3,Male
53571,0,6.0,Growing (4-6m),STANDARD RISK,3.0,3.0,152.43,4,0,1,Female
53572,0,6.0,Growing (4-6m),STANDARD RISK,8.0,2.0,174.98,3,1,1,Female
53573,0,10.0,Established (7-12m),STANDARD RISK,3.0,8.0,227.52,5,1,1,Female
53574,0,7.0,Established (7-12m),STANDARD RISK,11.0,5.0,152.81,2,0,1,Male
53575,0,14.0,Mature (13-24m),LOW RISK,4.0,2.0,193.52,4,0,3,Female
53576,0,1.0,New (0-3m),STANDARD RISK,2.0,2.0,174.5,2,0,3,Male
53577,0,4.0,Growing (4-6m),STANDARD RISK,8.0,6.0,160.79,4,1,1,Male
53578,0,16.0,Mature (13-24m),STANDARD RISK,1.0,2.0,256.91,5,1,1,Female
53579,0,9.0,Established (7-12m),STANDARD RISK,3.0,5.0,228.77,2,1,3,Female
53580,0,1.0,New (0-3m),STANDARD RISK,9.0,7.0,147.35,5,1,1,Male
53581,0,28.0,Loyal (25m+),STANDARD RISK,3.0,2.0,230.02,3,0,1,Female
53582,0,18.0,Mature (13-24m),STANDARD RISK,8.0,8.0,145.11,2,0,1,Female
53583,1,1.0,New (0-3m),STANDARD RISK,1.0,2.0,143.59,4,1,1,Female
53584,0,3.0,New (0-3m),STANDARD RISK,3.0,2.0,162.6,2,0,1,Female
53585,0,28.0,Loyal (25m+),STANDARD RISK,10.0,2.0,302.79,2,0,1,Male
53586,0,5.0,Growing (4-6m),STANDARD RISK,2.0,2.0,193.33,5,1,1,Male
53587,0,5.0,Growing (4-6m),STANDARD RISK,9.0,2.0,193.12,5,0,1,Female
53588,0,31.0,Loyal (25m+),STANDARD RISK,6.0,2.0,176.71,2,0,3,Female
53589,0,17.0,Mature (13-24m),STANDARD RISK,8.0,2.0,322.4,2,0,1,Male
53590,0,23.0,Mature (13-24m),STANDARD RISK,1.0,2.0,312.11,3,0,1,Male
53591,0,10.0,Established (7-12m),STANDARD RISK,8.0,2.0,161.92,4,0,1,Male
53592,0,22.0,Mature (13-24m),LOW RISK,1.0,2.0,150.59,4,0,1,Male
53593,0,1.0,New (0-3m),STANDARD RISK,4.0,2.0,150.17,3,0,1,Male
53594,0,3.0,New (0-3m),CRITICAL RISK,1.0,2.0,191.23,2,1,1,Male
53595,0,22.0,Mature (13-24m),STANDARD RISK,1.0,2.0,307.65,2,0,1,Male
53596,0,3.0,New (0-3m),STANDARD RISK,8.0,2.0,286.24,2,0,1,Female
53597,0,8.0,Established (7-12m),STANDARD RISK,1.0,2.0,150.85,3,0,1,Female
53598,0,18.0,Mature (13-24m),LOW RISK,11.0,4.0,307.13,4,0,3,Male
53599,0,7.0,Established (7-12m),STANDARD RISK,9.0,2.0,208.8,3,1,3,Male
53600,0,1.0,New (0-3m),CRITICAL RISK,2.0,2.0,154.94,2,1,1,Female
53601,0,1.0,New (0-3m),STANDARD RISK,2.0,2.0,137.23,3,0,1,Male
53602,1,1.0,New (0-3m),CRITICAL RISK,1.0,2.0,136.18,2,1,3,Male
53603,0,1.0,New (0-3m),CRITICAL RISK,3.0,3.0,153.75,2,1,1,Male
53604,1,9.0,Established (7-12m),STANDARD RISK,12.0,2.0,313.24,4,1,3,Female
53605,0,29.0,Loyal (25m+),STANDARD RISK,1.0,16.0,260.77,4,1,1,Male
53606,1,1.0,New (0-3m),STANDARD RISK,3.0,3.0,151.25,3,0,1,Female
53607,0,20.0,Mature (13-24m),LOW RISK,9.0,2.0,312.89,4,0,3,Female
53608,0,8.0,Established (7-12m),STANDARD RISK,3.0,2.0,170.38,5,1,3,Female
53609,0,25.0,Loyal (25m+),STANDARD RISK,11.0,12.0,323.47,4,1,3,Male
53610,0,31.0,Loyal (25m+),STANDARD RISK,3.0,6.0,230.12,2,0,1,Male
53611,0,8.0,Established (7-12m),STANDARD RISK,11.0,6.0,169.44,4,0,1,Female
53612,0,2.0,New (0-3m),STANDARD RISK,3.0,2.0,146.54,3,1,1,Male
53613,0,18.0,Mature (13-24m),LOW RISK,14.0,15.0,316.9,5,0,1,Male
53614,0,8.0,Established (7-12m),STANDARD RISK,9.0,2.0,169.9,4,0,2,Male
53615,0,9.0,Established (7-12m),STANDARD RISK,3.0,3.0,160.06,3,1,1,Male
53616,0,16.0,Mature (13-24m),STANDARD RISK,1.0,2.0,148.72,4,1,1,Female
53617,0,17.0,Mature (13-24m),STANDARD RISK,3.0,16.0,227.31,2,0,3,Female
53618,0,10.0,Established (7-12m),STANDARD RISK,13.0,6.0,179.1,4,1,1,Female
53619,1,8.0,Established (7-12m),STANDARD RISK,6.0,2.0,204.78,2,0,1,Female
53620,0,2.0,New (0-3m),CRITICAL RISK,3.0,3.0,163.67,2,1,1,Male
53621,0,25.0,Loyal (25m+),STANDARD RISK,8.0,8.0,153.38,3,0,1,Female
53622,0,4.0,Growing (4-6m),STANDARD RISK,8.0,2.0,171.95,3,1,1,Female
53623,1,1.0,New (0-3m),STANDARD RISK,8.0,8.0,158.39,3,1,1,Female
53624,0,2.0,New (0-3m),STANDARD RISK,3.0,2.0,145.8,5,0,1,Male
53625,0,1.0,New (0-3m),STANDARD RISK,2.0,3.0,145.96,4,0,1,Female
53626,0,6.0,Growing (4-6m),MEDIUM RISK,9.0,2.0,187.09,2,0,3,Male
53627,0,19.0,Mature (13-24m),LOW RISK,1.0,2.0,305.61,4,0,1,Female
53628,0,13.0,Mature (13-24m),STANDARD RISK,3.0,16.0,296.23,4,1,1,Female
53629,0,31.0,Loyal (25m+),STANDARD RISK,3.0,3.0,148.72,3,0,1,Male
53630,1,1.0,New (0-3m),STANDARD RISK,2.0,2.0,173.83,3,0,1,Male
53631,1,3.0,New (0-3m),STANDARD RISK,4.0,2.0,164.04,5,0,1,Male
53632,0,4.0,Growing (4-6m),MEDIUM RISK,8.0,7.0,171.27,2,0,1,Female
53633,0,10.0,Established (7-12m),STANDARD RISK,8.0,2.0,195.94,3,0,1,Female
53634,0,20.0,Mature (13-24m),LOW RISK,8.0,6.0,159.23,5,0,2,Female
53635,0,2.0,New (0-3m),STANDARD RISK,6.0,8.0,191.74,2,0,1,Female
53636,0,24.0,Mature (13-24m),STANDARD RISK,3.0,2.0,293.8,5,1,1,Female
53637,1,4.0,Growing (4-6m),STANDARD RISK,3.0,2.0,215.94,4,1,3,Male
53638,1,16.0,Mature (13-24m),STANDARD RISK,3.0,8.0,209.46,4,1,3,Male
53639,0,4.0,Growing (4-6m),STANDARD RISK,9.0,2.0,244.16000000000005,5,1,1,Female
53640,0,13.0,Mature (13-24m),STANDARD RISK,8.0,2.0,170.34,3,0,1,Male
53641,0,5.0,Growing (4-6m),STANDARD RISK,3.0,10.0,223.52,3,1,3,Female
53642,0,15.0,Mature (13-24m),LOW RISK,10.0,12.0,186.51,4,0,3,Male
53643,1,1.0,New (0-3m),STANDARD RISK,3.0,3.0,148.02,4,1,3,Female
53644,1,8.0,Established (7-12m),STANDARD RISK,3.0,2.0,148.62,5,0,1,Male
53645,0,16.0,Mature (13-24m),STANDARD RISK,11.0,3.0,303.61,3,1,1,Male
53646,0,29.0,Loyal (25m+),STANDARD RISK,12.0,10.0,316.87,3,0,1,Female
53647,0,30.0,Loyal (25m+),LOW RISK,8.0,8.0,322.17,4,0,2,Male
53648,0,14.0,Mature (13-24m),STANDARD RISK,1.0,2.0,160.44,3,0,1,Male
53649,0,8.0,Established (7-12m),STANDARD RISK,3.0,2.0,210.0,2,0,1,Male
53650,0,14.0,Mature (13-24m),STANDARD RISK,9.0,9.0,171.61,2,0,1,Male
53651,0,15.0,Mature (13-24m),LOW RISK,8.0,2.0,166.03,5,0,3,Female
53652,0,9.0,Established (7-12m),STANDARD RISK,2.0,2.0,167.49,3,1,1,Male
53653,0,25.0,Loyal (25m+),STANDARD RISK,11.0,2.0,265.26,4,1,2,Male
53654,0,12.0,Established (7-12m),STANDARD RISK,8.0,2.0,193.93,5,0,3,Female
53655,0,8.0,Established (7-12m),STANDARD RISK,7.0,10.0,186.25,5,0,3,Female
53656,0,1.0,New (0-3m),STANDARD RISK,3.0,2.0,161.69,2,0,1,Male
53657,1,21.0,Mature (13-24m),STANDARD RISK,3.0,6.0,225.08,5,1,1,Female
53658,0,14.0,Mature (13-24m),LOW RISK,4.0,2.0,148.87,4,0,1,Male
53659,0,10.0,Established (7-12m),STANDARD RISK,14.0,7.0,171.39,5,0,3,Female
53660,0,22.0,Mature (13-24m),STANDARD RISK,9.0,2.0,203.98,2,0,1,Male
53661,0,1.0,New (0-3m),STANDARD RISK,1.0,2.0,150.34,2,0,3,Female
53662,0,25.0,Loyal (25m+),LOW RISK,4.0,2.0,256.42,4,0,1,Female
53663,0,1.0,New (0-3m),STANDARD RISK,1.0,2.0,141.11,2,0,1,Female
53664,0,9.0,Established (7-12m),STANDARD RISK,1.0,2.0,178.63,2,0,1,Female
53665,0,1.0,New (0-3m),STANDARD RISK,1.0,2.0,175.71,2,0,3,Male
53666,1,19.0,Mature (13-24m),STANDARD RISK,9.0,4.0,261.95,3,1,3,Male
53667,0,30.0,Loyal (25m+),STANDARD RISK,10.0,2.0,259.02,4,1,1,Male
53668,0,8.0,Established (7-12m),STANDARD RISK,1.0,2.0,145.29,3,0,1,Female
53669,0,14.0,Mature (13-24m),STANDARD RISK,9.0,12.0,188.77,3,0,1,Female
53670,0,8.0,Established (7-12m),STANDARD RISK,8.0,8.0,179.29,3,0,1,Male
53671,1,1.0,New (0-3m),STANDARD RISK,1.0,2.0,152.85,2,0,3,Female
53672,1,1.0,New (0-3m),STANDARD RISK,3.0,4.0,171.14,3,1,3,Female
53673,0,12.0,Established (7-12m),STANDARD RISK,4.0,2.0,151.1,3,0,1,Male
53674,0,8.0,Established (7-12m),STANDARD RISK,12.0,5.0,191.87,2,0,1,Female
53675,0,2.0,New (0-3m),STANDARD RISK,5.0,2.0,172.24,5,0,3,Male
53676,1,1.0,New (0-3m),STANDARD RISK,8.0,7.0,186.79,3,1,1,Male
53677,0,13.0,Mature (13-24m),STANDARD RISK,5.0,2.0,186.2,2,1,3,Male
53678,0,25.0,Loyal (25m+),LOW RISK,3.0,4.0,230.96,4,0,3,Male
53679,0,15.0,Mature (13-24m),STANDARD RISK,4.0,4.0,179.67,2,1,1,Female
53680,0,11.0,Established (7-12m),STANDARD RISK,4.0,2.0,154.96,3,1,1,Male
53681,0,7.0,Established (7-12m),STANDARD RISK,3.0,2.0,224.98,2,0,3,Male
53682,0,6.0,Growing (4-6m),STANDARD RISK,3.0,2.0,165.78,4,1,3,Male
53683,0,13.0,Mature (13-24m),STANDARD RISK,6.0,2.0,234.2,3,0,1,Male
53684,0,1.0,New (0-3m),STANDARD RISK,3.0,2.0,187.32,3,0,3,Male
53685,0,26.0,Loyal (25m+),STANDARD RISK,3.0,2.0,257.47,3,1,1,Female
53686,0,17.0,Mature (13-24m),STANDARD RISK,9.0,2.0,165.81,3,1,1,Female
53687,0,1.0,New (0-3m),CRITICAL RISK,5.0,5.0,182.69,2,1,3,Female
53688,1,1.0,New (0-3m),STANDARD RISK,8.0,8.0,148.94,3,1,1,Female
53689,0,1.0,New (0-3m),STANDARD RISK,2.0,2.0,164.04,2,0,1,Male
53690,0,16.0,Mature (13-24m),LOW RISK,10.0,2.0,292.99,5,0,2,Female
53691,0,26.0,Loyal (25m+),LOW RISK,5.0,2.0,154.5,5,0,1,Female
53692,0,11.0,Established (7-12m),STANDARD RISK,3.0,2.0,161.29,3,0,1,Female
53693,0,9.0,Established (7-12m),STANDARD RISK,3.0,3.0,218.62,2,0,1,Male
53694,0,1.0,New (0-3m),STANDARD RISK,3.0,2.0,157.29,2,0,1,Male
53695,0,1.0,New (0-3m),STANDARD RISK,8.0,2.0,160.78,5,0,1,Male
53696,0,3.0,New (0-3m),STANDARD RISK,10.0,2.0,204.88,5,0,2,Male
53697,1,1.0,New (0-3m),STANDARD RISK,4.0,2.0,167.84,5,0,1,Male
53698,1,1.0,New (0-3m),CRITICAL RISK,8.0,8.0,200.53,2,1,1,Female
53699,0,28.0,Loyal (25m+),STANDARD RISK,8.0,13.0,298.28,2,0,1,Female
53700,0,31.0,Loyal (25m+),STANDARD RISK,6.0,2.0,322.01,5,1,1,Female
53701,0,29.0,Loyal (25m+),STANDARD RISK,1.0,2.0,272.32,2,0,1,Male
53702,0,10.0,Established (7-12m),STANDARD RISK,3.0,2.0,217.78,4,1,3,Female
53703,1,1.0,New (0-3m),STANDARD RISK,1.0,2.0,138.59,3,0,3,Female
53704,0,4.0,Growing (4-6m),STANDARD RISK,3.0,2.0,172.79,5,0,3,Female
53705,0,5.0,Growing (4-6m),STANDARD RISK,1.0,2.0,289.22,4,0,1,Female
53706,0,8.0,Established (7-12m),STANDARD RISK,4.0,2.0,154.96,5,0,1,Male
53707,1,1.0,New (0-3m),STANDARD RISK,1.0,2.0,137.61,4,0,1,Female
53708,0,1.0,New (0-3m),STANDARD RISK,5.0,2.0,145.99,5,0,1,Male
53709,0,10.0,Established (7-12m),STANDARD RISK,9.0,2.0,183.1,2,0,1,Male
53710,0,10.0,Established (7-12m),STANDARD RISK,3.0,2.0,181.47,5,0,3,Female
53711,0,21.0,Mature (13-24m),STANDARD RISK,3.0,2.0,159.2,2,0,1,Male
53712,1,1.0,New (0-3m),STANDARD RISK,3.0,3.0,169.0,5,0,3,Male
53713,0,11.0,Established (7-12m),STANDARD RISK,4.0,2.0,160.0,3,0,1,Male
53714,0,30.0,Loyal (25m+),LOW RISK,1.0,2.0,145.66,5,0,1,Female
53715,0,21.0,Mature (13-24m),STANDARD RISK,7.0,6.0,296.69,3,0,1,Female
53716,0,1.0,New (0-3m),STANDARD RISK,4.0,2.0,166.62,3,1,3,Female
53717,0,6.0,Growing (4-6m),MEDIUM RISK,3.0,2.0,217.04,2,0,3,Male
53718,0,8.0,Established (7-12m),STANDARD RISK,3.0,2.0,157.94,4,0,1,Female
53719,0,15.0,Mature (13-24m),STANDARD RISK,4.0,2.0,146.27,3,1,1,Male
53720,0,14.0,Mature (13-24m),STANDARD RISK,8.0,2.0,164.75,3,0,1,Male
53721,0,5.0,Growing (4-6m),MEDIUM RISK,10.0,2.0,232.93,2,0,3,Male
53722,1,10.0,Established (7-12m),STANDARD RISK,3.0,5.0,225.96,1,0,3,Male
53723,1,3.0,New (0-3m),STANDARD RISK,1.0,2.0,161.46,5,1,1,Female
53724,1,1.0,New (0-3m),STANDARD RISK,8.0,5.0,199.46,4,0,1,Female
53725,0,19.0,Mature (13-24m),STANDARD RISK,8.0,2.0,233.51,5,1,1,Male
53726,0,5.0,Growing (4-6m),STANDARD RISK,3.0,2.0,146.09,4,0,2,Female
53727,1,1.0,New (0-3m),CRITICAL RISK,3.0,3.0,162.22,1,1,1,Male
53728,0,19.0,Mature (13-24m),STANDARD RISK,3.0,2.0,218.8,1,1,1,Male
53729,0,22.0,Mature (13-24m),LOW RISK,3.0,3.0,179.86,5,0,3,Male
53730,1,1.0,New (0-3m),STANDARD RISK,3.0,3.0,152.42,3,0,2,Female
53731,0,14.0,Mature (13-24m),LOW RISK,9.0,5.0,262.57,4,0,1,Male
53732,0,2.0,New (0-3m),STANDARD RISK,3.0,2.0,209.63,5,0,3,Male
53733,0,18.0,Mature (13-24m),STANDARD RISK,4.0,2.0,156.62,3,0,1,Male
53734,0,27.0,Loyal (25m+),LOW RISK,9.0,9.0,290.98,4,0,1,Male
53735,0,23.0,Mature (13-24m),STANDARD RISK,3.0,2.0,191.51,3,0,1,Male
53736,0,14.0,Mature (13-24m),STANDARD RISK,3.0,2.0,148.45,3,0,1,Male
53737,0,18.0,Mature (13-24m),LOW RISK,4.0,2.0,159.2,4,0,1,Male
53738,0,7.0,Established (7-12m),STANDARD RISK,4.0,2.0,168.73,5,0,3,Male
53739,0,8.0,Established (7-12m),STANDARD RISK,13.0,4.0,172.59,5,0,3,Male
53740,0,4.0,Growing (4-6m),STANDARD RISK,3.0,3.0,178.01,3,0,3,Male
53741,0,16.0,Mature (13-24m),STANDARD RISK,9.0,6.0,161.73,1,0,1,Female
53742,0,18.0,Mature (13-24m),STANDARD RISK,1.0,2.0,172.68,3,0,3,Female
53743,0,4.0,Growing (4-6m),STANDARD RISK,1.0,2.0,137.74,3,0,1,Male
53744,0,51.0,Loyal (25m+),STANDARD RISK,9.0,3.0,174.0,3,0,1,Male
53745,0,23.0,Mature (13-24m),LOW RISK,3.0,2.0,229.66,4,0,1,Male
53746,0,8.0,Established (7-12m),STANDARD RISK,10.0,7.0,295.07,5,0,1,Male
53747,1,1.0,New (0-3m),STANDARD RISK,3.0,2.0,154.09,3,0,3,Male
53748,1,1.0,New (0-3m),STANDARD RISK,1.0,2.0,182.65,4,0,3,Female
53749,1,1.0,New (0-3m),STANDARD RISK,11.0,11.0,170.99,4,1,3,Female
53750,0,9.0,Established (7-12m),STANDARD RISK,1.0,2.0,149.04,3,0,3,Male
53751,1,1.0,New (0-3m),STANDARD RISK,1.0,2.0,156.72,5,1,1,Male
53752,0,1.0,New (0-3m),STANDARD RISK,1.0,2.0,145.33,4,0,3,Female
53753,0,18.0,Mature (13-24m),STANDARD RISK,3.0,3.0,227.09,3,1,1,Male
53754,0,3.0,New (0-3m),STANDARD RISK,3.0,2.0,211.2,3,0,3,Male
53755,0,4.0,Growing (4-6m),STANDARD RISK,4.0,2.0,145.64,3,0,2,Male
53756,0,29.0,Loyal (25m+),STANDARD RISK,3.0,2.0,165.35,3,1,1,Male
53757,0,7.0,Established (7-12m),STANDARD RISK,3.0,2.0,163.38,4,0,1,Female
53758,0,21.0,Mature (13-24m),STANDARD RISK,3.0,2.0,170.91,3,1,3,Female
53759,1,1.0,New (0-3m),STANDARD RISK,1.0,2.0,150.61,5,0,1,Male
53760,0,2.0,New (0-3m),STANDARD RISK,1.0,2.0,140.63,3,0,1,Male
53761,0,2.0,New (0-3m),STANDARD RISK,4.0,2.0,173.98,5,0,3,Male
53762,0,23.0,Mature (13-24m),LOW RISK,3.0,2.0,172.89,5,0,1,Female
53763,0,3.0,New (0-3m),STANDARD RISK,3.0,2.0,156.8,4,0,1,Female
53764,0,2.0,New (0-3m),STANDARD RISK,8.0,2.0,190.49,4,0,1,Male
53765,0,7.0,Established (7-12m),STANDARD RISK,1.0,2.0,188.88,3,1,1,Male
53766,0,6.0,Growing (4-6m),MEDIUM RISK,1.0,2.0,237.44,1,0,1,Male
53767,0,28.0,Loyal (25m+),STANDARD RISK,13.0,2.0,285.32,1,0,1,Female
53768,1,1.0,New (0-3m),STANDARD RISK,8.0,2.0,148.62,5,0,1,Male
53769,0,18.0,Mature (13-24m),LOW RISK,18.0,15.0,288.28,5,0,1,Male
53770,0,13.0,Mature (13-24m),LOW RISK,3.0,3.0,208.76,4,0,1,Female
53771,0,20.0,Mature (13-24m),LOW RISK,2.0,6.0,291.06,4,0,3,Female
53772,0,9.0,Established (7-12m),STANDARD RISK,3.0,4.0,211.06,4,0,1,Female
53773,0,1.0,New (0-3m),STANDARD RISK,3.0,2.0,147.72,3,0,1,Male
53774,1,4.0,Growing (4-6m),STANDARD RISK,1.0,2.0,145.18,5,0,1,Male
53775,0,8.0,Established (7-12m),STANDARD RISK,7.0,9.0,195.83,3,1,3,Male
53776,1,1.0,New (0-3m),STANDARD RISK,8.0,8.0,165.84,3,0,1,Female
53777,0,24.0,Mature (13-24m),STANDARD RISK,10.0,14.0,269.11,1,1,1,Male
53778,0,8.0,Established (7-12m),STANDARD RISK,8.0,6.0,148.08,3,1,3,Male
53779,0,16.0,Mature (13-24m),LOW RISK,1.0,2.0,173.41,4,0,1,Male
53780,0,11.0,Established (7-12m),STANDARD RISK,8.0,4.0,167.85,1,0,1,Male
53781,0,3.0,New (0-3m),STANDARD RISK,3.0,2.0,222.15,5,0,1,Female
53782,0,7.0,Established (7-12m),STANDARD RISK,3.0,2.0,168.2,4,0,1,Male
53783,0,19.0,Mature (13-24m),STANDARD RISK,4.0,2.0,146.32,1,0,1,Male
53784,0,16.0,Mature (13-24m),STANDARD RISK,3.0,14.0,226.24,1,1,1,Male
53785,0,14.0,Mature (13-24m),LOW RISK,2.0,8.0,179.73,5,0,3,Male
53786,0,7.0,Established (7-12m),STANDARD RISK,8.0,6.0,177.07,3,1,1,Male
53787,0,14.0,Mature (13-24m),STANDARD RISK,8.0,8.0,289.37,1,1,2,Male
53788,0,1.0,New (0-3m),STANDARD RISK,1.0,2.0,147.96,5,0,1,Male
53789,0,14.0,Mature (13-24m),STANDARD RISK,3.0,3.0,165.69,1,1,1,Male
53790,0,19.0,Mature (13-24m),LOW RISK,8.0,8.0,199.41,4,0,1,Male
53791,0,9.0,Established (7-12m),STANDARD RISK,3.0,5.0,149.3,3,0,3,Female
53792,0,6.0,Growing (4-6m),STANDARD RISK,6.0,3.0,183.78,4,0,1,Female
53793,0,10.0,Established (7-12m),STANDARD RISK,3.0,2.0,151.44,1,1,3,Male
53794,0,22.0,Mature (13-24m),STANDARD RISK,8.0,8.0,189.39,3,0,3,Female
53795,0,3.0,New (0-3m),STANDARD RISK,1.0,2.0,149.51,3,0,1,Male
53796,0,7.0,Established (7-12m),STANDARD RISK,3.0,3.0,188.92,5,0,3,Male
53797,1,1.0,New (0-3m),STANDARD RISK,3.0,7.0,222.14,5,0,3,Male
53798,0,12.0,Established (7-12m),STANDARD RISK,3.0,2.0,185.77,3,0,2,Male
53799,0,9.0,Established (7-12m),STANDARD RISK,3.0,2.0,149.5,5,0,1,Male
53800,0,4.0,Growing (4-6m),STANDARD RISK,3.0,2.0,217.5,4,0,3,Male
53801,1,1.0,New (0-3m),STANDARD RISK,1.0,2.0,145.74,5,1,1,Female
53802,1,17.0,Mature (13-24m),STANDARD RISK,3.0,2.0,226.69,1,0,1,Female
53803,1,2.0,New (0-3m),STANDARD RISK,5.0,2.0,173.55,4,0,1,Male
53804,0,6.0,Growing (4-6m),STANDARD RISK,3.0,2.0,165.87,5,0,1,Male
53805,0,22.0,Mature (13-24m),LOW RISK,7.0,8.0,148.67,5,0,1,Female
53806,0,8.0,Established (7-12m),STANDARD RISK,1.0,2.0,154.72,1,0,1,Male
53807,0,29.0,Loyal (25m+),STANDARD RISK,14.0,3.0,320.86,1,0,3,Male
53808,0,8.0,Established (7-12m),STANDARD RISK,2.0,3.0,179.84,1,0,1,Male
53809,0,1.0,New (0-3m),STANDARD RISK,1.0,2.0,145.61,1,0,1,Female
53810,0,12.0,Established (7-12m),STANDARD RISK,3.0,8.0,224.24,4,0,3,Male
53811,0,12.0,Established (7-12m),STANDARD RISK,3.0,2.0,166.98,4,0,3,Female
53812,0,10.0,Established (7-12m),STANDARD RISK,1.0,2.0,193.15,3,0,3,Female
53813,0,3.0,New (0-3m),STANDARD RISK,6.0,2.0,172.23,5,1,1,Male
53814,0,9.0,Established (7-12m),STANDARD RISK,5.0,2.0,186.42,3,1,1,Female
53815,0,13.0,Mature (13-24m),STANDARD RISK,7.0,8.0,207.37,3,0,3,Male
53816,0,3.0,New (0-3m),STANDARD RISK,3.0,2.0,213.53,1,0,1,Male
53817,0,24.0,Mature (13-24m),STANDARD RISK,1.0,2.0,318.31,3,1,3,Male
53818,0,1.0,New (0-3m),STANDARD RISK,3.0,3.0,145.73,3,0,1,Male
53819,0,10.0,Established (7-12m),STANDARD RISK,3.0,2.0,180.62,5,1,1,Male
53820,0,16.0,Mature (13-24m),STANDARD RISK,2.0,2.0,321.13,1,0,1,Male
53821,0,9.0,Established (7-12m),STANDARD RISK,9.0,7.0,159.07,3,0,1,Male
53822,0,8.0,Established (7-12m),STANDARD RISK,8.0,8.0,175.63,3,0,1,Male
53823,0,14.0,Mature (13-24m),LOW RISK,3.0,2.0,171.39,5,0,3,Female
53824,0,17.0,Mature (13-24m),LOW RISK,3.0,2.0,173.76,4,0,1,Male
53825,0,9.0,Established (7-12m),STANDARD RISK,2.0,2.0,151.9,1,0,1,Male
53826,0,20.0,Mature (13-24m),LOW RISK,13.0,2.0,300.67,5,0,3,Male
53827,1,1.0,New (0-3m),STANDARD RISK,1.0,2.0,149.08,4,1,1,Male
53828,0,1.0,New (0-3m),STANDARD RISK,4.0,2.0,153.14,3,1,1,Female
53829,0,24.0,Mature (13-24m),STANDARD RISK,14.0,2.0,237.45,3,1,1,Male
53830,0,6.0,Growing (4-6m),MEDIUM RISK,3.0,2.0,158.12,1,0,1,Female
53831,0,18.0,Mature (13-24m),STANDARD RISK,11.0,2.0,315.49,1,1,1,Female
53832,0,4.0,Growing (4-6m),STANDARD RISK,2.0,2.0,146.41,4,0,1,Male
53833,0,19.0,Mature (13-24m),STANDARD RISK,5.0,2.0,182.69,5,1,1,Female
53834,0,19.0,Mature (13-24m),LOW RISK,6.0,5.0,168.85,5,0,3,Male
53835,0,5.0,Growing (4-6m),STANDARD RISK,4.0,2.0,178.32,5,0,3,Male
53836,0,10.0,Established (7-12m),STANDARD RISK,2.0,2.0,171.63,3,1,1,Female
53837,0,8.0,Established (7-12m),STANDARD RISK,3.0,8.0,172.24,1,0,1,Male
53838,0,23.0,Mature (13-24m),LOW RISK,5.0,2.0,157.11,5,0,1,Female
53839,0,13.0,Mature (13-24m),LOW RISK,8.0,8.0,178.77,5,0,1,Male
53840,0,1.0,New (0-3m),STANDARD RISK,8.0,2.0,165.66,5,0,1,Male
53841,0,9.0,Established (7-12m),STANDARD RISK,11.0,2.0,177.08,5,0,1,Male
53842,0,2.0,New (0-3m),STANDARD RISK,1.0,2.0,25.0,5,0,1,Female
53843,0,1.0,New (0-3m),STANDARD RISK,3.0,3.0,156.17,1,0,1,Male
53844,1,1.0,New (0-3m),CRITICAL RISK,1.0,2.0,140.69,1,1,3,Female
53845,0,21.0,Mature (13-24m),STANDARD RISK,1.0,2.0,321.58,3,0,2,Female
53846,0,13.0,Mature (13-24m),STANDARD RISK,8.0,2.0,155.69,3,0,1,Male
53847,0,14.0,Mature (13-24m),STANDARD RISK,3.0,15.0,229.35,3,0,1,Female
53848,0,9.0,Established (7-12m),STANDARD RISK,10.0,3.0,166.48,3,0,1,Female
53849,0,11.0,Established (7-12m),STANDARD RISK,3.0,2.0,182.68,3,0,1,Male
53850,0,13.0,Mature (13-24m),STANDARD RISK,9.0,4.0,175.42,3,0,1,Female
53851,0,19.0,Mature (13-24m),STANDARD RISK,10.0,4.0,182.7,1,0,1,Female
53852,0,12.0,Established (7-12m),STANDARD RISK,3.0,2.0,202.56,3,1,1,Female
53853,1,1.0,New (0-3m),STANDARD RISK,3.0,7.0,228.06,5,0,3,Male
53854,0,11.0,Established (7-12m),STANDARD RISK,8.0,8.0,164.36,4,0,1,Female
53855,0,14.0,Mature (13-24m),STANDARD RISK,4.0,4.0,204.45,1,1,1,Female
53856,0,18.0,Mature (13-24m),STANDARD RISK,3.0,2.0,182.43,1,1,2,Male
53857,0,22.0,Mature (13-24m),STANDARD RISK,3.0,3.0,277.02,1,0,1,Male
53858,1,1.0,New (0-3m),CRITICAL RISK,3.0,3.0,179.4,1,1,3,Male
53859,0,1.0,New (0-3m),CRITICAL RISK,4.0,2.0,162.6,1,1,1,Female
53860,0,1.0,New (0-3m),STANDARD RISK,3.0,2.0,160.17,3,0,1,Female
53861,0,1.0,New (0-3m),STANDARD RISK,3.0,2.0,150.8,1,0,1,Male
53862,1,4.0,Growing (4-6m),STANDARD RISK,4.0,2.0,146.66,5,1,1,Male
53863,0,3.0,New (0-3m),STANDARD RISK,5.0,2.0,183.69,3,0,3,Male
53864,0,10.0,Established (7-12m),STANDARD RISK,3.0,2.0,205.08,5,0,1,Female
53865,0,1.0,New (0-3m),STANDARD RISK,8.0,2.0,177.06,3,0,1,Male
53866,0,13.0,Mature (13-24m),LOW RISK,1.0,2.0,177.95,4,0,1,Male
53867,0,23.0,Mature (13-24m),LOW RISK,3.0,2.0,289.13,4,0,1,Female
53868,0,24.0,Mature (13-24m),LOW RISK,12.0,2.0,257.69,5,0,1,Female
53869,0,1.0,New (0-3m),STANDARD RISK,3.0,3.0,152.83,3,0,3,Female
53870,0,8.0,Established (7-12m),STANDARD RISK,10.0,8.0,179.33,4,0,1,Female
53871,0,10.0,Established (7-12m),STANDARD RISK,4.0,2.0,145.13,4,0,1,Male
53872,0,23.0,Mature (13-24m),STANDARD RISK,13.0,3.0,264.66,3,1,1,Female
53873,0,10.0,Established (7-12m),STANDARD RISK,3.0,2.0,168.74,3,0,1,Female
53874,0,10.0,Established (7-12m),STANDARD RISK,5.0,2.0,193.42,5,0,1,Male
53875,0,28.0,Loyal (25m+),STANDARD RISK,8.0,5.0,299.26,3,0,1,Female
53876,0,17.0,Mature (13-24m),STANDARD RISK,12.0,7.0,301.03,3,0,1,Male
53877,1,1.0,New (0-3m),CRITICAL RISK,8.0,7.0,170.81,1,1,3,Male
53878,0,12.0,Established (7-12m),STANDARD RISK,10.0,3.0,172.35,1,0,1,Male
53879,0,3.0,New (0-3m),STANDARD RISK,10.0,2.0,166.87,4,1,3,Male
53880,0,7.0,Established (7-12m),STANDARD RISK,5.0,2.0,180.05,1,0,3,Male
53881,0,6.0,Growing (4-6m),STANDARD RISK,7.0,2.0,179.7,4,0,1,Male
53882,0,5.0,Growing (4-6m),MEDIUM RISK,3.0,2.0,179.76,1,0,3,Female
53883,0,23.0,Mature (13-24m),STANDARD RISK,3.0,3.0,150.87,5,1,1,Female
53884,0,12.0,Established (7-12m),STANDARD RISK,4.0,4.0,149.4,4,0,1,Female
53885,0,21.0,Mature (13-24m),LOW RISK,3.0,2.0,284.72,4,0,3,Female
53886,0,23.0,Mature (13-24m),STANDARD RISK,1.0,2.0,278.79,3,0,1,Male
53887,0,15.0,Mature (13-24m),STANDARD RISK,3.0,2.0,195.82,3,1,3,Male
53888,0,1.0,New (0-3m),STANDARD RISK,3.0,2.0,152.28,5,0,3,Male
53889,0,7.0,Established (7-12m),STANDARD RISK,3.0,2.0,178.68,1,1,3,Female
53890,0,10.0,Established (7-12m),STANDARD RISK,3.0,2.0,178.47,3,0,1,Male
53891,0,18.0,Mature (13-24m),STANDARD RISK,3.0,3.0,156.95,1,1,2,Female
53892,1,1.0,New (0-3m),STANDARD RISK,3.0,2.0,164.89,3,1,1,Male
53893,0,12.0,Established (7-12m),STANDARD RISK,1.0,2.0,158.06,3,0,1,Female
53894,0,27.0,Loyal (25m+),STANDARD RISK,3.0,2.0,195.05,1,0,1,Male
53895,1,12.0,Established (7-12m),STANDARD RISK,8.0,8.0,151.55,3,1,3,Female
53896,1,1.0,New (0-3m),STANDARD RISK,1.0,2.0,138.93,4,0,1,Male
53897,0,1.0,New (0-3m),STANDARD RISK,8.0,6.0,150.7,1,0,1,Male
53898,0,29.0,Loyal (25m+),LOW RISK,3.0,2.0,160.37,4,0,1,Male
53899,0,8.0,Established (7-12m),STANDARD RISK,14.0,5.0,164.86,1,0,1,Male
53900,0,31.0,Loyal (25m+),STANDARD RISK,1.0,2.0,233.83,1,0,1,Male
53901,0,7.0,Established (7-12m),STANDARD RISK,14.0,3.0,145.28,4,0,1,Male
53902,0,11.0,Established (7-12m),STANDARD RISK,3.0,2.0,220.25,1,0,3,Male
53903,0,8.0,Established (7-12m),STANDARD RISK,8.0,9.0,154.29,1,0,1,Female
53904,1,1.0,New (0-3m),CRITICAL RISK,3.0,2.0,147.75,1,1,3,Male
53905,0,18.0,Mature (13-24m),STANDARD RISK,8.0,7.0,203.79,1,1,1,Female
53906,0,9.0,Established (7-12m),STANDARD RISK,5.0,2.0,174.3,1,1,1,Male
53907,0,17.0,Mature (13-24m),STANDARD RISK,9.0,9.0,203.47,1,1,3,Male
53908,0,1.0,New (0-3m),STANDARD RISK,5.0,2.0,169.01,3,0,1,Male
53909,0,15.0,Mature (13-24m),STANDARD RISK,3.0,9.0,217.41,3,0,3,Male
53910,0,3.0,New (0-3m),STANDARD RISK,3.0,2.0,154.74,3,0,1,Female
53911,0,10.0,Established (7-12m),STANDARD RISK,8.0,7.0,170.02,1,0,3,Female
53912,0,19.0,Mature (13-24m),STANDARD RISK,5.0,2.0,232.48,3,0,1,Male
53913,1,1.0,New (0-3m),STANDARD RISK,1.0,2.0,140.55,3,0,2,Male
53914,1,11.0,Established (7-12m),STANDARD RISK,11.0,2.0,254.36,3,0,3,Male
53915,0,1.0,New (0-3m),STANDARD RISK,3.0,2.0,148.05,3,0,1,Male
53916,0,19.0,Mature (13-24m),LOW RISK,7.0,9.0,292.04,4,0,1,Female
53917,0,6.0,Growing (4-6m),STANDARD RISK,4.0,2.0,159.33,3,0,1,Male
53918,0,5.0,Growing (4-6m),STANDARD RISK,4.0,2.0,159.77,3,0,1,Male
53919,0,15.0,Mature (13-24m),LOW RISK,3.0,2.0,189.3,4,0,2,Male
53920,0,14.0,Mature (13-24m),STANDARD RISK,1.0,2.0,190.16,5,1,1,Female
53921,0,1.0,New (0-3m),STANDARD RISK,3.0,2.0,164.07,5,0,1,Male
53922,0,20.0,Mature (13-24m),LOW RISK,10.0,2.0,180.62,4,0,1,Male
53923,0,9.0,Established (7-12m),STANDARD RISK,8.0,2.0,193.83,3,0,1,Male
53924,0,4.0,Growing (4-6m),MEDIUM RISK,9.0,2.0,153.62,1,0,1,Male
53925,0,21.0,Mature (13-24m),LOW RISK,1.0,2.0,174.78,4,0,3,Male
53926,0,20.0,Mature (13-24m),STANDARD RISK,3.0,2.0,228.68,1,1,3,Male
53927,1,1.0,New (0-3m),STANDARD RISK,3.0,3.0,186.34,5,1,3,Male
53928,1,1.0,New (0-3m),STANDARD RISK,1.0,2.0,192.35,4,0,3,Male
53929,0,1.0,New (0-3m),STANDARD RISK,3.0,2.0,157.95,4,0,1,Female
53930,0,5.0,Growing (4-6m),MEDIUM RISK,5.0,2.0,177.38,1,0,1,Female
53931,0,13.0,Mature (13-24m),STANDARD RISK,9.0,6.0,189.72,1,1,1,Male
53932,0,6.0,Growing (4-6m),STANDARD RISK,3.0,2.0,221.1,3,0,3,Male
53933,0,14.0,Mature (13-24m),LOW RISK,9.0,13.0,323.33,4,0,3,Male
53934,0,19.0,Mature (13-24m),STANDARD RISK,3.0,2.0,222.56,3,0,2,Female
53935,0,4.0,Growing (4-6m),STANDARD RISK,8.0,2.0,174.68,5,0,1,Female
53936,0,1.0,New (0-3m),STANDARD RISK,2.0,3.0,146.45,1,0,2,Male
53937,1,1.0,New (0-3m),STANDARD RISK,3.0,2.0,146.8,1,0,2,Female
53938,0,5.0,Growing (4-6m),STANDARD RISK,3.0,2.0,208.46,3,0,3,Male
53939,0,1.0,New (0-3m),STANDARD RISK,5.0,2.0,159.45,1,0,1,Female
53940,1,1.0,New (0-3m),STANDARD RISK,3.0,3.0,152.6,4,0,3,Female
53941,0,3.0,New (0-3m),STANDARD RISK,3.0,2.0,187.94,3,1,1,Male
53942,0,4.0,Growing (4-6m),STANDARD RISK,8.0,2.0,196.4,5,0,3,Male
53943,0,8.0,Established (7-12m),STANDARD RISK,3.0,2.0,154.32,1,1,1,Male
53944,0,7.0,Established (7-12m),STANDARD RISK,8.0,2.0,176.47,4,0,3,Female
53945,0,23.0,Mature (13-24m),STANDARD RISK,5.0,2.0,170.07,1,0,3,Female
53946,1,1.0,New (0-3m),STANDARD RISK,3.0,2.0,210.64,5,1,3,Female
53947,0,12.0,Established (7-12m),STANDARD RISK,6.0,2.0,149.68,4,0,1,Female
53948,1,1.0,New (0-3m),STANDARD RISK,1.0,2.0,206.61,3,0,3,Male
53949,0,3.0,New (0-3m),STANDARD RISK,1.0,2.0,146.09,5,0,1,Female
53950,0,1.0,New (0-3m),STANDARD RISK,8.0,2.0,177.94,3,0,1,Male
53951,0,6.0,Growing (4-6m),STANDARD RISK,8.0,2.0,152.18,4,0,1,Male
53952,0,12.0,Established (7-12m),STANDARD RISK,1.0,2.0,183.11,1,1,1,Male
53953,1,7.0,Established (7-12m),STANDARD RISK,1.0,2.0,149.37,3,1,1,Male
53954,0,16.0,Mature (13-24m),LOW RISK,5.0,2.0,152.66,4,0,1,Male
53955,0,29.0,Loyal (25m+),LOW RISK,1.0,2.0,315.38,5,0,1,Male
53956,0,7.0,Established (7-12m),STANDARD RISK,8.0,2.0,155.55,4,0,1,Male
53957,0,15.0,Mature (13-24m),LOW RISK,5.0,2.0,147.89,5,0,1,Male
53958,0,8.0,Established (7-12m),STANDARD RISK,8.0,2.0,165.01,3,1,3,Male
53959,0,27.0,Loyal (25m+),STANDARD RISK,3.0,2.0,254.65,3,1,1,Female
53960,0,17.0,Mature (13-24m),STANDARD RISK,9.0,2.0,160.39,1,0,2,Male
53961,0,8.0,Established (7-12m),STANDARD RISK,3.0,3.0,185.29,1,0,3,Female
53962,1,1.0,New (0-3m),STANDARD RISK,1.0,2.0,151.79,4,0,3,Male
53963,0,12.0,Established (7-12m),STANDARD RISK,5.0,2.0,162.02,3,0,1,Female
53964,1,1.0,New (0-3m),STANDARD RISK,1.0,2.0,148.98,5,1,1,Female
53965,0,5.0,Growing (4-6m),MEDIUM RISK,8.0,6.0,179.68,1,0,3,Female
53966,0,25.0,Loyal (25m+),STANDARD RISK,3.0,2.0,256.16,3,0,1,Female
53967,0,11.0,Established (7-12m),STANDARD RISK,4.0,2.0,166.89,4,0,3,Male
53968,0,20.0,Mature (13-24m),STANDARD RISK,3.0,3.0,318.28,1,1,1,Male
53969,0,10.0,Established (7-12m),STANDARD RISK,8.0,6.0,208.21,5,1,1,Male
53970,1,8.0,Established (7-12m),STANDARD RISK,4.0,3.0,148.42,4,1,1,Male
53971,0,11.0,Established (7-12m),STANDARD RISK,8.0,5.0,165.71,4,0,2,Male
53972,1,1.0,New (0-3m),CRITICAL RISK,8.0,8.0,183.13,1,1,3,Male
53973,0,7.0,Established (7-12m),STANDARD RISK,7.0,8.0,156.43,5,0,1,Male
53974,0,2.0,New (0-3m),STANDARD RISK,4.0,2.0,145.44,1,0,1,Male
53975,0,13.0,Mature (13-24m),STANDARD RISK,3.0,2.0,259.64,3,0,1,Male
53976,0,20.0,Mature (13-24m),LOW RISK,3.0,3.0,204.91,4,0,3,Male
53977,0,14.0,Mature (13-24m),LOW RISK,3.0,2.0,158.77,5,0,1,Female
53978,0,16.0,Mature (13-24m),LOW RISK,1.0,2.0,180.38,5,0,1,Male
53979,0,9.0,Established (7-12m),STANDARD RISK,8.0,2.0,182.62,1,0,1,Male
53980,0,12.0,Established (7-12m),STANDARD RISK,9.0,4.0,150.92,4,0,2,Male
53981,1,1.0,New (0-3m),STANDARD RISK,8.0,2.0,178.46,5,0,1,Male
53982,1,1.0,New (0-3m),STANDARD RISK,9.0,2.0,167.13,5,0,1,Male
53983,0,13.0,Mature (13-24m),STANDARD RISK,3.0,3.0,166.27,1,0,3,Male
53984,0,17.0,Mature (13-24m),STANDARD RISK,3.0,2.0,149.38,3,0,1,Male
53985,0,15.0,Mature (13-24m),LOW RISK,3.0,2.0,193.7,4,0,1,Male
53986,0,15.0,Mature (13-24m),STANDARD RISK,3.0,14.0,229.47,3,1,3,Female
53987,0,4.0,Growing (4-6m),STANDARD RISK,3.0,2.0,221.67,3,0,1,Female
53988,1,1.0,New (0-3m),STANDARD RISK,5.0,2.0,146.48,4,1,2,Female
53989,1,10.0,Established (7-12m),STANDARD RISK,3.0,4.0,214.26,4,0,1,Female
53990,0,14.0,Mature (13-24m),STANDARD RISK,4.0,2.0,190.13,1,0,1,Female
53991,0,8.0,Established (7-12m),STANDARD RISK,9.0,5.0,192.99,3,0,3,Male
53992,0,31.0,Loyal (25m+),LOW RISK,15.0,15.0,25.0,4,0,3,Male
53993,0,9.0,Established (7-12m),STANDARD RISK,4.0,2.0,152.05,3,0,1,Male
53994,0,21.0,Mature (13-24m),STANDARD RISK,3.0,15.0,228.33,4,1,1,Female
53995,0,14.0,Mature (13-24m),LOW RISK,8.0,8.0,169.48,5,0,1,Female
53996,0,28.0,Loyal (25m+),STANDARD RISK,8.0,2.0,193.54,1,0,1,Female
53997,0,5.0,Growing (4-6m),STANDARD RISK,3.0,3.0,221.37,5,0,3,Female
53998,0,2.0,New (0-3m),STANDARD RISK,3.0,2.0,160.91,5,0,1,Female
53999,0,12.0,Established (7-12m),STANDARD RISK,4.0,2.0,179.05,1,1,3,Female
54000,0,1.0,New (0-3m),STANDARD RISK,3.0,2.0,171.84,1,0,3,Male
54001,0,31.0,Loyal (25m+),STANDARD RISK,3.0,3.0,282.87,3,1,1,Male
54002,0,1.0,New (0-3m),STANDARD RISK,1.0,2.0,140.14,3,0,1,Female
54003,1,1.0,New (0-3m),STANDARD RISK,1.0,2.0,154.56,5,0,2,Male
54004,1,1.0,New (0-3m),STANDARD RISK,1.0,3.0,148.35,5,1,2,Male
54005,0,19.0,Mature (13-24m),STANDARD RISK,8.0,6.0,176.54,3,0,3,Female
54006,0,10.0,Established (7-12m),STANDARD RISK,1.0,2.0,194.62,4,1,1,Female
54007,0,17.0,Mature (13-24m),STANDARD RISK,8.0,8.0,181.75,1,0,3,Male
54008,0,1.0,New (0-3m),CRITICAL RISK,3.0,2.0,148.79,1,1,1,Female
54009,0,3.0,New (0-3m),STANDARD RISK,11.0,4.0,163.12,1,0,1,Male
54010,0,6.0,Growing (4-6m),MEDIUM RISK,1.0,2.0,171.48,1,0,3,Male
54011,0,16.0,Mature (13-24m),STANDARD RISK,4.0,4.0,154.36,3,0,1,Male
54012,0,21.0,Mature (13-24m),STANDARD RISK,1.0,3.0,146.05,3,0,1,Female
54013,0,20.0,Mature (13-24m),STANDARD RISK,3.0,5.0,210.78,1,0,1,Male
54014,0,2.0,New (0-3m),STANDARD RISK,3.0,3.0,152.06,1,0,2,Male
54015,0,3.0,New (0-3m),STANDARD RISK,7.0,2.0,188.84,3,0,1,Male
54016,0,16.0,Mature (13-24m),STANDARD RISK,1.0,2.0,164.68,3,0,1,Male
54017,1,1.0,New (0-3m),STANDARD RISK,3.0,3.0,224.07,4,1,3,Male
54018,0,20.0,Mature (13-24m),LOW RISK,9.0,2.0,257.25,5,0,3,Female
54019,0,1.0,New (0-3m),STANDARD RISK,9.0,6.0,160.4,3,0,3,Female
54020,0,3.0,New (0-3m),STANDARD RISK,1.0,2.0,153.04,4,0,2,Male
54021,0,17.0,Mature (13-24m),STANDARD RISK,15.0,7.0,318.92,3,0,1,Female
54022,0,22.0,Mature (13-24m),LOW RISK,10.0,13.0,321.65,4,0,1,Male
54023,1,1.0,New (0-3m),CRITICAL RISK,1.0,2.0,149.39,1,1,1,Male
54024,1,10.0,Established (7-12m),STANDARD RISK,8.0,2.0,198.14,4,0,3,Female
54025,0,1.0,New (0-3m),STANDARD RISK,4.0,8.0,172.74,5,0,1,Female
54026,0,13.0,Mature (13-24m),STANDARD RISK,3.0,3.0,164.02,1,0,1,Male
54027,0,29.0,Loyal (25m+),STANDARD RISK,5.0,2.0,151.62,1,0,1,Male
54028,0,2.0,New (0-3m),STANDARD RISK,1.0,2.0,153.56,4,0,3,Female
54029,1,1.0,New (0-3m),STANDARD RISK,1.0,2.0,135.81,1,0,3,Male
54030,1,1.0,New (0-3m),STANDARD RISK,1.0,2.0,149.72,4,1,1,Male
54031,0,10.0,Established (7-12m),STANDARD RISK,8.0,2.0,181.73,3,1,3,Female
54032,0,5.0,Growing (4-6m),STANDARD RISK,3.0,2.0,166.97,3,0,1,Male
54033,0,8.0,Established (7-12m),STANDARD RISK,3.0,2.0,222.13,1,1,3,Male
54034,0,3.0,New (0-3m),STANDARD RISK,3.0,2.0,145.62,5,0,1,Male
54035,0,11.0,Established (7-12m),STANDARD RISK,5.0,2.0,167.84,5,1,1,Male
54036,0,9.0,Established (7-12m),STANDARD RISK,3.0,2.0,172.88,4,1,1,Female
54037,0,19.0,Mature (13-24m),STANDARD RISK,9.0,4.0,184.06,1,0,1,Female
54038,0,10.0,Established (7-12m),STANDARD RISK,9.0,2.0,163.86,1,0,2,Male
54039,0,14.0,Mature (13-24m),LOW RISK,17.0,12.0,293.23,5,0,1,Male
54040,0,1.0,New (0-3m),STANDARD RISK,1.0,2.0,154.33,3,1,1,Female
54041,0,1.0,New (0-3m),STANDARD RISK,8.0,2.0,190.0,3,0,3,Female
54042,0,22.0,Mature (13-24m),STANDARD RISK,8.0,5.0,296.74,1,0,1,Female
54043,0,18.0,Mature (13-24m),LOW RISK,3.0,3.0,175.33,5,0,1,Male
54044,1,1.0,New (0-3m),STANDARD RISK,1.0,4.0,148.07,5,1,1,Male
54045,1,20.0,Mature (13-24m),STANDARD RISK,1.0,2.0,150.87,1,0,1,Male
54046,0,10.0,Established (7-12m),STANDARD RISK,4.0,2.0,180.07,4,0,3,Male
54047,0,15.0,Mature (13-24m),LOW RISK,5.0,2.0,168.93,4,0,3,Female
54048,0,16.0,Mature (13-24m),LOW RISK,8.0,2.0,258.48,5,0,1,Male
54049,0,5.0,Growing (4-6m),MEDIUM RISK,5.0,2.0,190.83,1,1,3,Female
54050,0,8.0,Established (7-12m),STANDARD RISK,2.0,2.0,206.03,1,1,3,Female
54051,0,5.0,Growing (4-6m),STANDARD RISK,3.0,3.0,164.78,3,0,1,Female
54052,0,1.0,New (0-3m),STANDARD RISK,8.0,8.0,150.44,1,0,1,Male
54053,0,19.0,Mature (13-24m),STANDARD RISK,4.0,2.0,178.99,3,0,1,Male
54054,0,7.0,Established (7-12m),STANDARD RISK,10.0,2.0,179.87,3,0,3,Male
54055,0,2.0,New (0-3m),CRITICAL RISK,8.0,2.0,193.34,1,1,3,Male
54056,1,1.0,New (0-3m),STANDARD RISK,1.0,2.0,135.91,5,0,3,Male
54057,0,13.0,Mature (13-24m),STANDARD RISK,3.0,2.0,182.36,3,0,3,Female
54058,0,1.0,New (0-3m),STANDARD RISK,3.0,2.0,147.26,4,0,1,Male
54059,0,8.0,Established (7-12m),STANDARD RISK,12.0,7.0,182.47,1,1,1,Male
54060,1,1.0,New (0-3m),STANDARD RISK,3.0,3.0,223.54,3,1,3,Female
54061,0,21.0,Mature (13-24m),LOW RISK,8.0,2.0,179.67,4,0,1,Male
54062,0,30.0,Loyal (25m+),LOW RISK,1.0,2.0,178.8,5,0,3,Female
54063,0,13.0,Mature (13-24m),LOW RISK,10.0,8.0,176.51,5,0,1,Male
54064,0,12.0,Established (7-12m),STANDARD RISK,8.0,2.0,146.33,4,1,1,Female
54065,0,31.0,Loyal (25m+),STANDARD RISK,1.0,2.0,303.75,1,1,3,Female
54066,1,1.0,New (0-3m),STANDARD RISK,4.0,2.0,149.32,3,1,1,Female
54067,0,12.0,Established (7-12m),STANDARD RISK,4.0,2.0,172.71,1,0,1,Male
54068,0,23.0,Mature (13-24m),STANDARD RISK,4.0,5.0,316.61,1,0,1,Male
54069,0,16.0,Mature (13-24m),STANDARD RISK,1.0,2.0,175.87,1,1,3,Male
54070,1,1.0,New (0-3m),STANDARD RISK,1.0,2.0,153.63,4,0,2,Female
54071,0,9.0,Established (7-12m),STANDARD RISK,5.0,2.0,25.0,5,0,3,Male
54072,0,2.0,New (0-3m),STANDARD RISK,5.0,2.0,146.44,3,0,1,Male
54073,0,5.0,Growing (4-6m),STANDARD RISK,4.0,3.0,155.65,5,1,1,Male
54074,0,10.0,Established (7-12m),STANDARD RISK,3.0,2.0,153.1,4,0,1,Male
54075,0,8.0,Established (7-12m),STANDARD RISK,3.0,3.0,223.88,1,0,3,Male
54076,0,8.0,Established (7-12m),STANDARD RISK,3.0,2.0,211.28,3,0,3,Male
54077,0,1.0,New (0-3m),STANDARD RISK,7.0,8.0,153.67,5,0,1,Male
54078,0,3.0,New (0-3m),STANDARD RISK,3.0,2.0,178.73,5,0,1,Male
54079,0,6.0,Growing (4-6m),MEDIUM RISK,3.0,2.0,191.67,1,0,1,Female
54080,0,5.0,Growing (4-6m),STANDARD RISK,8.0,9.0,175.03,5,0,1,Male
54081,1,1.0,New (0-3m),STANDARD RISK,4.0,2.0,148.67,1,0,1,Male
54082,0,12.0,Established (7-12m),STANDARD RISK,1.0,2.0,153.58,5,0,3,Male
54083,0,9.0,Established (7-12m),STANDARD RISK,10.0,2.0,177.04,1,1,3,Female
54084,0,1.0,New (0-3m),STANDARD RISK,8.0,2.0,166.05,1,0,3,Male
54085,0,6.0,Growing (4-6m),MEDIUM RISK,3.0,2.0,221.79,1,0,1,Male
54086,1,1.0,New (0-3m),CRITICAL RISK,9.0,2.0,181.17,1,1,3,Male
54087,1,17.0,Mature (13-24m),STANDARD RISK,3.0,3.0,229.48,5,1,3,Male
54088,0,28.0,Loyal (25m+),STANDARD RISK,4.0,3.0,153.97,3,0,1,Female
54089,0,7.0,Established (7-12m),STANDARD RISK,9.0,3.0,184.68,3,0,1,Male
54090,0,17.0,Mature (13-24m),STANDARD RISK,10.0,2.0,200.1,3,0,1,Male
54091,0,12.0,Established (7-12m),STANDARD RISK,3.0,2.0,154.91,4,1,2,Male
54092,0,29.0,Loyal (25m+),STANDARD RISK,5.0,2.0,321.36,4,1,2,Male
54093,0,5.0,Growing (4-6m),MEDIUM RISK,1.0,2.0,136.29,1,1,1,Female
54094,0,13.0,Mature (13-24m),LOW RISK,11.0,2.0,258.41,5,0,3,Male
54095,0,16.0,Mature (13-24m),STANDARD RISK,8.0,4.0,168.32,3,0,1,Male
54096,0,5.0,Growing (4-6m),STANDARD RISK,9.0,2.0,235.31,3,0,1,Female
54097,0,28.0,Loyal (25m+),STANDARD RISK,5.0,2.0,169.4,5,1,1,Female
54098,0,1.0,New (0-3m),STANDARD RISK,3.0,2.0,171.17,3,0,1,Male
54099,0,1.0,New (0-3m),STANDARD RISK,5.0,2.0,151.47,1,0,1,Male
54100,0,14.0,Mature (13-24m),STANDARD RISK,5.0,10.0,188.23,3,0,1,Female
54101,0,14.0,Mature (13-24m),LOW RISK,11.0,6.0,181.77,4,0,3,Female
54102,0,1.0,New (0-3m),STANDARD RISK,3.0,2.0,146.87,4,0,2,Female
54103,0,4.0,Growing (4-6m),STANDARD RISK,8.0,2.0,162.48,4,0,1,Male
54104,0,1.0,New (0-3m),STANDARD RISK,3.0,2.0,164.77,3,1,1,Male
54105,0,21.0,Mature (13-24m),STANDARD RISK,3.0,13.0,211.33,3,0,1,Male
54106,0,7.0,Established (7-12m),STANDARD RISK,1.0,2.0,145.08,3,0,1,Male
54107,0,12.0,Established (7-12m),STANDARD RISK,9.0,6.0,169.4,4,0,3,Male
54108,0,5.0,Growing (4-6m),STANDARD RISK,3.0,2.0,155.67,3,0,3,Male
54109,0,12.0,Established (7-12m),STANDARD RISK,8.0,8.0,178.21,3,0,1,Male
54110,0,16.0,Mature (13-24m),STANDARD RISK,3.0,2.0,179.1,5,1,1,Male
54111,0,15.0,Mature (13-24m),STANDARD RISK,1.0,2.0,152.82,1,0,1,Male
54112,0,21.0,Mature (13-24m),LOW RISK,13.0,2.0,244.57,4,0,1,Female
54113,0,9.0,Established (7-12m),STANDARD RISK,3.0,3.0,151.6,3,1,1,Male
54114,0,1.0,New (0-3m),STANDARD RISK,3.0,2.0,158.75,3,0,1,Male
54115,0,9.0,Established (7-12m),STANDARD RISK,9.0,2.0,175.98,3,0,1,Male
54116,0,7.0,Established (7-12m),STANDARD RISK,2.0,9.0,37.0,1,1,1,Female
54117,0,6.0,Growing (4-6m),STANDARD RISK,2.0,5.0,153.37,4,0,1,Female
54118,0,14.0,Mature (13-24m),STANDARD RISK,1.0,2.0,149.06,1,0,1,Male
54119,0,6.0,Growing (4-6m),STANDARD RISK,3.0,3.0,147.69,4,0,3,Male
54120,0,13.0,Mature (13-24m),STANDARD RISK,8.0,2.0,166.08,1,0,1,Male
54121,0,12.0,Established (7-12m),STANDARD RISK,12.0,2.0,257.06,3,0,1,Female
54122,0,6.0,Growing (4-6m),MEDIUM RISK,3.0,6.0,229.22,1,0,3,Female
54123,0,11.0,Established (7-12m),STANDARD RISK,9.0,7.0,262.44,1,1,1,Female
54124,0,1.0,New (0-3m),STANDARD RISK,5.0,2.0,174.07,3,1,3,Female
54125,0,26.0,Loyal (25m+),STANDARD RISK,1.0,2.0,159.82,1,0,3,Male
54126,0,18.0,Mature (13-24m),STANDARD RISK,3.0,2.0,149.36,1,1,1,Male
54127,0,1.0,New (0-3m),STANDARD RISK,3.0,2.0,148.8,5,1,3,Male
54128,0,13.0,Mature (13-24m),STANDARD RISK,4.0,2.0,319.31,1,0,1,Male
54129,1,1.0,New (0-3m),STANDARD RISK,1.0,2.0,142.9,5,0,3,Male
54130,0,10.0,Established (7-12m),STANDARD RISK,5.0,4.0,201.44,1,0,3,Female
54131,0,10.0,Established (7-12m),STANDARD RISK,3.0,2.0,176.31,4,0,1,Female
54132,0,30.0,Loyal (25m+),STANDARD RISK,10.0,2.0,188.06,3,0,1,Male
54133,1,1.0,New (0-3m),CRITICAL RISK,3.0,3.0,172.87,1,1,1,Male
54134,0,16.0,Mature (13-24m),STANDARD RISK,15.0,5.0,313.8,3,0,1,Male
54135,1,20.0,Mature (13-24m),STANDARD RISK,9.0,10.0,148.39,3,0,1,Male
54136,0,15.0,Mature (13-24m),LOW RISK,11.0,2.0,260.7,4,0,1,Female
54137,0,8.0,Established (7-12m),STANDARD RISK,8.0,2.0,192.12,3,0,3,Female
54138,0,10.0,Established (7-12m),STANDARD RISK,12.0,12.0,179.06,1,0,3,Male
54139,0,15.0,Mature (13-24m),LOW RISK,3.0,2.0,214.38,4,0,3,Male
54140,0,6.0,Growing (4-6m),STANDARD RISK,3.0,2.0,149.39,5,0,1,Male
54141,0,9.0,Established (7-12m),STANDARD RISK,3.0,2.0,213.37,1,1,2,Female
54142,0,12.0,Established (7-12m),STANDARD RISK,10.0,2.0,178.43,1,0,3,Female
54143,1,14.0,Mature (13-24m),STANDARD RISK,2.0,2.0,192.28,3,0,3,Male
54144,0,10.0,Established (7-12m),STANDARD RISK,1.0,2.0,191.52,1,0,3,Female
54145,0,19.0,Mature (13-24m),STANDARD RISK,2.0,2.0,173.5,3,0,3,Female
54146,0,14.0,Mature (13-24m),STANDARD RISK,3.0,3.0,153.09,3,0,1,Male
54147,0,9.0,Established (7-12m),STANDARD RISK,3.0,2.0,181.89,3,1,1,Male
54148,0,14.0,Mature (13-24m),STANDARD RISK,3.0,2.0,145.01,3,0,1,Female
54149,0,9.0,Established (7-12m),STANDARD RISK,2.0,2.0,154.77,1,0,1,Female
54150,0,3.0,New (0-3m),STANDARD RISK,4.0,2.0,165.25,4,1,1,Male
54151,0,3.0,New (0-3m),STANDARD RISK,5.0,2.0,162.85,5,0,1,Female
54152,1,14.0,Mature (13-24m),STANDARD RISK,1.0,2.0,233.54,5,1,3,Male
54153,0,13.0,Mature (13-24m),STANDARD RISK,7.0,2.0,245.31,1,0,3,Female
54154,0,5.0,Growing (4-6m),STANDARD RISK,3.0,2.0,224.36,5,0,1,Male
54155,0,1.0,New (0-3m),STANDARD RISK,1.0,2.0,154.66,3,0,3,Female
54156,0,10.0,Established (7-12m),STANDARD RISK,4.0,2.0,150.71,1,0,1,Male
54157,0,13.0,Mature (13-24m),LOW RISK,3.0,2.0,224.91,5,0,1,Male
54158,0,1.0,New (0-3m),STANDARD RISK,4.0,2.0,186.42,4,1,1,Male
54159,0,23.0,Mature (13-24m),LOW RISK,9.0,2.0,178.9,4,0,3,Male
54160,0,8.0,Established (7-12m),STANDARD RISK,3.0,2.0,169.04,3,0,1,Male
54161,1,5.0,Growing (4-6m),MEDIUM RISK,6.0,2.0,184.93,1,1,3,Female
54162,0,23.0,Mature (13-24m),LOW RISK,8.0,2.0,176.3,4,0,1,Male
54163,1,1.0,New (0-3m),STANDARD RISK,1.0,2.0,145.9,3,1,1,Male
54164,0,7.0,Established (7-12m),STANDARD RISK,1.0,4.0,154.09,3,1,1,Female
54165,0,1.0,New (0-3m),STANDARD RISK,3.0,3.0,159.68,4,0,1,Male
54166,0,6.0,Growing (4-6m),MEDIUM RISK,7.0,4.0,155.68,1,0,1,Male
54167,0,31.0,Loyal (25m+),STANDARD RISK,1.0,2.0,151.7,5,1,1,Female
54168,0,4.0,Growing (4-6m),STANDARD RISK,1.0,2.0,151.93,3,0,1,Male
54169,0,12.0,Established (7-12m),STANDARD RISK,3.0,2.0,220.26,3,0,1,Male
54170,0,10.0,Established (7-12m),STANDARD RISK,8.0,8.0,177.37,3,0,1,Male
54171,0,9.0,Established (7-12m),STANDARD RISK,4.0,2.0,149.26,4,0,1,Male
54172,0,3.0,New (0-3m),STANDARD RISK,9.0,2.0,166.93,3,1,1,Female
54173,0,5.0,Growing (4-6m),STANDARD RISK,4.0,5.0,154.11,3,0,1,Male
54174,0,8.0,Established (7-12m),STANDARD RISK,3.0,2.0,151.61,1,0,1,Male
54175,1,1.0,New (0-3m),STANDARD RISK,4.0,2.0,145.28,3,1,1,Male
54176,0,3.0,New (0-3m),STANDARD RISK,3.0,9.0,224.8,5,0,1,Female
54177,0,6.0,Growing (4-6m),STANDARD RISK,6.0,2.0,157.98,4,1,1,Male
54178,0,1.0,New (0-3m),CRITICAL RISK,1.0,2.0,154.35,1,1,1,Male
54179,0,27.0,Loyal (25m+),STANDARD RISK,8.0,4.0,279.27,1,0,3,Female
54180,0,12.0,Established (7-12m),STANDARD RISK,3.0,2.0,164.44,1,1,1,Male
54181,0,1.0,New (0-3m),STANDARD RISK,4.0,2.0,165.11,3,0,1,Female
54182,1,1.0,New (0-3m),STANDARD RISK,4.0,2.0,159.07,5,0,3,Male
54183,0,8.0,Established (7-12m),STANDARD RISK,12.0,2.0,244.94,4,0,1,Female
54184,0,1.0,New (0-3m),STANDARD RISK,1.0,2.0,137.32,1,0,1,Male
54185,1,1.0,New (0-3m),STANDARD RISK,4.0,2.0,154.6,5,0,1,Male
54186,0,27.0,Loyal (25m+),STANDARD RISK,9.0,5.0,315.94,3,0,1,Female
54187,1,1.0,New (0-3m),STANDARD RISK,8.0,7.0,164.19,5,1,1,Female
54188,0,16.0,Mature (13-24m),LOW RISK,3.0,5.0,193.25,4,0,3,Male
54189,0,18.0,Mature (13-24m),STANDARD RISK,3.0,6.0,227.48,1,0,1,Female
54190,0,20.0,Mature (13-24m),LOW RISK,2.0,3.0,314.47,5,0,3,Female
54191,0,7.0,Established (7-12m),STANDARD RISK,1.0,2.0,149.96,1,0,1,Male
54192,0,18.0,Mature (13-24m),STANDARD RISK,4.0,2.0,189.65,1,1,1,Male
54193,0,4.0,Growing (4-6m),STANDARD RISK,9.0,2.0,147.06,3,0,1,Male
54194,1,3.0,New (0-3m),STANDARD RISK,1.0,2.0,145.86,1,0,3,Male
54195,1,1.0,New (0-3m),CRITICAL RISK,1.0,3.0,147.93,1,1,1,Male
54196,0,17.0,Mature (13-24m),STANDARD RISK,5.0,2.0,151.45,3,0,1,Female
54197,1,14.0,Mature (13-24m),STANDARD RISK,3.0,2.0,151.83,3,1,3,Male
54198,0,9.0,Established (7-12m),STANDARD RISK,3.0,3.0,145.14,1,0,3,Female
54199,0,10.0,Established (7-12m),STANDARD RISK,1.0,2.0,159.19,5,1,1,Female
54200,0,7.0,Established (7-12m),STANDARD RISK,4.0,2.0,178.76,5,0,3,Female
54201,0,9.0,Established (7-12m),STANDARD RISK,1.0,2.0,144.51,1,0,1,Male
54202,0,1.0,New (0-3m),STANDARD RISK,1.0,2.0,148.41,5,0,1,Female
54203,1,1.0,New (0-3m),STANDARD RISK,2.0,2.0,147.93,3,0,1,Male
54204,0,1.0,New (0-3m),STANDARD RISK,3.0,2.0,212.26,3,0,3,Male
54205,0,4.0,Growing (4-6m),MEDIUM RISK,8.0,4.0,165.11,1,0,1,Female
54206,1,5.0,Growing (4-6m),STANDARD RISK,9.0,16.0,320.45,3,0,1,Female
54207,0,8.0,Established (7-12m),STANDARD RISK,8.0,9.0,170.68,3,0,3,Male
54208,0,11.0,Established (7-12m),STANDARD RISK,1.0,2.0,155.22,4,0,1,Male
54209,0,20.0,Mature (13-24m),STANDARD RISK,9.0,2.0,182.72,1,1,3,Male
54210,0,9.0,Established (7-12m),STANDARD RISK,2.0,2.0,147.69,1,0,1,Male
54211,1,12.0,Established (7-12m),STANDARD RISK,1.0,2.0,178.81,3,1,1,Male
54212,1,1.0,New (0-3m),STANDARD RISK,3.0,3.0,159.41,3,1,1,Male
54213,0,18.0,Mature (13-24m),STANDARD RISK,4.0,2.0,179.54,5,1,3,Female
54214,0,9.0,Established (7-12m),STANDARD RISK,3.0,3.0,223.84,5,1,1,Male
54215,0,1.0,New (0-3m),CRITICAL RISK,1.0,2.0,166.57,1,1,3,Female
54216,0,7.0,Established (7-12m),STANDARD RISK,13.0,2.0,259.58,1,1,1,Female
54217,0,9.0,Established (7-12m),STANDARD RISK,3.0,2.0,215.69,5,0,3,Male
54218,0,9.0,Established (7-12m),STANDARD RISK,3.0,3.0,165.14,5,1,1,Female
54219,0,5.0,Growing (4-6m),MEDIUM RISK,8.0,2.0,184.15,1,0,1,Male
54220,0,11.0,Established (7-12m),STANDARD RISK,8.0,2.0,184.93,3,0,1,Male
54221,0,6.0,Growing (4-6m),MEDIUM RISK,9.0,8.0,186.62,1,1,1,Male
54222,0,12.0,Established (7-12m),STANDARD RISK,10.0,10.0,149.06,1,0,1,Female
54223,0,24.0,Mature (13-24m),STANDARD RISK,9.0,14.0,312.4,3,1,1,Female
54224,0,31.0,Loyal (25m+),LOW RISK,10.0,8.0,201.37,5,0,3,Female
54225,0,10.0,Established (7-12m),STANDARD RISK,3.0,13.0,225.96,3,0,1,Female
54226,0,29.0,Loyal (25m+),STANDARD RISK,3.0,2.0,272.56,3,1,1,Female
54227,0,10.0,Established (7-12m),STANDARD RISK,4.0,2.0,189.99,4,0,1,Male
54228,0,19.0,Mature (13-24m),LOW RISK,3.0,2.0,222.24,5,0,1,Male
54229,0,9.0,Established (7-12m),STANDARD RISK,3.0,2.0,146.94,5,0,1,Male
54230,1,1.0,New (0-3m),STANDARD RISK,1.0,2.0,158.88,3,1,1,Male
54231,0,31.0,Loyal (25m+),STANDARD RISK,4.0,2.0,179.73,3,0,3,Female
54232,0,3.0,New (0-3m),STANDARD RISK,5.0,2.0,152.03,4,0,1,Male
54233,0,5.0,Growing (4-6m),STANDARD RISK,1.0,2.0,150.01,4,0,1,Male
54234,0,6.0,Growing (4-6m),STANDARD RISK,10.0,2.0,187.2,4,0,1,Male
54235,0,10.0,Established (7-12m),STANDARD RISK,1.0,2.0,155.38,1,0,1,Female
54236,0,5.0,Growing (4-6m),MEDIUM RISK,9.0,2.0,169.24,1,0,1,Female
54237,0,9.0,Established (7-12m),STANDARD RISK,9.0,3.0,168.12,5,0,3,Male
54238,0,19.0,Mature (13-24m),STANDARD RISK,1.0,2.0,257.45,5,1,1,Male
54239,0,11.0,Established (7-12m),STANDARD RISK,3.0,2.0,261.64,3,0,1,Male
54240,0,20.0,Mature (13-24m),STANDARD RISK,3.0,2.0,175.21,4,1,2,Male
54241,0,4.0,Growing (4-6m),MEDIUM RISK,1.0,4.0,176.26,1,1,1,Male
54242,0,9.0,Established (7-12m),STANDARD RISK,5.0,2.0,153.59,3,0,1,Male
54243,0,29.0,Loyal (25m+),STANDARD RISK,3.0,2.0,227.39,1,0,3,Male
54244,0,12.0,Established (7-12m),STANDARD RISK,10.0,2.0,178.29,1,1,1,Female
54245,0,8.0,Established (7-12m),STANDARD RISK,4.0,2.0,168.25,4,0,1,Male
54246,0,30.0,Loyal (25m+),STANDARD RISK,3.0,2.0,197.6,1,0,1,Male
54247,0,1.0,New (0-3m),STANDARD RISK,1.0,2.0,148.22,5,0,3,Male
54248,0,25.0,Loyal (25m+),STANDARD RISK,4.0,2.0,145.75,1,0,1,Male
54249,0,4.0,Growing (4-6m),MEDIUM RISK,9.0,11.0,166.52,1,0,1,Male
54250,1,10.0,Established (7-12m),STANDARD RISK,3.0,5.0,221.19,1,0,3,Male
54251,0,14.0,Mature (13-24m),LOW RISK,12.0,2.0,260.03,4,0,1,Male
54252,0,25.0,Loyal (25m+),STANDARD RISK,1.0,2.0,179.41,1,1,3,Male
54253,0,4.0,Growing (4-6m),STANDARD RISK,8.0,3.0,177.09,4,1,3,Female
54254,0,20.0,Mature (13-24m),STANDARD RISK,6.0,2.0,231.73,5,1,1,Male
54255,0,6.0,Growing (4-6m),STANDARD RISK,8.0,6.0,175.1,3,0,3,Male
54256,0,28.0,Loyal (25m+),STANDARD RISK,4.0,2.0,260.49,3,0,1,Female
54257,0,1.0,New (0-3m),STANDARD RISK,3.0,2.0,174.99,3,0,3,Female
54258,0,2.0,New (0-3m),STANDARD RISK,5.0,2.0,167.21,3,0,3,Male
54259,0,31.0,Loyal (25m+),STANDARD RISK,9.0,2.0,263.72,3,0,3,Male
54260,0,18.0,Mature (13-24m),LOW RISK,3.0,2.0,145.42,4,0,1,Male
54261,1,1.0,New (0-3m),STANDARD RISK,3.0,2.0,145.73,5,1,2,Male
54262,0,6.0,Growing (4-6m),STANDARD RISK,1.0,2.0,154.56,5,0,1,Male
54263,1,1.0,New (0-3m),CRITICAL RISK,1.0,2.0,154.26,1,1,1,Female
54264,0,8.0,Established (7-12m),STANDARD RISK,11.0,3.0,173.09,3,0,1,Female
54265,0,11.0,Established (7-12m),STANDARD RISK,1.0,2.0,176.63,1,0,1,Male
54266,0,31.0,Loyal (25m+),STANDARD RISK,3.0,3.0,313.44,1,0,2,Female
54267,0,24.0,Mature (13-24m),STANDARD RISK,8.0,2.0,306.72,4,1,1,Female
54268,1,1.0,New (0-3m),STANDARD RISK,4.0,2.0,182.44,3,1,3,Male
54269,0,1.0,New (0-3m),STANDARD RISK,2.0,3.0,153.89,1,0,1,Male
54270,0,1.0,New (0-3m),STANDARD RISK,1.0,2.0,153.71,1,0,1,Female
54271,0,25.0,Loyal (25m+),LOW RISK,9.0,13.0,199.84,5,0,1,Female
54272,1,1.0,New (0-3m),STANDARD RISK,7.0,2.0,185.74,3,1,1,Male
54273,0,28.0,Loyal (25m+),STANDARD RISK,5.0,5.0,298.28,1,1,2,Female
54274,0,1.0,New (0-3m),STANDARD RISK,3.0,2.0,152.74,3,0,1,Male
54275,0,8.0,Established (7-12m),STANDARD RISK,1.0,2.0,170.05,4,0,1,Female
54276,0,11.0,Established (7-12m),STANDARD RISK,4.0,2.0,199.28,1,0,3,Male
54277,0,8.0,Established (7-12m),STANDARD RISK,9.0,2.0,241.31,5,0,1,Female
54278,0,10.0,Established (7-12m),STANDARD RISK,3.0,3.0,222.38,1,0,3,Female
54279,0,10.0,Established (7-12m),STANDARD RISK,1.0,2.0,153.35,1,0,1,Female
54280,0,17.0,Mature (13-24m),STANDARD RISK,13.0,5.0,294.59,1,1,3,Male
54281,0,4.0,Growing (4-6m),STANDARD RISK,10.0,2.0,151.13,3,0,1,Male
54282,0,7.0,Established (7-12m),STANDARD RISK,8.0,2.0,186.46,4,0,3,Male
54283,1,20.0,Mature (13-24m),STANDARD RISK,4.0,5.0,174.63,4,1,1,Female
54284,0,25.0,Loyal (25m+),STANDARD RISK,16.0,16.0,320.37,3,0,1,Male
54285,1,1.0,New (0-3m),STANDARD RISK,8.0,8.0,186.72,3,1,3,Male
54286,0,1.0,New (0-3m),STANDARD RISK,4.0,5.0,148.68,4,0,1,Female
54287,1,21.0,Mature (13-24m),STANDARD RISK,3.0,16.0,228.12,1,0,1,Female
54288,1,1.0,New (0-3m),STANDARD RISK,1.0,2.0,141.75,3,1,3,Male
54289,0,1.0,New (0-3m),STANDARD RISK,2.0,3.0,150.23,1,0,1,Male
54290,0,23.0,Mature (13-24m),LOW RISK,12.0,6.0,190.67,5,0,1,Female
54291,0,17.0,Mature (13-24m),STANDARD RISK,3.0,2.0,172.39,3,0,1,Female
54292,0,24.0,Mature (13-24m),STANDARD RISK,3.0,3.0,217.08,1,0,3,Female
54293,1,1.0,New (0-3m),STANDARD RISK,3.0,3.0,170.59,3,1,3,Female
54294,0,15.0,Mature (13-24m),STANDARD RISK,8.0,2.0,206.89,3,1,3,Male
54295,0,1.0,New (0-3m),STANDARD RISK,8.0,6.0,154.42,3,0,2,Female
54296,0,10.0,Established (7-12m),STANDARD RISK,2.0,2.0,174.41,4,0,1,Male
54297,1,15.0,Mature (13-24m),STANDARD RISK,4.0,2.0,231.5,1,0,1,Male
54298,0,13.0,Mature (13-24m),STANDARD RISK,10.0,6.0,184.02,3,0,3,Female
54299,0,1.0,New (0-3m),STANDARD RISK,3.0,3.0,211.39,3,0,3,Male
54300,0,4.0,Growing (4-6m),MEDIUM RISK,8.0,5.0,188.47,1,1,2,Male
54301,1,1.0,New (0-3m),STANDARD RISK,5.0,2.0,167.0,5,0,1,Female
54302,0,19.0,Mature (13-24m),STANDARD RISK,4.0,2.0,159.52,1,0,1,Male
54303,0,12.0,Established (7-12m),STANDARD RISK,3.0,3.0,168.17,3,1,1,Female
54304,0,4.0,Growing (4-6m),STANDARD RISK,5.0,2.0,151.32,3,0,1,Female
54305,0,6.0,Growing (4-6m),MEDIUM RISK,8.0,2.0,171.68,1,0,3,Male
54306,0,4.0,Growing (4-6m),STANDARD RISK,31.0,3.0,157.04,5,0,1,Female
54307,0,4.0,Growing (4-6m),MEDIUM RISK,3.0,2.0,152.2,1,0,1,Male
54308,0,15.0,Mature (13-24m),LOW RISK,8.0,8.0,296.81,5,0,1,Male
54309,0,15.0,Mature (13-24m),LOW RISK,5.0,2.0,147.38,5,0,1,Male
54310,0,1.0,New (0-3m),STANDARD RISK,1.0,2.0,139.83,4,0,1,Female
54311,0,14.0,Mature (13-24m),LOW RISK,14.0,3.0,181.05,4,0,1,Female
54312,0,9.0,Established (7-12m),STANDARD RISK,7.0,2.0,197.95,4,0,3,Male
54313,0,27.0,Loyal (25m+),STANDARD RISK,6.0,5.0,148.06,3,1,3,Male
54314,0,19.0,Mature (13-24m),LOW RISK,16.0,2.0,148.48,4,0,1,Male
54315,0,6.0,Growing (4-6m),MEDIUM RISK,3.0,4.0,214.98,1,0,3,Female
54316,0,3.0,New (0-3m),STANDARD RISK,10.0,2.0,168.19,3,0,1,Male
54317,0,25.0,Loyal (25m+),STANDARD RISK,1.0,2.0,186.32,3,0,1,Male
54318,0,31.0,Loyal (25m+),STANDARD RISK,1.0,2.0,158.46,4,1,1,Female
54319,0,14.0,Mature (13-24m),STANDARD RISK,12.0,2.0,233.55,1,0,3,Male
54320,0,8.0,Established (7-12m),STANDARD RISK,3.0,2.0,147.31,3,0,3,Female
54321,0,1.0,New (0-3m),STANDARD RISK,3.0,3.0,148.23,1,0,1,Male
54322,0,1.0,New (0-3m),STANDARD RISK,3.0,3.0,145.24,4,0,1,Male
54323,0,2.0,New (0-3m),STANDARD RISK,3.0,2.0,152.13,1,0,1,Male
54324,0,31.0,Loyal (25m+),STANDARD RISK,3.0,2.0,219.39,1,1,1,Male
54325,0,1.0,New (0-3m),STANDARD RISK,2.0,2.0,150.66,3,1,1,Male
54326,0,24.0,Mature (13-24m),LOW RISK,5.0,5.0,324.26,4,0,1,Female
54327,0,15.0,Mature (13-24m),STANDARD RISK,9.0,2.0,149.51,3,0,1,Male
54328,0,4.0,Growing (4-6m),MEDIUM RISK,3.0,8.0,219.19,1,0,3,Female
54329,0,12.0,Established (7-12m),STANDARD RISK,3.0,2.0,211.86,1,0,3,Female
54330,0,6.0,Growing (4-6m),STANDARD RISK,5.0,2.0,155.38,3,0,1,Male
54331,0,1.0,New (0-3m),STANDARD RISK,2.0,2.0,155.58,4,1,1,Male
54332,1,1.0,New (0-3m),STANDARD RISK,1.0,2.0,148.25,5,0,3,Female
54333,0,10.0,Established (7-12m),STANDARD RISK,3.0,8.0,145.88,4,0,1,Male
54334,0,4.0,Growing (4-6m),STANDARD RISK,11.0,7.0,155.72,5,0,1,Male
54335,0,19.0,Mature (13-24m),STANDARD RISK,4.0,2.0,175.06,5,1,3,Female
54336,0,30.0,Loyal (25m+),STANDARD RISK,3.0,3.0,167.57,5,1,1,Female
54337,0,7.0,Established (7-12m),STANDARD RISK,3.0,2.0,150.0,1,0,1,Male
54338,1,1.0,New (0-3m),STANDARD RISK,1.0,2.0,136.02,1,0,1,Male
54339,0,20.0,Mature (13-24m),LOW RISK,3.0,16.0,229.53,5,0,3,Female
54340,0,12.0,Established (7-12m),STANDARD RISK,2.0,3.0,147.88,1,0,1,Female
54341,0,5.0,Growing (4-6m),MEDIUM RISK,3.0,2.0,164.29,1,1,1,Female
54342,0,8.0,Established (7-12m),STANDARD RISK,3.0,2.0,148.11,4,0,1,Female
54343,1,5.0,Growing (4-6m),STANDARD RISK,3.0,2.0,156.4,4,1,3,Female
54344,0,24.0,Mature (13-24m),STANDARD RISK,3.0,2.0,161.9,3,0,1,Male
54345,0,27.0,Loyal (25m+),LOW RISK,4.0,2.0,169.5,5,0,1,Female
54346,0,7.0,Established (7-12m),STANDARD RISK,7.0,2.0,152.56,4,0,1,Female
54347,0,14.0,Mature (13-24m),STANDARD RISK,10.0,10.0,315.33,3,0,1,Female
54348,0,29.0,Loyal (25m+),LOW RISK,16.0,3.0,312.22,4,0,1,Male
54349,0,8.0,Established (7-12m),STANDARD RISK,3.0,2.0,220.47,3,0,1,Male
54350,0,25.0,Loyal (25m+),LOW RISK,1.0,2.0,262.34,4,0,1,Female
54351,0,26.0,Loyal (25m+),STANDARD RISK,10.0,12.0,324.99,3,0,1,Male
54352,0,1.0,New (0-3m),STANDARD RISK,4.0,2.0,147.79,4,0,1,Female
54353,1,1.0,New (0-3m),STANDARD RISK,2.0,2.0,184.16,3,1,1,Male
54354,0,17.0,Mature (13-24m),STANDARD RISK,3.0,3.0,145.89,1,0,1,Male
54355,0,19.0,Mature (13-24m),STANDARD RISK,9.0,12.0,292.92,1,0,1,Male
54356,0,11.0,Established (7-12m),STANDARD RISK,8.0,2.0,160.64,5,1,1,Male
54357,0,9.0,Established (7-12m),STANDARD RISK,3.0,2.0,169.25,4,0,1,Female
54358,0,16.0,Mature (13-24m),STANDARD RISK,3.0,2.0,177.65,3,0,1,Female
54359,0,12.0,Established (7-12m),STANDARD RISK,1.0,2.0,190.53,3,0,1,Male
54360,0,12.0,Established (7-12m),STANDARD RISK,8.0,2.0,187.61,1,0,1,Male
54361,0,1.0,New (0-3m),STANDARD RISK,1.0,3.0,167.98,5,0,1,Male
54362,0,23.0,Mature (13-24m),STANDARD RISK,8.0,2.0,193.04,1,1,1,Male
54363,0,8.0,Established (7-12m),STANDARD RISK,1.0,3.0,163.15,3,1,1,Male
54364,0,14.0,Mature (13-24m),STANDARD RISK,8.0,4.0,152.41,1,1,1,Male
54365,1,2.0,New (0-3m),STANDARD RISK,1.0,2.0,191.73,5,1,1,Male
54366,1,1.0,New (0-3m),STANDARD RISK,10.0,2.0,201.39,1,0,3,Female
54367,0,1.0,New (0-3m),STANDARD RISK,3.0,3.0,148.28,4,1,1,Male
54368,0,10.0,Established (7-12m),STANDARD RISK,8.0,2.0,146.53,1,0,1,Female
54369,0,14.0,Mature (13-24m),STANDARD RISK,3.0,2.0,173.76,1,0,1,Male
54370,0,20.0,Mature (13-24m),LOW RISK,3.0,2.0,218.96,5,0,1,Male
54371,1,1.0,New (0-3m),STANDARD RISK,3.0,10.0,229.0,1,0,3,Male
54372,0,4.0,Growing (4-6m),STANDARD RISK,3.0,6.0,209.74,3,0,1,Male
54373,0,1.0,New (0-3m),STANDARD RISK,3.0,2.0,224.81,3,0,3,Female
54374,0,25.0,Loyal (25m+),LOW RISK,8.0,2.0,249.9,4,0,1,Male
54375,1,1.0,New (0-3m),STANDARD RISK,5.0,2.0,151.57,5,1,1,Female
54376,0,15.0,Mature (13-24m),STANDARD RISK,1.0,2.0,260.91,1,1,3,Female
54377,1,1.0,New (0-3m),STANDARD RISK,2.0,2.0,191.96,5,0,3,Female
54378,1,1.0,New (0-3m),STANDARD RISK,6.0,2.0,145.58,3,0,1,Male
54379,0,19.0,Mature (13-24m),STANDARD RISK,3.0,13.0,213.65,1,0,3,Female
54380,0,28.0,Loyal (25m+),LOW RISK,6.0,2.0,184.4,5,0,3,Female
54381,0,10.0,Established (7-12m),STANDARD RISK,8.0,4.0,184.14,4,0,1,Male
54382,0,7.0,Established (7-12m),STANDARD RISK,2.0,2.0,151.22,4,0,1,Female
54383,0,11.0,Established (7-12m),STANDARD RISK,8.0,2.0,246.85,1,1,1,Male
54384,0,12.0,Established (7-12m),STANDARD RISK,3.0,6.0,231.09,3,0,3,Male
54385,0,5.0,Growing (4-6m),STANDARD RISK,5.0,2.0,168.45,3,0,1,Male
54386,0,31.0,Loyal (25m+),STANDARD RISK,1.0,2.0,146.77,1,0,1,Male
54387,0,11.0,Established (7-12m),STANDARD RISK,9.0,6.0,152.93,1,0,3,Male
54388,0,3.0,New (0-3m),STANDARD RISK,2.0,5.0,204.18,1,0,3,Female
54389,0,9.0,Established (7-12m),STANDARD RISK,3.0,2.0,212.89,3,0,3,Female
54390,1,1.0,New (0-3m),CRITICAL RISK,2.0,2.0,148.89,1,1,1,Male
54391,0,26.0,Loyal (25m+),STANDARD RISK,3.0,3.0,157.12,1,0,1,Female
54392,0,16.0,Mature (13-24m),STANDARD RISK,16.0,12.0,317.32,1,0,1,Male
54393,0,31.0,Loyal (25m+),STANDARD RISK,3.0,3.0,147.67,3,0,2,Male
54394,0,24.0,Mature (13-24m),STANDARD RISK,7.0,2.0,320.17,1,0,3,Female
54395,1,1.0,New (0-3m),CRITICAL RISK,5.0,2.0,149.36,1,1,1,Male
54396,0,17.0,Mature (13-24m),STANDARD RISK,10.0,2.0,285.64,1,1,3,Female
54397,1,1.0,New (0-3m),STANDARD RISK,8.0,2.0,152.07,5,0,1,Female
54398,0,26.0,Loyal (25m+),STANDARD RISK,13.0,16.0,315.68,3,1,3,Male
54399,0,6.0,Growing (4-6m),STANDARD RISK,3.0,2.0,164.31,4,0,3,Female
54400,1,1.0,New (0-3m),STANDARD RISK,3.0,2.0,162.3,3,1,1,Male
54401,0,13.0,Mature (13-24m),STANDARD RISK,3.0,2.0,147.32,3,0,1,Female
54402,0,6.0,Growing (4-6m),MEDIUM RISK,3.0,3.0,169.65,1,0,3,Male
54403,0,15.0,Mature (13-24m),LOW RISK,1.0,2.0,155.72,5,0,1,Male
54404,0,14.0,Mature (13-24m),STANDARD RISK,8.0,5.0,158.19,1,0,1,Male
54405,0,19.0,Mature (13-24m),STANDARD RISK,8.0,2.0,317.02,1,0,1,Male
54406,0,5.0,Growing (4-6m),STANDARD RISK,3.0,3.0,261.75,3,0,1,Male
54407,0,7.0,Established (7-12m),STANDARD RISK,3.0,2.0,154.11,1,0,1,Female
54408,0,8.0,Established (7-12m),STANDARD RISK,10.0,6.0,184.57,5,0,1,Male
54409,0,11.0,Established (7-12m),STANDARD RISK,3.0,2.0,164.2,5,0,1,Female
54410,0,19.0,Mature (13-24m),STANDARD RISK,3.0,2.0,189.34,3,0,1,Male
54411,1,1.0,New (0-3m),STANDARD RISK,3.0,2.0,225.48,3,0,1,Male
54412,0,13.0,Mature (13-24m),STANDARD RISK,9.0,2.0,234.38,3,0,1,Female
54413,0,3.0,New (0-3m),STANDARD RISK,6.0,2.0,148.4,1,0,1,Male
54414,0,16.0,Mature (13-24m),STANDARD RISK,3.0,2.0,190.45,5,1,1,Female
54415,0,3.0,New (0-3m),STANDARD RISK,3.0,2.0,194.31,1,0,3,Male
54416,0,1.0,New (0-3m),STANDARD RISK,3.0,2.0,173.98,3,0,1,Female
54417,0,16.0,Mature (13-24m),STANDARD RISK,9.0,8.0,150.93,5,1,1,Female
54418,0,14.0,Mature (13-24m),STANDARD RISK,10.0,4.0,319.36,3,0,1,Male
54419,0,25.0,Loyal (25m+),STANDARD RISK,1.0,2.0,152.23,1,0,1,Male
54420,1,1.0,New (0-3m),STANDARD RISK,5.0,2.0,159.79,4,0,1,Male
54421,0,6.0,Growing (4-6m),STANDARD RISK,4.0,2.0,152.94,4,0,1,Male
54422,0,12.0,Established (7-12m),STANDARD RISK,6.0,8.0,177.49,1,0,3,Male
54423,0,6.0,Growing (4-6m),STANDARD RISK,5.0,2.0,146.76,5,0,1,Male
54424,0,20.0,Mature (13-24m),STANDARD RISK,8.0,8.0,293.72,4,1,3,Female
54425,1,1.0,New (0-3m),STANDARD RISK,1.0,2.0,159.85,3,0,1,Male
54426,0,3.0,New (0-3m),STANDARD RISK,1.0,2.0,191.44,4,0,3,Male
54427,0,5.0,Growing (4-6m),MEDIUM RISK,9.0,8.0,180.82,1,0,1,Male
54428,0,1.0,New (0-3m),STANDARD RISK,6.0,2.0,165.0,5,0,1,Male
54429,0,19.0,Mature (13-24m),STANDARD RISK,11.0,2.0,259.96,1,1,1,Male
54430,0,10.0,Established (7-12m),STANDARD RISK,12.0,11.0,157.1,1,0,1,Male
54431,0,29.0,Loyal (25m+),STANDARD RISK,14.0,5.0,315.45,5,1,1,Male
54432,1,11.0,Established (7-12m),STANDARD RISK,10.0,2.0,243.49,4,1,1,Male
54433,0,2.0,New (0-3m),STANDARD RISK,5.0,2.0,145.7,1,0,1,Male
54434,0,11.0,Established (7-12m),STANDARD RISK,2.0,2.0,190.02,1,0,3,Male
54435,0,1.0,New (0-3m),STANDARD RISK,1.0,2.0,157.3,3,0,1,Male
54436,0,11.0,Established (7-12m),STANDARD RISK,3.0,2.0,261.03,1,1,1,Female
54437,0,9.0,Established (7-12m),STANDARD RISK,3.0,2.0,244.96,4,0,1,Female
54438,0,12.0,Established (7-12m),STANDARD RISK,8.0,8.0,181.05,5,1,3,Female
54439,0,1.0,New (0-3m),STANDARD RISK,5.0,2.0,188.97,4,0,1,Female
54440,0,24.0,Mature (13-24m),LOW RISK,7.0,2.0,316.44,4,0,1,Male
54441,0,27.0,Loyal (25m+),STANDARD RISK,4.0,2.0,300.84,3,1,1,Male
54442,0,16.0,Mature (13-24m),STANDARD RISK,7.0,12.0,174.07,3,0,3,Male
54443,0,3.0,New (0-3m),STANDARD RISK,10.0,2.0,170.54,1,0,3,Male
54444,0,29.0,Loyal (25m+),STANDARD RISK,9.0,2.0,179.15,1,1,1,Male
54445,0,1.0,New (0-3m),STANDARD RISK,4.0,4.0,172.41,5,1,1,Male
54446,0,11.0,Established (7-12m),STANDARD RISK,8.0,6.0,146.15,1,0,1,Female
54447,1,8.0,Established (7-12m),STANDARD RISK,1.0,2.0,156.61,3,1,1,Male
54448,0,12.0,Established (7-12m),STANDARD RISK,3.0,2.0,182.45,1,0,1,Male
54449,1,1.0,New (0-3m),STANDARD RISK,3.0,2.0,148.73,4,1,1,Male
54450,0,2.0,New (0-3m),STANDARD RISK,3.0,2.0,158.1,1,0,1,Female
54451,0,23.0,Mature (13-24m),STANDARD RISK,3.0,2.0,311.65,5,1,1,Female
54452,0,10.0,Established (7-12m),STANDARD RISK,8.0,8.0,169.85,4,0,1,Male
54453,0,5.0,Growing (4-6m),STANDARD RISK,3.0,3.0,152.89,4,0,3,Female
54454,1,1.0,New (0-3m),CRITICAL RISK,5.0,8.0,183.28,1,1,3,Male
54455,0,11.0,Established (7-12m),STANDARD RISK,3.0,2.0,148.26,1,1,1,Male
54456,0,16.0,Mature (13-24m),LOW RISK,9.0,2.0,260.25,4,0,3,Female
54457,1,1.0,New (0-3m),STANDARD RISK,1.0,2.0,139.2,3,0,1,Male
54458,0,9.0,Established (7-12m),STANDARD RISK,10.0,7.0,205.2,4,0,3,Male
54459,0,10.0,Established (7-12m),STANDARD RISK,1.0,2.0,161.88,1,0,1,Male
54460,0,25.0,Loyal (25m+),LOW RISK,3.0,2.0,179.82,4,0,1,Male
54461,0,15.0,Mature (13-24m),LOW RISK,5.0,2.0,285.15,4,0,3,Male
54462,0,1.0,New (0-3m),STANDARD RISK,1.0,2.0,137.0,3,0,3,Female
54463,0,2.0,New (0-3m),STANDARD RISK,8.0,2.0,181.61,5,0,1,Male
54464,0,5.0,Growing (4-6m),MEDIUM RISK,8.0,8.0,194.29,1,0,3,Male
54465,0,13.0,Mature (13-24m),STANDARD RISK,3.0,4.0,221.13,1,0,1,Male
54466,0,10.0,Established (7-12m),STANDARD RISK,9.0,2.0,181.74,4,0,1,Female
54467,0,6.0,Growing (4-6m),STANDARD RISK,9.0,5.0,179.84,3,0,3,Male
54468,0,12.0,Established (7-12m),STANDARD RISK,2.0,2.0,245.61,4,0,1,Female
54469,0,31.0,Loyal (25m+),STANDARD RISK,3.0,2.0,181.6,3,1,1,Male
54470,0,5.0,Growing (4-6m),MEDIUM RISK,4.0,2.0,173.21,1,1,1,Male
54471,0,5.0,Growing (4-6m),STANDARD RISK,1.0,2.0,189.1,5,0,2,Male
54472,0,19.0,Mature (13-24m),LOW RISK,12.0,10.0,177.1,5,0,1,Male
54473,0,5.0,Growing (4-6m),MEDIUM RISK,3.0,3.0,151.95,1,1,1,Male
54474,0,7.0,Established (7-12m),STANDARD RISK,9.0,2.0,243.78,4,0,1,Female
54475,0,1.0,New (0-3m),STANDARD RISK,11.0,12.0,295.68,5,1,1,Male
54476,0,17.0,Mature (13-24m),STANDARD RISK,8.0,2.0,149.55,1,0,1,Female
54477,0,23.0,Mature (13-24m),STANDARD RISK,8.0,2.0,264.64,3,1,1,Female
54478,1,16.0,Mature (13-24m),LOW RISK,8.0,8.0,174.41,4,0,1,Male
54479,0,1.0,New (0-3m),STANDARD RISK,3.0,2.0,149.78,4,1,1,Female
54480,0,6.0,Growing (4-6m),STANDARD RISK,10.0,12.0,177.28,4,1,3,Female
54481,0,1.0,New (0-3m),STANDARD RISK,5.0,2.0,169.78,3,1,3,Male
54482,0,5.0,Growing (4-6m),MEDIUM RISK,8.0,2.0,200.47,1,0,3,Male
54483,0,6.0,Growing (4-6m),MEDIUM RISK,8.0,2.0,175.55,1,0,1,Female
54484,1,1.0,New (0-3m),CRITICAL RISK,3.0,3.0,159.64,1,1,1,Male
54485,0,4.0,Growing (4-6m),MEDIUM RISK,10.0,2.0,182.75,1,0,1,Female
54486,0,5.0,Growing (4-6m),STANDARD RISK,3.0,9.0,214.43,3,0,1,Female
54487,0,13.0,Mature (13-24m),STANDARD RISK,4.0,14.0,317.72,1,0,1,Male
54488,1,3.0,New (0-3m),STANDARD RISK,1.0,2.0,177.38,3,1,3,Female
54489,0,7.0,Established (7-12m),STANDARD RISK,2.0,2.0,171.82,1,0,3,Male
54490,0,21.0,Mature (13-24m),STANDARD RISK,2.0,2.0,308.0,3,0,1,Male
54491,0,17.0,Mature (13-24m),STANDARD RISK,1.0,2.0,177.57,3,0,1,Female
54492,0,1.0,New (0-3m),STANDARD RISK,5.0,2.0,188.49,4,1,3,Male
54493,0,28.0,Loyal (25m+),STANDARD RISK,4.0,2.0,173.69,3,0,1,Female
54494,0,17.0,Mature (13-24m),LOW RISK,3.0,2.0,224.85,5,0,1,Female
54495,0,19.0,Mature (13-24m),STANDARD RISK,9.0,10.0,161.97,1,0,1,Male
54496,0,14.0,Mature (13-24m),STANDARD RISK,3.0,2.0,199.57,1,1,3,Male
54497,1,1.0,New (0-3m),STANDARD RISK,8.0,2.0,146.19,5,1,1,Male
54498,0,3.0,New (0-3m),STANDARD RISK,3.0,3.0,164.83,1,0,1,Male
54499,0,4.0,Growing (4-6m),STANDARD RISK,3.0,2.0,186.18,3,0,3,Female
54500,0,1.0,New (0-3m),STANDARD RISK,8.0,2.0,187.14,4,0,3,Female
54501,0,11.0,Established (7-12m),STANDARD RISK,5.0,2.0,188.47,1,0,1,Male
54502,0,12.0,Established (7-12m),STANDARD RISK,10.0,2.0,240.1,1,1,1,Male
54503,0,5.0,Growing (4-6m),MEDIUM RISK,11.0,5.0,196.43,1,1,1,Female
54504,0,3.0,New (0-3m),STANDARD RISK,8.0,2.0,207.68,4,1,3,Female
54505,0,9.0,Established (7-12m),STANDARD RISK,14.0,2.0,205.95,4,0,1,Male
54506,0,1.0,New (0-3m),STANDARD RISK,3.0,2.0,154.04,1,0,1,Male
54507,0,15.0,Mature (13-24m),STANDARD RISK,3.0,2.0,185.32,4,1,1,Male
54508,0,21.0,Mature (13-24m),STANDARD RISK,1.0,2.0,154.76,3,0,3,Male
54509,0,16.0,Mature (13-24m),STANDARD RISK,1.0,2.0,284.92,1,0,1,Female
54510,0,3.0,New (0-3m),STANDARD RISK,3.0,2.0,171.49,3,0,3,Male
54511,0,16.0,Mature (13-24m),STANDARD RISK,1.0,2.0,151.96,3,1,2,Male
54512,0,6.0,Growing (4-6m),STANDARD RISK,8.0,2.0,148.7,4,0,1,Female
54513,0,22.0,Mature (13-24m),STANDARD RISK,1.0,2.0,250.04,3,0,3,Female
54514,0,11.0,Established (7-12m),STANDARD RISK,8.0,7.0,184.74,5,1,1,Male
54515,0,4.0,Growing (4-6m),STANDARD RISK,3.0,3.0,172.36,3,1,3,Female
54516,0,1.0,New (0-3m),STANDARD RISK,8.0,8.0,177.96,3,0,3,Male
54517,0,16.0,Mature (13-24m),STANDARD RISK,1.0,2.0,192.81,1,0,1,Male
54518,1,1.0,New (0-3m),STANDARD RISK,3.0,2.0,146.74,4,1,3,Female
54519,0,10.0,Established (7-12m),STANDARD RISK,1.0,2.0,191.53,1,0,3,Female
54520,0,10.0,Established (7-12m),STANDARD RISK,3.0,2.0,221.99,1,0,3,Male
54521,0,31.0,Loyal (25m+),STANDARD RISK,3.0,2.0,192.55,3,0,1,Male
54522,0,14.0,Mature (13-24m),STANDARD RISK,8.0,2.0,147.13,3,1,1,Female
54523,0,1.0,New (0-3m),STANDARD RISK,3.0,3.0,151.1,1,0,3,Male
54524,1,1.0,New (0-3m),STANDARD RISK,1.0,2.0,153.51,3,1,3,Female
54525,0,11.0,Established (7-12m),STANDARD RISK,4.0,2.0,159.52,5,0,1,Female
54526,0,20.0,Mature (13-24m),STANDARD RISK,1.0,2.0,177.58,3,0,1,Female
54527,1,5.0,Growing (4-6m),STANDARD RISK,3.0,8.0,218.55,4,0,3,Male
54528,0,24.0,Mature (13-24m),STANDARD RISK,3.0,2.0,229.96,1,0,1,Male
54529,1,4.0,Growing (4-6m),STANDARD RISK,1.0,2.0,188.8,3,1,3,Male
54530,0,5.0,Growing (4-6m),STANDARD RISK,3.0,3.0,151.57,4,1,1,Male
54531,1,1.0,New (0-3m),STANDARD RISK,1.0,2.0,152.16,4,0,3,Female
54532,0,3.0,New (0-3m),STANDARD RISK,3.0,2.0,147.01,1,0,1,Male
54533,0,9.0,Established (7-12m),STANDARD RISK,1.0,2.0,190.4,4,0,1,Male
54534,0,1.0,New (0-3m),STANDARD RISK,5.0,2.0,163.16,4,0,1,Male
54535,0,2.0,New (0-3m),STANDARD RISK,8.0,2.0,177.53,1,0,3,Male
54536,0,23.0,Mature (13-24m),STANDARD RISK,1.0,2.0,234.65,3,0,1,Male
54537,0,25.0,Loyal (25m+),STANDARD RISK,8.0,2.0,174.36,1,0,3,Female
54538,0,10.0,Established (7-12m),STANDARD RISK,3.0,3.0,150.43,3,0,1,Female
54539,1,1.0,New (0-3m),CRITICAL RISK,5.0,2.0,178.04,1,1,3,Male
54540,0,29.0,Loyal (25m+),STANDARD RISK,3.0,2.0,291.59,1,1,1,Female
54541,0,1.0,New (0-3m),STANDARD RISK,4.0,2.0,167.6,3,1,3,Female
54542,0,4.0,Growing (4-6m),STANDARD RISK,1.0,2.0,149.76,4,0,3,Male
54543,1,1.0,New (0-3m),STANDARD RISK,5.0,2.0,156.02,5,0,1,Male
54544,0,1.0,New (0-3m),STANDARD RISK,3.0,2.0,147.44,4,0,1,Female
54545,0,10.0,Established (7-12m),STANDARD RISK,1.0,10.0,200.96,3,0,3,Male
54546,1,1.0,New (0-3m),CRITICAL RISK,1.0,2.0,147.85,1,1,1,Male
54547,0,11.0,Established (7-12m),STANDARD RISK,18.0,13.0,155.34,5,0,1,Female
54548,0,14.0,Mature (13-24m),LOW RISK,4.0,2.0,182.15,4,0,3,Female
54549,0,16.0,Mature (13-24m),LOW RISK,3.0,2.0,150.76,5,0,1,Female
54550,0,11.0,Established (7-12m),STANDARD RISK,2.0,2.0,166.97,4,1,1,Male
54551,0,17.0,Mature (13-24m),LOW RISK,10.0,4.0,268.36,4,0,1,Male
54552,0,14.0,Mature (13-24m),STANDARD RISK,1.0,2.0,159.48,3,0,1,Female
54553,0,28.0,Loyal (25m+),LOW RISK,3.0,2.0,319.06,5,0,1,Male
54554,0,8.0,Established (7-12m),STANDARD RISK,3.0,2.0,190.38,3,0,3,Female
54555,0,5.0,Growing (4-6m),STANDARD RISK,13.0,4.0,168.06,5,0,1,Female
54556,0,17.0,Mature (13-24m),STANDARD RISK,3.0,2.0,147.58,1,0,1,Male
54557,0,17.0,Mature (13-24m),STANDARD RISK,3.0,2.0,170.22,3,1,1,Female
54558,0,1.0,New (0-3m),CRITICAL RISK,4.0,2.0,169.87,1,1,3,Female
54559,0,11.0,Established (7-12m),STANDARD RISK,8.0,11.0,169.49,3,1,1,Female
54560,0,5.0,Growing (4-6m),STANDARD RISK,3.0,4.0,147.18,5,0,1,Male
54561,0,13.0,Mature (13-24m),STANDARD RISK,7.0,2.0,316.97,3,1,1,Male
54562,0,30.0,Loyal (25m+),LOW RISK,8.0,2.0,257.12,5,0,3,Female
54563,0,4.0,Growing (4-6m),STANDARD RISK,5.0,5.0,190.77,3,0,3,Female
54564,0,15.0,Mature (13-24m),LOW RISK,8.0,2.0,208.92,5,0,3,Male
54565,0,2.0,New (0-3m),STANDARD RISK,9.0,2.0,170.58,5,0,1,Male
54566,1,1.0,New (0-3m),STANDARD RISK,3.0,2.0,165.31,5,0,1,Male
54567,0,26.0,Loyal (25m+),STANDARD RISK,5.0,2.0,204.69,3,1,1,Male
54568,0,19.0,Mature (13-24m),STANDARD RISK,3.0,2.0,151.54,1,0,1,Male
54569,0,26.0,Loyal (25m+),STANDARD RISK,5.0,2.0,290.55,1,0,1,Female
54570,0,16.0,Mature (13-24m),STANDARD RISK,3.0,2.0,170.56,3,0,1,Female
54571,0,4.0,Growing (4-6m),MEDIUM RISK,3.0,2.0,185.91,1,0,1,Female
54572,0,31.0,Loyal (25m+),LOW RISK,11.0,12.0,320.66,5,0,1,Female
54573,0,20.0,Mature (13-24m),STANDARD RISK,9.0,2.0,173.1,3,0,1,Female
54574,0,16.0,Mature (13-24m),STANDARD RISK,5.0,2.0,170.23,1,0,1,Female
54575,1,1.0,New (0-3m),STANDARD RISK,5.0,2.0,157.02,4,1,3,Female
54576,1,1.0,New (0-3m),STANDARD RISK,1.0,2.0,148.51,3,0,3,Female
54577,0,12.0,Established (7-12m),STANDARD RISK,1.0,2.0,142.02,1,1,1,Male
54578,0,14.0,Mature (13-24m),STANDARD RISK,13.0,2.0,305.41,3,0,3,Female
54579,0,1.0,New (0-3m),STANDARD RISK,3.0,2.0,153.86,1,0,1,Female
54580,0,4.0,Growing (4-6m),MEDIUM RISK,5.0,2.0,145.97,1,0,1,Male
54581,0,3.0,New (0-3m),STANDARD RISK,8.0,2.0,244.35,3,0,1,Male
54582,1,1.0,New (0-3m),STANDARD RISK,2.0,2.0,150.46,4,0,1,Female
54583,1,1.0,New (0-3m),STANDARD RISK,1.0,2.0,150.64,1,0,2,Male
54584,0,4.0,Growing (4-6m),STANDARD RISK,9.0,8.0,209.12,5,0,3,Female
54585,0,31.0,Loyal (25m+),STANDARD RISK,1.0,2.0,266.18,1,0,3,Male
54586,0,24.0,Mature (13-24m),STANDARD RISK,8.0,16.0,295.46,3,0,1,Male
54587,0,4.0,Growing (4-6m),MEDIUM RISK,8.0,7.0,150.64,1,0,1,Female
54588,0,31.0,Loyal (25m+),LOW RISK,3.0,14.0,227.66,5,0,3,Female
54589,0,21.0,Mature (13-24m),STANDARD RISK,5.0,2.0,175.7,1,0,1,Female
54590,0,20.0,Mature (13-24m),STANDARD RISK,2.0,2.0,303.61,3,0,1,Male
54591,0,9.0,Established (7-12m),STANDARD RISK,4.0,5.0,167.3,3,0,1,Male
54592,0,28.0,Loyal (25m+),STANDARD RISK,1.0,2.0,162.8,3,0,1,Female
54593,0,8.0,Established (7-12m),STANDARD RISK,8.0,6.0,152.68,3,0,1,Male
54594,0,6.0,Growing (4-6m),MEDIUM RISK,3.0,2.0,215.71,1,1,3,Female
54595,0,5.0,Growing (4-6m),STANDARD RISK,9.0,2.0,231.48,4,0,1,Male
54596,1,1.0,New (0-3m),STANDARD RISK,8.0,8.0,261.1,3,1,1,Male
54597,1,1.0,New (0-3m),STANDARD RISK,4.0,2.0,159.08,1,0,1,Male
54598,0,4.0,Growing (4-6m),STANDARD RISK,3.0,2.0,154.83,4,0,3,Male
54599,0,9.0,Established (7-12m),STANDARD RISK,1.0,2.0,201.32,3,1,1,Male
54600,1,1.0,New (0-3m),STANDARD RISK,3.0,2.0,223.24,3,0,1,Male
54601,1,1.0,New (0-3m),STANDARD RISK,3.0,2.0,224.5,5,1,2,Female
54602,0,16.0,Mature (13-24m),STANDARD RISK,1.0,3.0,145.93,3,0,1,Male
54603,0,10.0,Established (7-12m),STANDARD RISK,3.0,10.0,224.8,1,0,3,Male
54604,1,1.0,New (0-3m),STANDARD RISK,3.0,2.0,163.94,3,0,1,Male
54605,0,22.0,Mature (13-24m),STANDARD RISK,8.0,7.0,165.51,1,0,3,Female
54606,0,29.0,Loyal (25m+),LOW RISK,9.0,8.0,293.35,4,0,3,Female
54607,0,15.0,Mature (13-24m),STANDARD RISK,11.0,2.0,187.3,1,0,3,Male
54608,0,9.0,Established (7-12m),STANDARD RISK,10.0,7.0,172.17,3,0,3,Male
54609,0,14.0,Mature (13-24m),STANDARD RISK,14.0,2.0,257.37,3,0,1,Female
54610,0,13.0,Mature (13-24m),STANDARD RISK,8.0,2.0,162.55,3,0,1,Female
54611,0,5.0,Growing (4-6m),MEDIUM RISK,6.0,2.0,190.82,1,1,3,Male
54612,0,16.0,Mature (13-24m),STANDARD RISK,9.0,6.0,199.06,5,1,1,Male
54613,0,19.0,Mature (13-24m),LOW RISK,8.0,4.0,173.05,4,0,3,Male
54614,1,1.0,New (0-3m),STANDARD RISK,1.0,2.0,152.41,3,1,2,Female
54615,0,3.0,New (0-3m),STANDARD RISK,3.0,2.0,167.62,1,0,1,Male
54616,0,7.0,Established (7-12m),STANDARD RISK,6.0,2.0,286.84,3,0,1,Female
54617,0,5.0,Growing (4-6m),MEDIUM RISK,2.0,2.0,240.57,1,0,3,Male
54618,1,1.0,New (0-3m),STANDARD RISK,1.0,2.0,143.78,4,1,3,Male
54619,0,14.0,Mature (13-24m),LOW RISK,2.0,2.0,234.32,5,0,3,Male
54620,0,15.0,Mature (13-24m),STANDARD RISK,8.0,2.0,193.11,3,1,1,Female
54621,0,1.0,New (0-3m),STANDARD RISK,1.0,2.0,168.06,3,0,3,Male
54622,0,9.0,Established (7-12m),STANDARD RISK,4.0,2.0,173.59,3,0,3,Female
54623,0,8.0,Established (7-12m),STANDARD RISK,8.0,6.0,178.37,1,0,3,Male
54624,1,1.0,New (0-3m),CRITICAL RISK,1.0,2.0,148.4,1,1,1,Male
54625,0,11.0,Established (7-12m),STANDARD RISK,3.0,2.0,199.91,1,0,1,Female
54626,0,20.0,Mature (13-24m),STANDARD RISK,3.0,2.0,230.27,3,0,1,Female
54627,0,15.0,Mature (13-24m),LOW RISK,9.0,12.0,290.95,5,0,3,Female
54628,0,11.0,Established (7-12m),STANDARD RISK,3.0,8.0,213.34,4,0,3,Male
54629,0,26.0,Loyal (25m+),STANDARD RISK,10.0,7.0,180.77,5,1,1,Male
54630,1,1.0,New (0-3m),STANDARD RISK,3.0,2.0,172.07,3,0,3,Male
54631,0,1.0,New (0-3m),STANDARD RISK,2.0,3.0,149.0,1,0,3,Male
54632,0,12.0,Established (7-12m),STANDARD RISK,3.0,2.0,223.24,3,0,1,Female
54633,0,11.0,Established (7-12m),STANDARD RISK,4.0,5.0,189.47,4,0,1,Female
54634,0,23.0,Mature (13-24m),STANDARD RISK,10.0,2.0,320.02,3,1,1,Male
54635,0,1.0,New (0-3m),CRITICAL RISK,5.0,2.0,152.25,1,1,1,Male
54636,0,1.0,New (0-3m),STANDARD RISK,5.0,2.0,187.72,4,0,3,Male
54637,0,1.0,New (0-3m),STANDARD RISK,1.0,2.0,146.27,4,0,1,Male
54638,0,24.0,Mature (13-24m),LOW RISK,8.0,11.0,307.0,4,0,2,Male
54639,0,1.0,New (0-3m),STANDARD RISK,7.0,2.0,145.96,3,0,3,Male
54640,1,1.0,New (0-3m),STANDARD RISK,3.0,2.0,153.86,3,1,1,Female
54641,1,1.0,New (0-3m),STANDARD RISK,1.0,2.0,145.33,5,0,3,Male
54642,0,8.0,Established (7-12m),STANDARD RISK,4.0,2.0,161.22,1,1,1,Male
54643,1,1.0,New (0-3m),STANDARD RISK,3.0,2.0,167.33,5,0,3,Male
54644,0,9.0,Established (7-12m),STANDARD RISK,3.0,2.0,161.81,1,0,1,Male
54645,0,5.0,Growing (4-6m),MEDIUM RISK,8.0,6.0,179.6,1,0,3,Male
54646,0,1.0,New (0-3m),STANDARD RISK,4.0,2.0,146.87,3,0,1,Female
54647,0,11.0,Established (7-12m),STANDARD RISK,3.0,2.0,221.02,3,1,3,Male
54648,0,1.0,New (0-3m),STANDARD RISK,1.0,2.0,153.36,4,0,1,Female
54649,0,16.0,Mature (13-24m),STANDARD RISK,3.0,3.0,165.89,1,0,1,Female
54650,0,17.0,Mature (13-24m),STANDARD RISK,1.0,2.0,291.27,1,1,1,Male
54651,0,12.0,Established (7-12m),STANDARD RISK,1.0,2.0,151.19,5,0,1,Female
54652,0,17.0,Mature (13-24m),STANDARD RISK,8.0,5.0,181.79,3,1,1,Male
54653,0,22.0,Mature (13-24m),LOW RISK,3.0,2.0,279.02,5,0,1,Female
54654,0,18.0,Mature (13-24m),STANDARD RISK,3.0,2.0,184.85,3,0,2,Female
54655,0,8.0,Established (7-12m),STANDARD RISK,7.0,2.0,150.79,3,1,3,Female
54656,1,1.0,New (0-3m),STANDARD RISK,3.0,2.0,155.41,5,0,3,Male
54657,0,1.0,New (0-3m),STANDARD RISK,3.0,2.0,159.47,3,0,3,Male
54658,0,18.0,Mature (13-24m),STANDARD RISK,2.0,2.0,320.13,1,1,1,Male
54659,0,1.0,New (0-3m),STANDARD RISK,3.0,3.0,152.73,3,0,1,Male
54660,0,7.0,Established (7-12m),STANDARD RISK,3.0,2.0,196.04,3,0,3,Male
54661,0,6.0,Growing (4-6m),MEDIUM RISK,6.0,2.0,188.22,1,1,1,Female
54662,0,4.0,Growing (4-6m),STANDARD RISK,1.0,2.0,145.83,3,0,1,Female
54663,0,27.0,Loyal (25m+),LOW RISK,11.0,9.0,208.81,5,0,3,Female
54664,0,8.0,Established (7-12m),STANDARD RISK,9.0,9.0,151.91,1,0,1,Male
54665,1,9.0,Established (7-12m),STANDARD RISK,1.0,2.0,167.86,5,0,3,Female
54666,0,1.0,New (0-3m),CRITICAL RISK,3.0,2.0,81.0,1,1,1,Female
54667,0,11.0,Established (7-12m),STANDARD RISK,3.0,8.0,219.34,3,0,1,Male
54668,0,3.0,New (0-3m),STANDARD RISK,3.0,2.0,180.61,3,0,3,Female
54669,0,9.0,Established (7-12m),STANDARD RISK,9.0,12.0,191.46,1,0,1,Male
54670,0,7.0,Established (7-12m),STANDARD RISK,8.0,5.0,202.25,1,0,1,Male
54671,0,28.0,Loyal (25m+),LOW RISK,2.0,2.0,232.25,4,0,2,Male
54672,0,10.0,Established (7-12m),STANDARD RISK,3.0,2.0,213.47,4,1,1,Male
54673,0,1.0,New (0-3m),STANDARD RISK,2.0,2.0,145.45,1,0,1,Male
54674,1,1.0,New (0-3m),STANDARD RISK,2.0,2.0,135.09,3,1,1,Male
54675,1,1.0,New (0-3m),STANDARD RISK,8.0,10.0,158.48,5,1,1,Male
54676,0,9.0,Established (7-12m),STANDARD RISK,1.0,2.0,137.81,3,0,1,Male
54677,0,1.0,New (0-3m),STANDARD RISK,3.0,2.0,153.19,5,0,1,Male
54678,0,1.0,New (0-3m),STANDARD RISK,3.0,2.0,173.51,4,0,3,Male
54679,0,12.0,Established (7-12m),STANDARD RISK,6.0,2.0,165.28,1,0,3,Female
54680,0,3.0,New (0-3m),STANDARD RISK,9.0,3.0,152.2,1,0,1,Male
54681,0,22.0,Mature (13-24m),LOW RISK,3.0,3.0,206.2,4,0,3,Male
54682,0,1.0,New (0-3m),CRITICAL RISK,5.0,2.0,171.47,1,1,3,Female
54683,0,11.0,Established (7-12m),STANDARD RISK,1.0,2.0,171.8,1,0,1,Male
54684,0,24.0,Mature (13-24m),STANDARD RISK,9.0,4.0,157.21,3,1,1,Male
54685,0,8.0,Established (7-12m),STANDARD RISK,3.0,8.0,211.21,4,0,1,Female
54686,1,1.0,New (0-3m),STANDARD RISK,1.0,3.0,170.77,3,0,3,Female
54687,0,13.0,Mature (13-24m),STANDARD RISK,11.0,12.0,170.53,3,0,1,Female
54688,0,6.0,Growing (4-6m),MEDIUM RISK,9.0,2.0,178.96,1,0,3,Male
54689,1,14.0,Mature (13-24m),STANDARD RISK,4.0,2.0,192.96,3,1,3,Male
54690,0,12.0,Established (7-12m),STANDARD RISK,9.0,2.0,201.25,1,0,1,Female
54691,0,1.0,New (0-3m),STANDARD RISK,8.0,2.0,199.12,5,0,1,Female
54692,0,6.0,Growing (4-6m),MEDIUM RISK,8.0,2.0,236.59,1,0,1,Female
54693,0,21.0,Mature (13-24m),LOW RISK,8.0,2.0,174.6,5,0,3,Male
54694,0,14.0,Mature (13-24m),STANDARD RISK,3.0,2.0,229.75,5,1,3,Male
54695,0,27.0,Loyal (25m+),STANDARD RISK,4.0,2.0,273.14,3,0,1,Male
54696,0,15.0,Mature (13-24m),STANDARD RISK,7.0,13.0,316.41,1,0,2,Male
54697,0,31.0,Loyal (25m+),LOW RISK,3.0,3.0,179.05,5,0,3,Male
54698,0,1.0,New (0-3m),STANDARD RISK,3.0,2.0,212.93,5,0,1,Male
54699,0,15.0,Mature (13-24m),STANDARD RISK,11.0,3.0,316.89,3,0,2,Male
54700,0,24.0,Mature (13-24m),LOW RISK,3.0,3.0,163.75,4,0,3,Male
54701,1,1.0,New (0-3m),STANDARD RISK,8.0,4.0,147.16,4,1,1,Female
54702,0,10.0,Established (7-12m),STANDARD RISK,6.0,2.0,242.13,5,0,1,Female
54703,0,12.0,Established (7-12m),STANDARD RISK,1.0,2.0,203.61,3,1,1,Female
54704,0,18.0,Mature (13-24m),STANDARD RISK,5.0,2.0,162.08,3,0,1,Male
54705,0,21.0,Mature (13-24m),STANDARD RISK,14.0,12.0,262.7,3,1,3,Female
54706,0,4.0,Growing (4-6m),MEDIUM RISK,8.0,8.0,178.04,1,0,3,Male
54707,0,3.0,New (0-3m),STANDARD RISK,1.0,2.0,151.42,3,0,3,Male
54708,1,6.0,Growing (4-6m),STANDARD RISK,3.0,3.0,152.59,3,1,1,Male
54709,0,17.0,Mature (13-24m),STANDARD RISK,3.0,3.0,193.04,1,0,3,Male
54710,0,8.0,Established (7-12m),STANDARD RISK,4.0,5.0,186.42,3,0,1,Female
54711,0,1.0,New (0-3m),STANDARD RISK,3.0,2.0,150.0,5,0,1,Male
54712,0,13.0,Mature (13-24m),LOW RISK,7.0,4.0,188.89,4,0,2,Female
54713,0,30.0,Loyal (25m+),STANDARD RISK,2.0,2.0,236.03,1,0,1,Male
54714,0,14.0,Mature (13-24m),STANDARD RISK,4.0,3.0,148.42,1,1,1,Female
54715,0,1.0,New (0-3m),STANDARD RISK,8.0,2.0,193.11,5,0,1,Female
54716,0,3.0,New (0-3m),STANDARD RISK,3.0,3.0,147.97,4,0,3,Male
54717,0,27.0,Loyal (25m+),STANDARD RISK,3.0,3.0,149.5,1,0,1,Male
54718,0,9.0,Established (7-12m),STANDARD RISK,1.0,2.0,175.93,5,0,1,Female
54719,0,6.0,Growing (4-6m),MEDIUM RISK,8.0,5.0,178.09,1,0,1,Male
54720,0,12.0,Established (7-12m),STANDARD RISK,2.0,2.0,155.57,3,1,1,Male
54721,0,8.0,Established (7-12m),STANDARD RISK,1.0,2.0,176.21,5,0,1,Female
54722,0,26.0,Loyal (25m+),LOW RISK,17.0,2.0,293.56,5,0,3,Male
54723,1,1.0,New (0-3m),CRITICAL RISK,9.0,8.0,151.86,1,1,1,Male
54724,0,1.0,New (0-3m),STANDARD RISK,5.0,2.0,186.8,1,0,3,Female
54725,0,19.0,Mature (13-24m),STANDARD RISK,2.0,4.0,191.32,3,0,3,Male
54726,0,1.0,New (0-3m),STANDARD RISK,3.0,2.0,160.05,3,0,1,Male
54727,1,11.0,Established (7-12m),STANDARD RISK,4.0,2.0,188.97,3,1,3,Female
54728,0,8.0,Established (7-12m),STANDARD RISK,5.0,2.0,187.74,1,0,3,Male
54729,1,19.0,Mature (13-24m),STANDARD RISK,5.0,2.0,323.59,5,1,1,Male
54730,0,10.0,Established (7-12m),STANDARD RISK,10.0,2.0,200.87,5,0,3,Male
54731,0,26.0,Loyal (25m+),STANDARD RISK,3.0,2.0,167.58,1,0,1,Male
54732,0,1.0,New (0-3m),STANDARD RISK,1.0,3.0,168.64,1,0,1,Female
54733,0,3.0,New (0-3m),STANDARD RISK,2.0,2.0,168.35,3,0,1,Female
54734,1,1.0,New (0-3m),STANDARD RISK,3.0,2.0,178.26,5,0,3,Male
54735,0,8.0,Established (7-12m),STANDARD RISK,4.0,2.0,157.8,1,0,1,Female
54736,0,28.0,Loyal (25m+),STANDARD RISK,5.0,2.0,179.85,5,1,1,Female
54737,0,1.0,New (0-3m),STANDARD RISK,2.0,2.0,168.42,1,0,3,Male
54738,0,11.0,Established (7-12m),STANDARD RISK,4.0,5.0,152.82,5,1,1,Female
54739,0,12.0,Established (7-12m),STANDARD RISK,13.0,5.0,184.8,5,1,1,Female
54740,0,8.0,Established (7-12m),STANDARD RISK,4.0,2.0,168.81,5,0,1,Female
54741,0,9.0,Established (7-12m),STANDARD RISK,3.0,2.0,150.72,1,0,3,Female
54742,0,4.0,Growing (4-6m),STANDARD RISK,3.0,2.0,163.33,3,0,1,Male
54743,0,14.0,Mature (13-24m),LOW RISK,8.0,4.0,167.44,4,0,1,Female
54744,0,8.0,Established (7-12m),STANDARD RISK,3.0,2.0,190.0,5,0,3,Female
54745,0,16.0,Mature (13-24m),STANDARD RISK,10.0,15.0,309.3,1,0,1,Male
54746,1,1.0,New (0-3m),STANDARD RISK,1.0,2.0,141.01,5,1,1,Male
54747,0,1.0,New (0-3m),STANDARD RISK,1.0,2.0,151.94,4,0,1,Male
54748,0,26.0,Loyal (25m+),STANDARD RISK,5.0,2.0,156.49,3,0,1,Female
54749,0,24.0,Mature (13-24m),STANDARD RISK,4.0,2.0,301.39,3,0,1,Male
54750,1,1.0,New (0-3m),STANDARD RISK,1.0,2.0,148.19,5,1,1,Female
54751,0,7.0,Established (7-12m),STANDARD RISK,8.0,2.0,241.91000000000005,3,0,1,Male
54752,1,1.0,New (0-3m),STANDARD RISK,3.0,2.0,178.24,5,0,3,Female
54753,0,21.0,Mature (13-24m),STANDARD RISK,1.0,4.0,292.52,1,1,1,Female
54754,0,10.0,Established (7-12m),STANDARD RISK,6.0,2.0,177.28,4,0,1,Female
54755,0,3.0,New (0-3m),STANDARD RISK,8.0,2.0,152.0,3,0,1,Male
54756,1,21.0,Mature (13-24m),STANDARD RISK,9.0,14.0,317.46,4,1,1,Male
54757,0,9.0,Established (7-12m),STANDARD RISK,3.0,3.0,150.06,3,0,1,Female
54758,0,16.0,Mature (13-24m),STANDARD RISK,3.0,2.0,185.62,1,1,1,Female
54759,1,1.0,New (0-3m),STANDARD RISK,2.0,3.0,168.82,3,0,1,Male
54760,0,10.0,Established (7-12m),STANDARD RISK,5.0,2.0,146.43,4,0,2,Male
54761,0,6.0,Growing (4-6m),STANDARD RISK,9.0,7.0,186.62,3,0,1,Female
54762,0,14.0,Mature (13-24m),STANDARD RISK,1.0,2.0,175.94,3,0,1,Male
54763,0,4.0,Growing (4-6m),MEDIUM RISK,1.0,2.0,193.77,1,1,1,Female
54764,0,19.0,Mature (13-24m),STANDARD RISK,1.0,2.0,147.74,3,0,1,Female
54765,0,16.0,Mature (13-24m),LOW RISK,9.0,8.0,169.34,4,0,1,Male
54766,0,12.0,Established (7-12m),STANDARD RISK,3.0,2.0,187.88,5,0,1,Male
54767,0,8.0,Established (7-12m),STANDARD RISK,4.0,2.0,150.53,1,0,1,Female
54768,1,13.0,Mature (13-24m),STANDARD RISK,8.0,8.0,201.54,1,0,3,Female
54769,1,19.0,Mature (13-24m),STANDARD RISK,4.0,8.0,176.6,1,0,3,Male
54770,0,17.0,Mature (13-24m),LOW RISK,1.0,2.0,296.59,5,0,1,Male
54771,0,1.0,New (0-3m),CRITICAL RISK,9.0,2.0,253.08,1,1,1,Male
54772,0,9.0,Established (7-12m),STANDARD RISK,3.0,2.0,227.21,3,0,1,Male
54773,0,2.0,New (0-3m),STANDARD RISK,6.0,8.0,172.79,4,1,3,Female
54774,0,8.0,Established (7-12m),STANDARD RISK,3.0,2.0,162.37,1,0,2,Male
54775,1,1.0,New (0-3m),STANDARD RISK,8.0,2.0,148.66,3,1,1,Female
54776,0,1.0,New (0-3m),STANDARD RISK,1.0,2.0,142.06,1,0,1,Male
54777,0,25.0,Loyal (25m+),STANDARD RISK,18.0,5.0,288.07,3,0,3,Female
54778,0,18.0,Mature (13-24m),LOW RISK,4.0,3.0,184.33,4,0,1,Male
54779,0,1.0,New (0-3m),STANDARD RISK,2.0,2.0,159.24,5,0,1,Male
54780,0,7.0,Established (7-12m),STANDARD RISK,9.0,2.0,165.37,5,0,3,Male
54781,0,9.0,Established (7-12m),STANDARD RISK,2.0,2.0,150.59,5,0,1,Female
54782,0,10.0,Established (7-12m),STANDARD RISK,12.0,5.0,187.01,1,1,3,Male
54783,0,6.0,Growing (4-6m),MEDIUM RISK,4.0,2.0,169.03,1,0,3,Male
54784,0,4.0,Growing (4-6m),MEDIUM RISK,4.0,2.0,162.61,1,0,1,Male
54785,0,27.0,Loyal (25m+),STANDARD RISK,5.0,2.0,234.34,1,1,3,Female
54786,0,19.0,Mature (13-24m),STANDARD RISK,3.0,2.0,232.61,5,1,3,Male
54787,0,6.0,Growing (4-6m),STANDARD RISK,4.0,2.0,176.75,3,0,1,Female
54788,0,26.0,Loyal (25m+),STANDARD RISK,1.0,2.0,263.26,1,0,1,Female
54789,0,11.0,Established (7-12m),STANDARD RISK,1.0,2.0,188.34,3,0,3,Male
54790,0,2.0,New (0-3m),STANDARD RISK,5.0,2.0,174.36,1,0,2,Male
54791,0,1.0,New (0-3m),STANDARD RISK,3.0,3.0,172.75,1,0,1,Male
54792,0,18.0,Mature (13-24m),STANDARD RISK,3.0,2.0,153.18,1,1,1,Male
54793,0,16.0,Mature (13-24m),STANDARD RISK,3.0,3.0,150.15,1,1,1,Male
54794,0,10.0,Established (7-12m),STANDARD RISK,4.0,2.0,148.42,5,0,2,Male
54795,0,1.0,New (0-3m),STANDARD RISK,4.0,2.0,166.94,5,1,3,Male
54796,0,9.0,Established (7-12m),STANDARD RISK,16.0,2.0,231.85,3,1,1,Female
54797,1,1.0,New (0-3m),STANDARD RISK,9.0,8.0,145.22,4,1,1,Female
54798,0,6.0,Growing (4-6m),MEDIUM RISK,3.0,2.0,148.14,1,0,1,Male
54799,0,1.0,New (0-3m),STANDARD RISK,4.0,2.0,167.56,5,0,3,Male
54800,0,23.0,Mature (13-24m),LOW RISK,3.0,2.0,160.8,5,0,1,Female
54801,0,1.0,New (0-3m),STANDARD RISK,5.0,4.0,156.62,1,0,1,Male
54802,0,6.0,Growing (4-6m),STANDARD RISK,4.0,6.0,190.24,4,0,3,Male
54803,0,12.0,Established (7-12m),STANDARD RISK,3.0,2.0,153.99,4,0,3,Male
54804,0,16.0,Mature (13-24m),STANDARD RISK,4.0,2.0,177.31,1,1,1,Female
54805,0,5.0,Growing (4-6m),MEDIUM RISK,3.0,2.0,148.56,1,1,1,Male
54806,1,1.0,New (0-3m),STANDARD RISK,3.0,2.0,153.0,3,1,3,Female
54807,0,27.0,Loyal (25m+),STANDARD RISK,3.0,2.0,243.36,1,0,3,Male
54808,0,9.0,Established (7-12m),STANDARD RISK,9.0,2.0,234.03,4,0,1,Male
54809,0,11.0,Established (7-12m),STANDARD RISK,1.0,2.0,154.73,1,0,3,Female
54810,0,27.0,Loyal (25m+),STANDARD RISK,9.0,4.0,267.75,1,0,1,Female
54811,0,17.0,Mature (13-24m),STANDARD RISK,3.0,3.0,180.62,1,0,1,Female
54812,0,21.0,Mature (13-24m),STANDARD RISK,8.0,8.0,170.37,1,1,3,Female
54813,0,11.0,Established (7-12m),STANDARD RISK,10.0,2.0,201.42,4,1,3,Male
54814,0,24.0,Mature (13-24m),LOW RISK,8.0,15.0,304.24,5,0,1,Male
54815,0,13.0,Mature (13-24m),STANDARD RISK,5.0,2.0,177.04,1,0,2,Female
54816,0,7.0,Established (7-12m),STANDARD RISK,4.0,2.0,147.77,4,1,2,Male
54817,1,1.0,New (0-3m),CRITICAL RISK,2.0,2.0,152.95,1,1,1,Male
54818,0,3.0,New (0-3m),STANDARD RISK,4.0,2.0,150.32,1,0,1,Female
54819,0,18.0,Mature (13-24m),STANDARD RISK,2.0,8.0,150.59,5,1,1,Male
54820,0,2.0,New (0-3m),STANDARD RISK,3.0,2.0,174.08,1,0,3,Male
54821,1,21.0,Mature (13-24m),STANDARD RISK,1.0,2.0,148.8,1,1,1,Male
54822,0,17.0,Mature (13-24m),LOW RISK,1.0,2.0,172.65,4,0,1,Female
54823,1,1.0,New (0-3m),STANDARD RISK,3.0,2.0,145.44,3,0,3,Female
54824,1,1.0,New (0-3m),STANDARD RISK,1.0,2.0,151.93,1,0,1,Female
54825,0,10.0,Established (7-12m),STANDARD RISK,12.0,5.0,190.86,1,1,1,Male
54826,0,21.0,Mature (13-24m),STANDARD RISK,3.0,2.0,157.94,1,1,3,Female
54827,1,1.0,New (0-3m),STANDARD RISK,3.0,2.0,166.71,3,1,1,Female
54828,1,5.0,Growing (4-6m),MEDIUM RISK,1.0,2.0,152.78,1,1,1,Female
54829,0,2.0,New (0-3m),STANDARD RISK,3.0,3.0,148.77,3,0,1,Female
54830,1,3.0,New (0-3m),STANDARD RISK,3.0,3.0,149.04,5,1,1,Male
54831,0,1.0,New (0-3m),STANDARD RISK,1.0,2.0,148.18,3,0,1,Female
54832,0,8.0,Established (7-12m),STANDARD RISK,1.0,2.0,145.08,4,0,1,Male
54833,0,16.0,Mature (13-24m),STANDARD RISK,4.0,2.0,187.44,3,0,3,Female
54834,0,7.0,Established (7-12m),STANDARD RISK,3.0,2.0,152.99,5,1,1,Male
54835,0,31.0,Loyal (25m+),STANDARD RISK,3.0,2.0,230.52,4,1,1,Female
54836,0,5.0,Growing (4-6m),STANDARD RISK,3.0,6.0,148.29,3,0,3,Male
54837,0,9.0,Established (7-12m),STANDARD RISK,8.0,2.0,165.14,1,1,1,Female
54838,0,23.0,Mature (13-24m),LOW RISK,8.0,2.0,199.03,4,0,1,Female
54839,0,22.0,Mature (13-24m),STANDARD RISK,1.0,2.0,147.59,3,0,1,Male
54840,0,5.0,Growing (4-6m),STANDARD RISK,1.0,2.0,194.32,3,0,3,Female
54841,0,10.0,Established (7-12m),STANDARD RISK,2.0,2.0,171.78,1,0,1,Male
54842,0,12.0,Established (7-12m),STANDARD RISK,12.0,6.0,260.82,5,0,1,Female
54843,0,6.0,Growing (4-6m),STANDARD RISK,3.0,2.0,148.32,4,0,1,Female
54844,1,1.0,New (0-3m),STANDARD RISK,1.0,2.0,149.13,4,1,3,Male
54845,0,14.0,Mature (13-24m),LOW RISK,3.0,2.0,222.05,4,0,3,Male
54846,0,1.0,New (0-3m),STANDARD RISK,8.0,2.0,167.94,5,0,3,Male
54847,0,15.0,Mature (13-24m),STANDARD RISK,18.0,3.0,172.21,5,1,1,Male
54848,0,10.0,Established (7-12m),STANDARD RISK,10.0,4.0,150.19,3,0,1,Male
54849,1,1.0,New (0-3m),STANDARD RISK,1.0,2.0,146.21,4,1,3,Male
54850,1,1.0,New (0-3m),STANDARD RISK,1.0,2.0,154.73,5,0,1,Male
54851,0,5.0,Growing (4-6m),MEDIUM RISK,6.0,9.0,183.55,1,1,1,Female
54852,0,14.0,Mature (13-24m),STANDARD RISK,1.0,2.0,161.17,4,1,1,Male
54853,0,6.0,Growing (4-6m),STANDARD RISK,4.0,7.0,192.25,5,0,1,Female
54854,1,1.0,New (0-3m),CRITICAL RISK,3.0,4.0,228.25,1,1,3,Male
54855,0,7.0,Established (7-12m),STANDARD RISK,5.0,2.0,194.49,1,0,1,Female
54856,1,1.0,New (0-3m),STANDARD RISK,3.0,12.0,231.09,3,0,3,Male
54857,0,19.0,Mature (13-24m),LOW RISK,9.0,2.0,169.47,4,0,1,Male
54858,0,3.0,New (0-3m),STANDARD RISK,3.0,2.0,146.57,1,0,3,Female
54859,0,9.0,Established (7-12m),STANDARD RISK,1.0,2.0,171.01,3,0,3,Female
54860,0,26.0,Loyal (25m+),STANDARD RISK,9.0,8.0,295.99,1,0,1,Male
54861,1,21.0,Mature (13-24m),STANDARD RISK,1.0,2.0,149.79,3,0,1,Male
54862,0,27.0,Loyal (25m+),STANDARD RISK,3.0,16.0,273.52,3,0,3,Male
54863,0,4.0,Growing (4-6m),STANDARD RISK,8.0,8.0,197.64,3,0,3,Male
54864,0,12.0,Established (7-12m),STANDARD RISK,4.0,2.0,181.66,1,1,3,Female
54865,0,9.0,Established (7-12m),STANDARD RISK,9.0,2.0,203.23,1,0,3,Male
54866,0,13.0,Mature (13-24m),STANDARD RISK,8.0,2.0,203.8,3,0,3,Male
54867,1,4.0,Growing (4-6m),STANDARD RISK,1.0,2.0,256.94,4,1,3,Female
54868,0,21.0,Mature (13-24m),STANDARD RISK,8.0,3.0,175.67,3,1,1,Male
54869,0,10.0,Established (7-12m),STANDARD RISK,8.0,2.0,175.79,1,0,3,Male
54870,1,1.0,New (0-3m),STANDARD RISK,3.0,2.0,148.21,5,1,1,Male
54871,0,7.0,Established (7-12m),STANDARD RISK,1.0,7.0,299.44,3,0,3,Male
54872,1,1.0,New (0-3m),STANDARD RISK,1.0,2.0,149.04,5,1,1,Female
54873,0,7.0,Established (7-12m),STANDARD RISK,3.0,2.0,159.52,1,0,1,Female
54874,0,19.0,Mature (13-24m),STANDARD RISK,3.0,2.0,147.7,1,0,1,Female
54875,0,24.0,Mature (13-24m),STANDARD RISK,4.0,2.0,298.99,1,0,1,Male
54876,0,7.0,Established (7-12m),STANDARD RISK,3.0,2.0,179.88,4,1,1,Female
54877,0,15.0,Mature (13-24m),STANDARD RISK,12.0,2.0,319.19,3,0,1,Male
54878,0,1.0,New (0-3m),STANDARD RISK,3.0,3.0,153.11,4,0,1,Female
54879,0,19.0,Mature (13-24m),STANDARD RISK,9.0,2.0,161.33,5,1,1,Male
54880,0,21.0,Mature (13-24m),STANDARD RISK,8.0,2.0,166.63,1,1,3,Female
54881,1,1.0,New (0-3m),STANDARD RISK,2.0,2.0,146.32,3,1,1,Female
54882,0,24.0,Mature (13-24m),STANDARD RISK,6.0,2.0,264.73,3,1,1,Male
54883,0,12.0,Established (7-12m),STANDARD RISK,3.0,2.0,151.84,3,0,1,Male
54884,0,20.0,Mature (13-24m),STANDARD RISK,8.0,2.0,233.45,3,0,1,Male
54885,0,1.0,New (0-3m),STANDARD RISK,3.0,4.0,168.77,3,0,1,Female
54886,1,1.0,New (0-3m),STANDARD RISK,3.0,2.0,162.43,4,1,1,Male
54887,0,5.0,Growing (4-6m),STANDARD RISK,4.0,2.0,166.48,5,0,1,Female
54888,0,1.0,New (0-3m),STANDARD RISK,1.0,2.0,135.51,1,0,1,Male
54889,0,28.0,Loyal (25m+),STANDARD RISK,9.0,2.0,232.39,3,0,1,Female
54890,0,9.0,Established (7-12m),STANDARD RISK,3.0,11.0,228.88,3,1,1,Female
54891,0,4.0,Growing (4-6m),STANDARD RISK,8.0,2.0,239.16000000000005,5,1,1,Female
54892,1,1.0,New (0-3m),STANDARD RISK,1.0,2.0,151.0,5,1,1,Female
54893,1,1.0,New (0-3m),STANDARD RISK,3.0,2.0,149.22,4,0,1,Female
54894,0,1.0,New (0-3m),STANDARD RISK,4.0,2.0,179.72,1,0,1,Male
54895,0,1.0,New (0-3m),STANDARD RISK,2.0,2.0,149.51,5,0,1,Male
54896,0,22.0,Mature (13-24m),STANDARD RISK,3.0,3.0,167.4,3,0,1,Male
54897,0,22.0,Mature (13-24m),STANDARD RISK,9.0,2.0,234.99,3,0,1,Male
54898,0,15.0,Mature (13-24m),STANDARD RISK,2.0,3.0,175.03,3,0,1,Female
54899,0,13.0,Mature (13-24m),STANDARD RISK,9.0,2.0,252.42,1,0,1,Female
54900,0,1.0,New (0-3m),STANDARD RISK,3.0,3.0,167.27,1,0,1,Female
54901,0,9.0,Established (7-12m),STANDARD RISK,3.0,2.0,164.17,1,0,1,Male
54902,0,1.0,New (0-3m),STANDARD RISK,1.0,2.0,308.03,3,0,3,Male
54903,0,24.0,Mature (13-24m),STANDARD RISK,1.0,2.0,148.8,1,0,1,Male
54904,0,31.0,Loyal (25m+),STANDARD RISK,4.0,5.0,262.26,1,1,1,Female
54905,1,1.0,New (0-3m),STANDARD RISK,1.0,2.0,172.77,4,0,1,Female
54906,0,29.0,Loyal (25m+),STANDARD RISK,8.0,7.0,188.85,4,1,1,Male
54907,0,15.0,Mature (13-24m),STANDARD RISK,11.0,6.0,324.73,3,0,1,Female
54908,0,12.0,Established (7-12m),STANDARD RISK,1.0,2.0,193.61,1,1,3,Male
54909,1,1.0,New (0-3m),STANDARD RISK,3.0,3.0,174.69,5,0,3,Male
54910,1,16.0,Mature (13-24m),STANDARD RISK,10.0,7.0,323.45,1,0,3,Female
54911,0,18.0,Mature (13-24m),STANDARD RISK,12.0,2.0,258.2,1,1,3,Female
54912,0,24.0,Mature (13-24m),STANDARD RISK,14.0,2.0,188.47,3,0,3,Female
54913,1,1.0,New (0-3m),STANDARD RISK,15.0,16.0,152.43,5,0,1,Female
54914,0,13.0,Mature (13-24m),STANDARD RISK,9.0,2.0,233.8,5,1,1,Female
54915,0,7.0,Established (7-12m),STANDARD RISK,3.0,3.0,148.42,1,0,3,Female
54916,0,19.0,Mature (13-24m),STANDARD RISK,2.0,2.0,301.5,1,0,3,Female
54917,0,6.0,Growing (4-6m),STANDARD RISK,8.0,8.0,165.25,3,0,1,Female
54918,0,8.0,Established (7-12m),STANDARD RISK,3.0,2.0,222.25,1,0,3,Male
54919,0,31.0,Loyal (25m+),STANDARD RISK,5.0,2.0,244.04,1,1,3,Male
54920,0,19.0,Mature (13-24m),LOW RISK,5.0,2.0,146.77,4,0,2,Male
54921,0,27.0,Loyal (25m+),LOW RISK,13.0,7.0,200.25,4,0,3,Female
54922,1,1.0,New (0-3m),STANDARD RISK,1.0,2.0,173.34,3,0,1,Male
54923,1,1.0,New (0-3m),STANDARD RISK,3.0,2.0,145.42,5,1,1,Male
54924,0,8.0,Established (7-12m),STANDARD RISK,1.0,2.0,147.2,3,1,3,Female
54925,0,2.0,New (0-3m),STANDARD RISK,1.0,2.0,135.52,4,0,3,Male
54926,0,12.0,Established (7-12m),STANDARD RISK,3.0,3.0,153.21,3,0,1,Male
54927,0,24.0,Mature (13-24m),STANDARD RISK,8.0,8.0,317.37,3,1,1,Male
54928,0,11.0,Established (7-12m),STANDARD RISK,2.0,2.0,166.07,4,0,1,Female
54929,0,14.0,Mature (13-24m),LOW RISK,6.0,8.0,208.96,5,0,3,Male
54930,0,1.0,New (0-3m),STANDARD RISK,4.0,2.0,145.07,3,0,1,Female
54931,0,20.0,Mature (13-24m),STANDARD RISK,3.0,3.0,321.27,1,0,1,Male
54932,0,28.0,Loyal (25m+),STANDARD RISK,1.0,2.0,231.86,3,0,3,Female
54933,0,30.0,Loyal (25m+),STANDARD RISK,4.0,2.0,154.42,3,0,1,Female
54934,0,10.0,Established (7-12m),STANDARD RISK,3.0,8.0,213.58,1,0,1,Female
54935,0,29.0,Loyal (25m+),LOW RISK,3.0,7.0,292.56,5,0,1,Male
54936,0,17.0,Mature (13-24m),STANDARD RISK,1.0,2.0,232.98,1,0,3,Male
54937,1,1.0,New (0-3m),CRITICAL RISK,3.0,2.0,148.23,1,1,3,Female
54938,1,1.0,New (0-3m),STANDARD RISK,1.0,2.0,139.16,5,0,1,Female
54939,0,20.0,Mature (13-24m),STANDARD RISK,8.0,2.0,171.15,5,1,1,Female
54940,1,15.0,Mature (13-24m),STANDARD RISK,8.0,3.0,149.61,3,1,1,Male
54941,1,1.0,New (0-3m),STANDARD RISK,3.0,2.0,212.22,5,0,1,Male
54942,0,1.0,New (0-3m),STANDARD RISK,4.0,2.0,164.55,5,0,1,Male
54943,0,4.0,Growing (4-6m),STANDARD RISK,3.0,2.0,224.57,5,0,1,Male
54944,0,15.0,Mature (13-24m),STANDARD RISK,9.0,2.0,158.76,3,0,1,Female
54945,0,12.0,Established (7-12m),STANDARD RISK,3.0,2.0,213.23,3,0,1,Female
54946,0,14.0,Mature (13-24m),STANDARD RISK,3.0,12.0,228.22,1,0,1,Male
54947,0,1.0,New (0-3m),STANDARD RISK,3.0,2.0,171.21,3,0,1,Male
54948,0,29.0,Loyal (25m+),LOW RISK,3.0,2.0,234.76,4,0,1,Male
54949,0,2.0,New (0-3m),STANDARD RISK,8.0,2.0,161.6,3,0,1,Female
54950,1,8.0,Established (7-12m),STANDARD RISK,3.0,4.0,229.82,5,0,2,Male
54951,0,7.0,Established (7-12m),STANDARD RISK,3.0,2.0,196.19,1,0,1,Male
54952,1,1.0,New (0-3m),STANDARD RISK,3.0,5.0,220.82,5,1,3,Male
54953,1,1.0,New (0-3m),STANDARD RISK,9.0,4.0,170.08,3,0,1,Female
54954,0,2.0,New (0-3m),STANDARD RISK,3.0,3.0,147.07,3,0,1,Male
54955,0,8.0,Established (7-12m),STANDARD RISK,5.0,2.0,202.56,1,0,1,Male
54956,0,11.0,Established (7-12m),STANDARD RISK,1.0,2.0,191.94,1,1,3,Female
54957,1,1.0,New (0-3m),CRITICAL RISK,7.0,6.0,161.91,1,1,1,Male
54958,1,1.0,New (0-3m),STANDARD RISK,1.0,2.0,148.77,3,0,1,Male
54959,1,1.0,New (0-3m),STANDARD RISK,3.0,3.0,148.13,4,1,1,Male
54960,0,16.0,Mature (13-24m),LOW RISK,8.0,14.0,301.65,5,0,1,Male
54961,1,1.0,New (0-3m),STANDARD RISK,1.0,2.0,150.96,4,0,1,Male
54962,1,14.0,Mature (13-24m),STANDARD RISK,1.0,2.0,172.28,3,1,3,Male
54963,0,7.0,Established (7-12m),STANDARD RISK,3.0,2.0,168.02,4,0,3,Female
54964,0,8.0,Established (7-12m),STANDARD RISK,1.0,2.0,154.79,1,0,1,Male
54965,0,22.0,Mature (13-24m),STANDARD RISK,2.0,3.0,293.85,1,0,1,Male
54966,0,19.0,Mature (13-24m),STANDARD RISK,13.0,5.0,180.93,3,0,3,Female
54967,0,26.0,Loyal (25m+),LOW RISK,3.0,5.0,229.45,4,0,1,Male
54968,0,12.0,Established (7-12m),STANDARD RISK,3.0,3.0,212.4,3,1,3,Male
54969,0,3.0,New (0-3m),STANDARD RISK,8.0,2.0,150.14,1,0,1,Female
54970,0,2.0,New (0-3m),STANDARD RISK,8.0,2.0,201.55,4,0,1,Female
54971,0,20.0,Mature (13-24m),STANDARD RISK,10.0,5.0,299.65,3,0,3,Male
54972,0,12.0,Established (7-12m),STANDARD RISK,1.0,2.0,198.51,4,0,3,Male
54973,0,17.0,Mature (13-24m),LOW RISK,2.0,2.0,233.2,5,0,1,Female
54974,1,3.0,New (0-3m),STANDARD RISK,6.0,2.0,246.69,1,0,1,Male
54975,0,14.0,Mature (13-24m),STANDARD RISK,10.0,5.0,321.26,3,0,1,Male
54976,0,1.0,New (0-3m),STANDARD RISK,3.0,3.0,145.7,4,1,1,Female
54977,0,13.0,Mature (13-24m),LOW RISK,4.0,2.0,192.82,4,0,1,Male
54978,0,10.0,Established (7-12m),STANDARD RISK,10.0,2.0,202.79,1,0,1,Male
54979,0,5.0,Growing (4-6m),MEDIUM RISK,3.0,3.0,152.91,1,0,3,Male
54980,0,2.0,New (0-3m),STANDARD RISK,5.0,2.0,157.01,4,0,1,Male
54981,0,9.0,Established (7-12m),STANDARD RISK,3.0,2.0,174.68,1,0,3,Male
54982,0,23.0,Mature (13-24m),LOW RISK,4.0,2.0,256.2,4,0,3,Male
54983,0,8.0,Established (7-12m),STANDARD RISK,3.0,2.0,165.33,3,0,1,Male
54984,0,3.0,New (0-3m),STANDARD RISK,2.0,2.0,157.91,4,0,1,Female
54985,0,16.0,Mature (13-24m),STANDARD RISK,1.0,2.0,167.72,1,0,1,Male
54986,0,3.0,New (0-3m),CRITICAL RISK,3.0,2.0,175.56,1,1,1,Male
54987,0,12.0,Established (7-12m),STANDARD RISK,1.0,6.0,153.44,3,0,2,Male
54988,0,2.0,New (0-3m),STANDARD RISK,3.0,2.0,152.03,3,1,1,Male
54989,1,1.0,New (0-3m),STANDARD RISK,1.0,2.0,144.04,3,0,1,Male
54990,1,1.0,New (0-3m),STANDARD RISK,4.0,2.0,207.24,5,1,3,Female
54991,0,15.0,Mature (13-24m),STANDARD RISK,1.0,2.0,172.66,1,1,1,Male
54992,1,1.0,New (0-3m),STANDARD RISK,3.0,3.0,151.1,3,0,1,Male
54993,0,11.0,Established (7-12m),STANDARD RISK,4.0,2.0,182.31,1,0,1,Female
54994,0,1.0,New (0-3m),STANDARD RISK,3.0,3.0,150.39,3,0,1,Male
54995,0,8.0,Established (7-12m),STANDARD RISK,4.0,2.0,182.14,3,0,3,Female
54996,0,9.0,Established (7-12m),STANDARD RISK,5.0,2.0,168.23,3,0,2,Male
54997,1,1.0,New (0-3m),STANDARD RISK,11.0,4.0,198.36,5,0,3,Female
54998,0,14.0,Mature (13-24m),STANDARD RISK,14.0,2.0,259.99,3,0,1,Female
54999,1,6.0,Growing (4-6m),STANDARD RISK,15.0,14.0,262.58,5,1,3,Male
55000,0,16.0,Mature (13-24m),LOW RISK,6.0,2.0,176.55,5,0,3,Male
55001,0,9.0,Established (7-12m),STANDARD RISK,8.0,2.0,147.58,3,0,1,Male
55002,0,1.0,New (0-3m),STANDARD RISK,3.0,2.0,160.97,4,0,1,Male
55003,1,1.0,New (0-3m),CRITICAL RISK,1.0,2.0,150.15,1,1,1,Female
55004,0,1.0,New (0-3m),STANDARD RISK,8.0,2.0,169.2,1,0,1,Male
55005,0,4.0,Growing (4-6m),STANDARD RISK,5.0,2.0,190.78,3,0,3,Male
55006,0,14.0,Mature (13-24m),STANDARD RISK,1.0,2.0,169.22,1,1,1,Female
55007,0,9.0,Established (7-12m),STANDARD RISK,3.0,7.0,227.74,4,0,1,Male
55008,0,8.0,Established (7-12m),STANDARD RISK,10.0,5.0,178.43,5,0,1,Male
55009,0,9.0,Established (7-12m),STANDARD RISK,3.0,3.0,148.76,1,0,1,Male
55010,1,7.0,Established (7-12m),STANDARD RISK,4.0,2.0,178.46,3,0,3,Female
55011,0,6.0,Growing (4-6m),STANDARD RISK,1.0,2.0,153.27,5,0,3,Female
55012,0,30.0,Loyal (25m+),LOW RISK,3.0,5.0,324.43,5,0,1,Female
55013,0,3.0,New (0-3m),STANDARD RISK,9.0,2.0,156.31,1,0,1,Female
55014,0,1.0,New (0-3m),STANDARD RISK,1.0,2.0,150.52,5,0,1,Male
55015,0,19.0,Mature (13-24m),STANDARD RISK,3.0,2.0,169.77,3,1,1,Female
55016,0,11.0,Established (7-12m),STANDARD RISK,12.0,4.0,189.74,1,0,1,Female
55017,0,1.0,New (0-3m),STANDARD RISK,3.0,2.0,155.33,3,0,1,Male
55018,1,8.0,Established (7-12m),STANDARD RISK,3.0,2.0,154.36,3,1,1,Male
55019,0,27.0,Loyal (25m+),STANDARD RISK,8.0,5.0,311.06,3,0,1,Female
55020,0,3.0,New (0-3m),CRITICAL RISK,4.0,2.0,146.68,1,1,1,Female
55021,1,1.0,New (0-3m),CRITICAL RISK,1.0,2.0,153.53,1,1,1,Male
55022,0,20.0,Mature (13-24m),LOW RISK,10.0,16.0,295.48,5,0,3,Female
55023,0,18.0,Mature (13-24m),STANDARD RISK,1.0,2.0,147.9,3,0,1,Male
55024,0,7.0,Established (7-12m),STANDARD RISK,5.0,2.0,161.0,3,0,2,Male
55025,1,5.0,Growing (4-6m),STANDARD RISK,1.0,2.0,146.07,5,0,1,Male
55026,0,4.0,Growing (4-6m),STANDARD RISK,4.0,2.0,166.15,5,0,3,Male
55027,0,14.0,Mature (13-24m),LOW RISK,1.0,2.0,168.27,4,0,3,Male
55028,0,24.0,Mature (13-24m),LOW RISK,3.0,3.0,303.56,5,0,1,Female
55029,0,2.0,New (0-3m),STANDARD RISK,4.0,4.0,156.96,5,0,1,Male
55030,0,20.0,Mature (13-24m),LOW RISK,4.0,2.0,315.81,4,0,1,Male
55031,0,9.0,Established (7-12m),STANDARD RISK,3.0,2.0,214.66,5,1,3,Male
55032,1,1.0,New (0-3m),STANDARD RISK,1.0,2.0,147.1,4,0,1,Female
55033,0,7.0,Established (7-12m),STANDARD RISK,2.0,2.0,170.39,3,0,3,Female
55034,0,10.0,Established (7-12m),STANDARD RISK,8.0,2.0,152.41,3,0,1,Male
55035,0,4.0,Growing (4-6m),STANDARD RISK,10.0,9.0,159.91,3,0,1,Male
55036,0,18.0,Mature (13-24m),STANDARD RISK,18.0,14.0,170.41,1,0,1,Male
55037,0,1.0,New (0-3m),STANDARD RISK,3.0,3.0,151.78,1,0,3,Male
55038,0,20.0,Mature (13-24m),STANDARD RISK,5.0,2.0,198.79,1,0,1,Male
55039,0,16.0,Mature (13-24m),LOW RISK,4.0,2.0,187.72,5,0,2,Male
55040,0,31.0,Loyal (25m+),STANDARD RISK,10.0,2.0,177.2,1,1,3,Male
55041,0,6.0,Growing (4-6m),STANDARD RISK,3.0,3.0,159.0,4,0,1,Female
55042,0,6.0,Growing (4-6m),STANDARD RISK,8.0,2.0,174.98,3,1,1,Female
55043,0,10.0,Established (7-12m),STANDARD RISK,3.0,8.0,227.52,5,1,1,Female
55044,0,7.0,Established (7-12m),STANDARD RISK,11.0,5.0,152.81,1,0,1,Male
55045,0,14.0,Mature (13-24m),LOW RISK,4.0,2.0,193.52,4,0,3,Female
55046,0,1.0,New (0-3m),STANDARD RISK,2.0,2.0,174.5,1,0,3,Male
55047,0,4.0,Growing (4-6m),STANDARD RISK,8.0,6.0,160.79,4,1,1,Male
55048,0,16.0,Mature (13-24m),STANDARD RISK,1.0,2.0,256.91,5,1,1,Female
55049,0,9.0,Established (7-12m),STANDARD RISK,3.0,5.0,228.77,1,1,3,Female
55050,0,1.0,New (0-3m),STANDARD RISK,9.0,7.0,147.35,5,1,1,Male
55051,0,28.0,Loyal (25m+),STANDARD RISK,3.0,2.0,230.02,3,0,1,Female
55052,0,18.0,Mature (13-24m),STANDARD RISK,8.0,8.0,145.11,1,0,1,Female
55053,1,1.0,New (0-3m),STANDARD RISK,1.0,2.0,143.59,4,1,1,Female
55054,0,3.0,New (0-3m),STANDARD RISK,3.0,2.0,162.6,1,0,1,Female
55055,0,28.0,Loyal (25m+),STANDARD RISK,10.0,2.0,302.79,1,0,1,Male
55056,0,5.0,Growing (4-6m),STANDARD RISK,2.0,2.0,193.33,5,1,1,Male
55057,0,5.0,Growing (4-6m),STANDARD RISK,9.0,2.0,193.12,5,0,1,Female
55058,0,31.0,Loyal (25m+),STANDARD RISK,6.0,2.0,176.71,1,0,3,Female
55059,0,17.0,Mature (13-24m),STANDARD RISK,8.0,2.0,322.4,1,0,1,Male
55060,0,23.0,Mature (13-24m),STANDARD RISK,1.0,2.0,312.11,3,0,1,Male
55061,0,10.0,Established (7-12m),STANDARD RISK,8.0,2.0,161.92,4,0,1,Male
55062,0,22.0,Mature (13-24m),LOW RISK,1.0,2.0,150.59,4,0,1,Male
55063,0,1.0,New (0-3m),STANDARD RISK,4.0,2.0,150.17,3,0,1,Male
55064,0,3.0,New (0-3m),CRITICAL RISK,1.0,2.0,191.23,1,1,1,Male
55065,0,22.0,Mature (13-24m),STANDARD RISK,1.0,2.0,307.65,1,0,1,Male
55066,0,3.0,New (0-3m),STANDARD RISK,8.0,2.0,286.24,1,0,1,Female
55067,0,8.0,Established (7-12m),STANDARD RISK,1.0,2.0,150.85,3,0,1,Female
55068,0,18.0,Mature (13-24m),LOW RISK,11.0,4.0,307.13,4,0,3,Male
55069,0,7.0,Established (7-12m),STANDARD RISK,9.0,2.0,208.8,3,1,3,Male
55070,0,1.0,New (0-3m),CRITICAL RISK,2.0,2.0,154.94,1,1,1,Female
55071,0,1.0,New (0-3m),STANDARD RISK,2.0,2.0,137.23,3,0,1,Male
55072,1,1.0,New (0-3m),CRITICAL RISK,1.0,2.0,136.18,1,1,3,Male
55073,0,1.0,New (0-3m),CRITICAL RISK,3.0,3.0,153.75,1,1,1,Male
55074,1,9.0,Established (7-12m),STANDARD RISK,12.0,2.0,313.24,4,1,3,Female
55075,0,29.0,Loyal (25m+),STANDARD RISK,1.0,16.0,260.77,4,1,1,Male
55076,1,1.0,New (0-3m),STANDARD RISK,3.0,3.0,151.25,3,0,1,Female
55077,0,20.0,Mature (13-24m),LOW RISK,9.0,2.0,312.89,4,0,3,Female
55078,0,8.0,Established (7-12m),STANDARD RISK,3.0,2.0,170.38,5,1,3,Female
55079,0,25.0,Loyal (25m+),STANDARD RISK,11.0,12.0,323.47,4,1,3,Male
55080,0,31.0,Loyal (25m+),STANDARD RISK,3.0,6.0,230.12,1,0,1,Male
55081,0,8.0,Established (7-12m),STANDARD RISK,11.0,6.0,169.44,4,0,1,Female
55082,0,2.0,New (0-3m),STANDARD RISK,3.0,2.0,146.54,3,1,1,Male
55083,0,18.0,Mature (13-24m),LOW RISK,14.0,15.0,316.9,5,0,1,Male
55084,0,8.0,Established (7-12m),STANDARD RISK,9.0,2.0,169.9,4,0,2,Male
55085,0,9.0,Established (7-12m),STANDARD RISK,3.0,3.0,160.06,3,1,1,Male
55086,0,16.0,Mature (13-24m),STANDARD RISK,1.0,2.0,148.72,4,1,1,Female
55087,0,17.0,Mature (13-24m),STANDARD RISK,3.0,16.0,227.31,1,0,3,Female
55088,0,10.0,Established (7-12m),STANDARD RISK,13.0,6.0,179.1,4,1,1,Female
55089,1,8.0,Established (7-12m),STANDARD RISK,6.0,2.0,204.78,1,0,1,Female
55090,0,2.0,New (0-3m),CRITICAL RISK,3.0,3.0,163.67,1,1,1,Male
55091,0,25.0,Loyal (25m+),STANDARD RISK,8.0,8.0,153.38,3,0,1,Female
55092,0,4.0,Growing (4-6m),STANDARD RISK,8.0,2.0,171.95,3,1,1,Female
55093,1,1.0,New (0-3m),STANDARD RISK,8.0,8.0,158.39,3,1,1,Female
55094,0,2.0,New (0-3m),STANDARD RISK,3.0,2.0,145.8,5,0,1,Male
55095,0,1.0,New (0-3m),STANDARD RISK,2.0,3.0,145.96,4,0,1,Female
55096,0,6.0,Growing (4-6m),MEDIUM RISK,9.0,2.0,187.09,1,0,3,Male
55097,0,19.0,Mature (13-24m),LOW RISK,1.0,2.0,305.61,4,0,1,Female
55098,0,13.0,Mature (13-24m),STANDARD RISK,3.0,16.0,296.23,4,1,1,Female
55099,0,31.0,Loyal (25m+),STANDARD RISK,3.0,3.0,148.72,3,0,1,Male
55100,1,1.0,New (0-3m),STANDARD RISK,2.0,2.0,173.83,3,0,1,Male
55101,1,3.0,New (0-3m),STANDARD RISK,4.0,2.0,164.04,5,0,1,Male
55102,0,4.0,Growing (4-6m),MEDIUM RISK,8.0,7.0,171.27,1,0,1,Female
55103,0,10.0,Established (7-12m),STANDARD RISK,8.0,2.0,195.94,3,0,1,Female
55104,0,20.0,Mature (13-24m),LOW RISK,8.0,6.0,159.23,5,0,2,Female
55105,0,2.0,New (0-3m),STANDARD RISK,6.0,8.0,191.74,1,0,1,Female
55106,0,24.0,Mature (13-24m),STANDARD RISK,3.0,2.0,293.8,5,1,1,Female
55107,1,4.0,Growing (4-6m),STANDARD RISK,3.0,2.0,215.94,4,1,3,Male
55108,1,16.0,Mature (13-24m),STANDARD RISK,3.0,8.0,209.46,4,1,3,Male
55109,0,4.0,Growing (4-6m),STANDARD RISK,9.0,2.0,244.16000000000005,5,1,1,Female
55110,0,13.0,Mature (13-24m),STANDARD RISK,8.0,2.0,170.34,3,0,1,Male
55111,0,5.0,Growing (4-6m),STANDARD RISK,3.0,10.0,223.52,3,1,3,Female
55112,0,15.0,Mature (13-24m),LOW RISK,10.0,12.0,186.51,4,0,3,Male
55113,1,1.0,New (0-3m),STANDARD RISK,3.0,3.0,148.02,4,1,3,Female
55114,1,8.0,Established (7-12m),STANDARD RISK,3.0,2.0,148.62,5,0,1,Male
55115,0,16.0,Mature (13-24m),STANDARD RISK,11.0,3.0,303.61,3,1,1,Male
55116,0,29.0,Loyal (25m+),STANDARD RISK,12.0,10.0,316.87,3,0,1,Female
55117,0,30.0,Loyal (25m+),LOW RISK,8.0,8.0,322.17,4,0,2,Male
55118,0,14.0,Mature (13-24m),STANDARD RISK,1.0,2.0,160.44,3,0,1,Male
55119,0,8.0,Established (7-12m),STANDARD RISK,3.0,2.0,210.0,1,0,1,Male
55120,0,14.0,Mature (13-24m),STANDARD RISK,9.0,9.0,171.61,1,0,1,Male
55121,0,15.0,Mature (13-24m),LOW RISK,8.0,2.0,166.03,5,0,3,Female
55122,0,9.0,Established (7-12m),STANDARD RISK,2.0,2.0,167.49,3,1,1,Male
55123,0,25.0,Loyal (25m+),STANDARD RISK,11.0,2.0,265.26,4,1,2,Male
55124,0,12.0,Established (7-12m),STANDARD RISK,8.0,2.0,193.93,5,0,3,Female
55125,0,8.0,Established (7-12m),STANDARD RISK,7.0,10.0,186.25,5,0,3,Female
55126,0,1.0,New (0-3m),STANDARD RISK,3.0,2.0,161.69,1,0,1,Male
55127,1,21.0,Mature (13-24m),STANDARD RISK,3.0,6.0,225.08,5,1,1,Female
55128,0,14.0,Mature (13-24m),LOW RISK,4.0,2.0,148.87,4,0,1,Male
55129,0,10.0,Established (7-12m),STANDARD RISK,14.0,7.0,171.39,5,0,3,Female
55130,0,22.0,Mature (13-24m),STANDARD RISK,9.0,2.0,203.98,1,0,1,Male
55131,0,1.0,New (0-3m),STANDARD RISK,1.0,2.0,150.34,1,0,3,Female
55132,0,25.0,Loyal (25m+),LOW RISK,4.0,2.0,256.42,4,0,1,Female
55133,0,1.0,New (0-3m),STANDARD RISK,1.0,2.0,141.11,1,0,1,Female
55134,0,9.0,Established (7-12m),STANDARD RISK,1.0,2.0,178.63,1,0,1,Female
55135,0,1.0,New (0-3m),STANDARD RISK,1.0,2.0,175.71,1,0,3,Male
55136,1,19.0,Mature (13-24m),STANDARD RISK,9.0,4.0,261.95,3,1,3,Male
55137,0,30.0,Loyal (25m+),STANDARD RISK,10.0,2.0,259.02,4,1,1,Male
55138,0,8.0,Established (7-12m),STANDARD RISK,1.0,2.0,145.29,3,0,1,Female
55139,0,14.0,Mature (13-24m),STANDARD RISK,9.0,12.0,188.77,3,0,1,Female
55140,0,8.0,Established (7-12m),STANDARD RISK,8.0,8.0,179.29,3,0,1,Male
55141,1,1.0,New (0-3m),STANDARD RISK,1.0,2.0,152.85,1,0,3,Female
55142,1,1.0,New (0-3m),STANDARD RISK,3.0,4.0,171.14,3,1,3,Female
55143,0,12.0,Established (7-12m),STANDARD RISK,4.0,2.0,151.1,3,0,1,Male
55144,0,8.0,Established (7-12m),STANDARD RISK,12.0,5.0,191.87,1,0,1,Female
55145,0,2.0,New (0-3m),STANDARD RISK,5.0,2.0,172.24,5,0,3,Male
55146,1,1.0,New (0-3m),STANDARD RISK,8.0,7.0,186.79,3,1,1,Male
55147,0,13.0,Mature (13-24m),STANDARD RISK,5.0,2.0,186.2,1,1,3,Male
55148,0,25.0,Loyal (25m+),LOW RISK,3.0,4.0,230.96,4,0,3,Male
55149,0,15.0,Mature (13-24m),STANDARD RISK,4.0,4.0,179.67,1,1,1,Female
55150,0,11.0,Established (7-12m),STANDARD RISK,4.0,2.0,154.96,3,1,1,Male
55151,0,7.0,Established (7-12m),STANDARD RISK,3.0,2.0,224.98,1,0,3,Male
55152,0,6.0,Growing (4-6m),STANDARD RISK,3.0,2.0,165.78,4,1,3,Male
55153,0,13.0,Mature (13-24m),STANDARD RISK,6.0,2.0,234.2,3,0,1,Male
55154,0,1.0,New (0-3m),STANDARD RISK,3.0,2.0,187.32,3,0,3,Male
55155,0,26.0,Loyal (25m+),STANDARD RISK,3.0,2.0,257.47,3,1,1,Female
55156,0,17.0,Mature (13-24m),STANDARD RISK,9.0,2.0,165.81,3,1,1,Female
55157,0,1.0,New (0-3m),CRITICAL RISK,5.0,5.0,182.69,1,1,3,Female
55158,1,1.0,New (0-3m),STANDARD RISK,8.0,8.0,148.94,3,1,1,Female
55159,0,1.0,New (0-3m),STANDARD RISK,2.0,2.0,164.04,1,0,1,Male
55160,0,16.0,Mature (13-24m),LOW RISK,10.0,2.0,292.99,5,0,2,Female
55161,0,26.0,Loyal (25m+),LOW RISK,5.0,2.0,154.5,5,0,1,Female
55162,0,11.0,Established (7-12m),STANDARD RISK,3.0,2.0,161.29,3,0,1,Female
55163,0,9.0,Established (7-12m),STANDARD RISK,3.0,3.0,218.62,1,0,1,Male
55164,0,1.0,New (0-3m),STANDARD RISK,3.0,2.0,157.29,1,0,1,Male
55165,0,1.0,New (0-3m),STANDARD RISK,8.0,2.0,160.78,5,0,1,Male
55166,0,3.0,New (0-3m),STANDARD RISK,10.0,2.0,204.88,5,0,2,Male
55167,1,13.0,Mature (13-24m),LOW RISK,4.0,2.0,167.84,5,0,1,Male
55168,1,1.0,New (0-3m),CRITICAL RISK,8.0,8.0,200.53,1,1,1,Female
55169,0,28.0,Loyal (25m+),STANDARD RISK,8.0,13.0,298.28,1,0,1,Female
55170,0,31.0,Loyal (25m+),STANDARD RISK,6.0,2.0,322.01,5,1,1,Female
55171,0,29.0,Loyal (25m+),STANDARD RISK,1.0,2.0,272.32,1,0,1,Male
55172,0,10.0,Established (7-12m),STANDARD RISK,3.0,2.0,217.78,4,1,3,Female
55173,1,1.0,New (0-3m),STANDARD RISK,1.0,2.0,138.59,3,0,3,Female
55174,0,4.0,Growing (4-6m),STANDARD RISK,3.0,2.0,172.79,5,0,3,Female
55175,0,5.0,Growing (4-6m),STANDARD RISK,1.0,2.0,289.22,4,0,1,Female
55176,0,8.0,Established (7-12m),STANDARD RISK,4.0,2.0,154.96,5,0,1,Male
55177,1,1.0,New (0-3m),STANDARD RISK,1.0,2.0,137.61,4,0,1,Female
55178,0,1.0,New (0-3m),STANDARD RISK,5.0,2.0,145.99,5,0,1,Male
55179,0,10.0,Established (7-12m),STANDARD RISK,9.0,2.0,183.1,1,0,1,Male
55180,0,10.0,Established (7-12m),STANDARD RISK,3.0,2.0,181.47,5,0,3,Female
55181,0,21.0,Mature (13-24m),STANDARD RISK,3.0,2.0,159.2,1,0,1,Male
55182,1,1.0,New (0-3m),STANDARD RISK,3.0,3.0,169.0,5,0,3,Male
55183,0,11.0,Established (7-12m),STANDARD RISK,4.0,2.0,160.0,3,0,1,Male
55184,0,30.0,Loyal (25m+),LOW RISK,1.0,2.0,145.66,5,0,1,Female
55185,0,21.0,Mature (13-24m),STANDARD RISK,7.0,6.0,296.69,3,0,1,Female
55186,0,1.0,New (0-3m),STANDARD RISK,4.0,2.0,166.62,3,1,3,Female
55187,0,6.0,Growing (4-6m),MEDIUM RISK,3.0,2.0,217.04,1,0,3,Male
55188,0,8.0,Established (7-12m),STANDARD RISK,3.0,2.0,157.94,4,0,1,Female
55189,0,15.0,Mature (13-24m),STANDARD RISK,4.0,2.0,146.27,3,1,1,Male
55190,0,14.0,Mature (13-24m),STANDARD RISK,8.0,2.0,164.75,3,0,1,Male
55191,0,5.0,Growing (4-6m),MEDIUM RISK,10.0,2.0,232.93,1,0,3,Male
55192,1,10.0,Established (7-12m),STANDARD RISK,3.0,5.0,225.96,1,0,3,Male
55193,1,3.0,New (0-3m),STANDARD RISK,1.0,2.0,161.46,5,1,1,Female
55194,1,1.0,New (0-3m),STANDARD RISK,8.0,5.0,199.46,4,0,1,Female
55195,0,19.0,Mature (13-24m),STANDARD RISK,8.0,2.0,233.51,5,1,1,Male
55196,0,5.0,Growing (4-6m),STANDARD RISK,3.0,2.0,146.09,4,0,2,Female
55197,1,1.0,New (0-3m),CRITICAL RISK,3.0,3.0,162.22,1,1,1,Male
55198,0,19.0,Mature (13-24m),STANDARD RISK,3.0,2.0,218.8,1,1,1,Male
55199,0,22.0,Mature (13-24m),LOW RISK,3.0,3.0,179.86,5,0,3,Male
55200,1,1.0,New (0-3m),STANDARD RISK,3.0,3.0,152.42,3,0,2,Female
55201,0,14.0,Mature (13-24m),LOW RISK,9.0,5.0,262.57,4,0,1,Male
55202,0,2.0,New (0-3m),STANDARD RISK,3.0,2.0,209.63,5,0,3,Male
55203,0,18.0,Mature (13-24m),STANDARD RISK,4.0,2.0,156.62,3,0,1,Male
55204,0,27.0,Loyal (25m+),LOW RISK,9.0,9.0,290.98,4,0,1,Male
55205,0,23.0,Mature (13-24m),STANDARD RISK,3.0,2.0,191.51,3,0,1,Male
55206,0,14.0,Mature (13-24m),STANDARD RISK,3.0,2.0,148.45,3,0,1,Male
55207,0,18.0,Mature (13-24m),LOW RISK,4.0,2.0,159.2,4,0,1,Male
55208,0,7.0,Established (7-12m),STANDARD RISK,4.0,2.0,168.73,5,0,3,Male
55209,0,8.0,Established (7-12m),STANDARD RISK,13.0,4.0,172.59,5,0,3,Male
55210,0,4.0,Growing (4-6m),STANDARD RISK,3.0,3.0,178.01,3,0,3,Male
55211,0,16.0,Mature (13-24m),STANDARD RISK,9.0,6.0,161.73,1,0,1,Female
55212,0,18.0,Mature (13-24m),STANDARD RISK,1.0,2.0,172.68,3,0,3,Female
55213,0,4.0,Growing (4-6m),STANDARD RISK,1.0,2.0,137.74,3,0,1,Male
55214,0,31.0,Loyal (25m+),STANDARD RISK,9.0,3.0,174.0,3,0,1,Male
55215,0,23.0,Mature (13-24m),LOW RISK,3.0,2.0,229.66,4,0,1,Male
55216,0,8.0,Established (7-12m),STANDARD RISK,10.0,7.0,295.07,5,0,1,Male
55217,1,1.0,New (0-3m),STANDARD RISK,3.0,2.0,154.09,3,0,3,Male
55218,1,1.0,New (0-3m),STANDARD RISK,1.0,2.0,182.65,4,0,3,Female
55219,1,1.0,New (0-3m),STANDARD RISK,11.0,11.0,170.99,4,1,3,Female
55220,0,9.0,Established (7-12m),STANDARD RISK,1.0,2.0,149.04,3,0,3,Male
55221,1,1.0,New (0-3m),STANDARD RISK,1.0,2.0,156.72,5,1,1,Male
55222,0,1.0,New (0-3m),STANDARD RISK,1.0,2.0,145.33,4,0,3,Female
55223,0,18.0,Mature (13-24m),STANDARD RISK,3.0,3.0,227.09,3,1,1,Male
55224,0,3.0,New (0-3m),STANDARD RISK,3.0,2.0,211.2,3,0,3,Male
55225,0,4.0,Growing (4-6m),STANDARD RISK,4.0,2.0,145.64,3,0,2,Male
55226,0,29.0,Loyal (25m+),STANDARD RISK,3.0,2.0,165.35,3,1,1,Male
55227,0,7.0,Established (7-12m),STANDARD RISK,3.0,2.0,163.38,4,0,1,Female
55228,0,21.0,Mature (13-24m),STANDARD RISK,3.0,2.0,170.91,3,1,3,Female
55229,1,1.0,New (0-3m),STANDARD RISK,1.0,2.0,150.61,5,0,1,Male
55230,0,2.0,New (0-3m),STANDARD RISK,1.0,2.0,140.63,3,0,1,Male
55231,0,2.0,New (0-3m),STANDARD RISK,4.0,2.0,173.98,5,0,3,Male
55232,0,23.0,Mature (13-24m),LOW RISK,3.0,2.0,172.89,5,0,1,Female
55233,0,3.0,New (0-3m),STANDARD RISK,3.0,2.0,156.8,4,0,1,Female
55234,0,2.0,New (0-3m),STANDARD RISK,8.0,2.0,190.49,4,0,1,Male
55235,0,7.0,Established (7-12m),STANDARD RISK,1.0,2.0,188.88,3,1,1,Male
55236,0,6.0,Growing (4-6m),MEDIUM RISK,1.0,2.0,237.44,1,0,1,Male
55237,0,28.0,Loyal (25m+),STANDARD RISK,13.0,2.0,285.32,1,0,1,Female
55238,1,1.0,New (0-3m),STANDARD RISK,8.0,2.0,148.62,5,0,1,Male
55239,0,18.0,Mature (13-24m),LOW RISK,18.0,15.0,288.28,5,0,1,Male
55240,0,13.0,Mature (13-24m),LOW RISK,3.0,3.0,208.76,4,0,1,Female
55241,0,20.0,Mature (13-24m),LOW RISK,2.0,6.0,291.06,4,0,3,Female
55242,0,9.0,Established (7-12m),STANDARD RISK,3.0,4.0,211.06,4,0,1,Female
55243,0,1.0,New (0-3m),STANDARD RISK,3.0,2.0,147.72,3,0,1,Male
55244,1,4.0,Growing (4-6m),STANDARD RISK,1.0,2.0,145.18,5,0,1,Male
55245,0,8.0,Established (7-12m),STANDARD RISK,7.0,9.0,195.83,3,1,3,Male
55246,1,1.0,New (0-3m),STANDARD RISK,8.0,8.0,165.84,3,0,1,Female
55247,0,24.0,Mature (13-24m),STANDARD RISK,10.0,14.0,269.11,1,1,1,Male
55248,0,8.0,Established (7-12m),STANDARD RISK,8.0,6.0,148.08,3,1,3,Male
55249,0,16.0,Mature (13-24m),LOW RISK,1.0,2.0,173.41,4,0,1,Male
55250,0,11.0,Established (7-12m),STANDARD RISK,8.0,4.0,167.85,1,0,1,Male
55251,0,3.0,New (0-3m),STANDARD RISK,3.0,2.0,222.15,5,0,1,Female
55252,0,7.0,Established (7-12m),STANDARD RISK,3.0,2.0,168.2,4,0,1,Male
55253,0,19.0,Mature (13-24m),STANDARD RISK,4.0,2.0,146.32,1,0,1,Male
55254,0,16.0,Mature (13-24m),STANDARD RISK,3.0,14.0,226.24,1,1,1,Male
55255,0,14.0,Mature (13-24m),LOW RISK,2.0,8.0,179.73,5,0,3,Male
55256,0,7.0,Established (7-12m),STANDARD RISK,8.0,6.0,177.07,3,1,1,Male
55257,0,14.0,Mature (13-24m),STANDARD RISK,8.0,8.0,289.37,1,1,2,Male
55258,0,1.0,New (0-3m),STANDARD RISK,1.0,2.0,147.96,5,0,1,Male
55259,0,14.0,Mature (13-24m),STANDARD RISK,3.0,3.0,165.69,1,1,1,Male
55260,0,19.0,Mature (13-24m),LOW RISK,8.0,8.0,199.41,4,0,1,Male
55261,0,9.0,Established (7-12m),STANDARD RISK,3.0,5.0,149.3,3,0,3,Female
55262,0,6.0,Growing (4-6m),STANDARD RISK,6.0,3.0,183.78,4,0,1,Female
55263,0,10.0,Established (7-12m),STANDARD RISK,3.0,2.0,151.44,1,1,3,Male
55264,0,22.0,Mature (13-24m),STANDARD RISK,8.0,8.0,189.39,3,0,3,Female
55265,0,3.0,New (0-3m),STANDARD RISK,1.0,2.0,149.51,3,0,1,Male
55266,0,7.0,Established (7-12m),STANDARD RISK,3.0,3.0,188.92,5,0,3,Male
55267,1,1.0,New (0-3m),STANDARD RISK,3.0,7.0,222.14,5,0,3,Male
55268,0,12.0,Established (7-12m),STANDARD RISK,3.0,2.0,185.77,3,0,2,Male
55269,0,9.0,Established (7-12m),STANDARD RISK,3.0,2.0,149.5,5,0,1,Male
55270,0,8.0,Established (7-12m),STANDARD RISK,3.0,2.0,217.5,4,0,3,Male
55271,1,1.0,New (0-3m),STANDARD RISK,1.0,2.0,145.74,5,1,1,Female
55272,1,17.0,Mature (13-24m),STANDARD RISK,3.0,2.0,226.69,1,0,1,Female
55273,1,2.0,New (0-3m),STANDARD RISK,5.0,2.0,173.55,4,0,1,Male
55274,0,6.0,Growing (4-6m),STANDARD RISK,3.0,2.0,165.87,5,0,1,Male
55275,0,22.0,Mature (13-24m),LOW RISK,7.0,8.0,148.67,5,0,1,Female
55276,0,8.0,Established (7-12m),STANDARD RISK,1.0,2.0,154.72,1,0,1,Male
55277,0,29.0,Loyal (25m+),STANDARD RISK,14.0,3.0,320.86,1,0,3,Male
55278,0,8.0,Established (7-12m),STANDARD RISK,2.0,3.0,179.84,1,0,1,Male
55279,0,1.0,New (0-3m),STANDARD RISK,1.0,2.0,145.61,1,0,1,Female
55280,0,12.0,Established (7-12m),STANDARD RISK,3.0,8.0,224.24,4,0,3,Male
55281,0,12.0,Established (7-12m),STANDARD RISK,3.0,2.0,166.98,4,0,3,Female
55282,0,10.0,Established (7-12m),STANDARD RISK,1.0,2.0,193.15,3,0,3,Female
55283,0,3.0,New (0-3m),STANDARD RISK,6.0,2.0,172.23,5,1,1,Male
55284,0,9.0,Established (7-12m),STANDARD RISK,5.0,2.0,186.42,3,1,1,Female
55285,0,13.0,Mature (13-24m),STANDARD RISK,7.0,8.0,207.37,3,0,3,Male
55286,0,3.0,New (0-3m),STANDARD RISK,3.0,2.0,213.53,1,0,1,Male
55287,0,24.0,Mature (13-24m),STANDARD RISK,1.0,2.0,318.31,3,1,3,Male
55288,0,1.0,New (0-3m),STANDARD RISK,3.0,3.0,145.73,3,0,1,Male
55289,0,10.0,Established (7-12m),STANDARD RISK,3.0,2.0,180.62,5,1,1,Male
55290,0,16.0,Mature (13-24m),STANDARD RISK,2.0,2.0,321.13,1,0,1,Male
55291,0,9.0,Established (7-12m),STANDARD RISK,9.0,7.0,159.07,3,0,1,Male
55292,0,8.0,Established (7-12m),STANDARD RISK,8.0,8.0,175.63,3,0,1,Male
55293,0,14.0,Mature (13-24m),LOW RISK,3.0,2.0,171.39,5,0,3,Female
55294,0,17.0,Mature (13-24m),LOW RISK,3.0,2.0,173.76,4,0,1,Male
55295,0,9.0,Established (7-12m),STANDARD RISK,2.0,2.0,151.9,1,0,1,Male
55296,0,20.0,Mature (13-24m),LOW RISK,13.0,2.0,300.67,5,0,3,Male
55297,1,1.0,New (0-3m),STANDARD RISK,1.0,2.0,149.08,4,1,1,Male
55298,0,1.0,New (0-3m),STANDARD RISK,4.0,2.0,153.14,3,1,1,Female
55299,0,24.0,Mature (13-24m),STANDARD RISK,14.0,2.0,237.45,3,1,1,Male
55300,0,6.0,Growing (4-6m),MEDIUM RISK,3.0,2.0,158.12,1,0,1,Female
55301,0,18.0,Mature (13-24m),STANDARD RISK,11.0,2.0,315.49,1,1,1,Female
55302,0,4.0,Growing (4-6m),STANDARD RISK,2.0,2.0,146.41,4,0,1,Male
55303,0,19.0,Mature (13-24m),STANDARD RISK,5.0,2.0,182.69,5,1,1,Female
55304,0,19.0,Mature (13-24m),LOW RISK,6.0,5.0,168.85,5,0,3,Male
55305,0,5.0,Growing (4-6m),STANDARD RISK,4.0,2.0,178.32,5,0,3,Male
55306,0,10.0,Established (7-12m),STANDARD RISK,2.0,2.0,171.63,3,1,1,Female
55307,0,8.0,Established (7-12m),STANDARD RISK,3.0,8.0,172.24,1,0,1,Male
55308,0,23.0,Mature (13-24m),LOW RISK,5.0,2.0,157.11,5,0,1,Female
55309,0,13.0,Mature (13-24m),LOW RISK,8.0,8.0,178.77,5,0,1,Male
55310,0,1.0,New (0-3m),STANDARD RISK,8.0,2.0,165.66,5,0,1,Male
55311,0,9.0,Established (7-12m),STANDARD RISK,11.0,2.0,177.08,5,0,1,Male
55312,0,2.0,New (0-3m),STANDARD RISK,1.0,2.0,173.77,5,0,1,Female
55313,0,1.0,New (0-3m),STANDARD RISK,3.0,3.0,156.17,1,0,1,Male
55314,1,1.0,New (0-3m),CRITICAL RISK,1.0,2.0,140.69,1,1,3,Female
55315,0,21.0,Mature (13-24m),STANDARD RISK,1.0,2.0,321.58,3,0,2,Female
55316,0,13.0,Mature (13-24m),STANDARD RISK,8.0,2.0,155.69,3,0,1,Male
55317,0,14.0,Mature (13-24m),STANDARD RISK,3.0,15.0,229.35,3,0,1,Female
55318,0,9.0,Established (7-12m),STANDARD RISK,10.0,3.0,166.48,3,0,1,Female
55319,0,11.0,Established (7-12m),STANDARD RISK,3.0,2.0,182.68,3,0,1,Male
55320,0,13.0,Mature (13-24m),STANDARD RISK,9.0,4.0,175.42,3,0,1,Female
55321,0,19.0,Mature (13-24m),STANDARD RISK,10.0,4.0,182.7,1,0,1,Female
55322,0,12.0,Established (7-12m),STANDARD RISK,3.0,2.0,202.56,3,1,1,Female
55323,1,1.0,New (0-3m),STANDARD RISK,3.0,7.0,228.06,5,0,3,Male
55324,0,11.0,Established (7-12m),STANDARD RISK,8.0,8.0,164.36,4,0,1,Female
55325,0,14.0,Mature (13-24m),STANDARD RISK,4.0,4.0,204.45,1,1,1,Female
55326,0,18.0,Mature (13-24m),STANDARD RISK,3.0,2.0,182.43,1,1,2,Male
55327,0,22.0,Mature (13-24m),STANDARD RISK,3.0,3.0,277.02,1,0,1,Male
55328,1,1.0,New (0-3m),CRITICAL RISK,3.0,3.0,179.4,1,1,3,Male
55329,0,1.0,New (0-3m),CRITICAL RISK,4.0,2.0,162.6,1,1,1,Female
55330,0,1.0,New (0-3m),STANDARD RISK,3.0,2.0,160.17,3,0,1,Female
55331,0,1.0,New (0-3m),STANDARD RISK,3.0,2.0,150.8,1,0,1,Male
55332,1,4.0,Growing (4-6m),STANDARD RISK,4.0,2.0,146.66,5,1,1,Male
55333,0,3.0,New (0-3m),STANDARD RISK,5.0,2.0,183.69,3,0,3,Male
55334,0,10.0,Established (7-12m),STANDARD RISK,3.0,2.0,205.08,5,0,1,Female
55335,0,1.0,New (0-3m),STANDARD RISK,8.0,2.0,177.06,3,0,1,Male
55336,0,13.0,Mature (13-24m),LOW RISK,1.0,2.0,177.95,4,0,1,Male
55337,0,23.0,Mature (13-24m),LOW RISK,3.0,2.0,289.13,4,0,1,Female
55338,0,24.0,Mature (13-24m),LOW RISK,12.0,2.0,257.69,5,0,1,Female
55339,0,1.0,New (0-3m),STANDARD RISK,3.0,3.0,152.83,3,0,3,Female
55340,0,8.0,Established (7-12m),STANDARD RISK,10.0,8.0,179.33,4,0,1,Female
55341,0,10.0,Established (7-12m),STANDARD RISK,4.0,2.0,145.13,4,0,1,Male
55342,0,23.0,Mature (13-24m),STANDARD RISK,13.0,3.0,264.66,3,1,1,Female
55343,0,10.0,Established (7-12m),STANDARD RISK,3.0,2.0,168.74,3,0,1,Female
55344,0,10.0,Established (7-12m),STANDARD RISK,5.0,2.0,193.42,5,0,1,Male
55345,0,28.0,Loyal (25m+),STANDARD RISK,8.0,5.0,299.26,3,0,1,Female
55346,0,17.0,Mature (13-24m),STANDARD RISK,12.0,7.0,301.03,3,0,1,Male
55347,1,1.0,New (0-3m),CRITICAL RISK,8.0,7.0,170.81,1,1,3,Male
55348,0,12.0,Established (7-12m),STANDARD RISK,10.0,3.0,172.35,1,0,1,Male
55349,0,3.0,New (0-3m),STANDARD RISK,10.0,2.0,166.87,4,1,3,Male
55350,0,7.0,Established (7-12m),STANDARD RISK,5.0,2.0,180.05,1,0,3,Male
55351,0,6.0,Growing (4-6m),STANDARD RISK,7.0,2.0,179.7,4,0,1,Male
55352,0,5.0,Growing (4-6m),MEDIUM RISK,3.0,2.0,179.76,1,0,3,Female
55353,0,23.0,Mature (13-24m),STANDARD RISK,3.0,3.0,150.87,5,1,1,Female
55354,0,12.0,Established (7-12m),STANDARD RISK,4.0,4.0,149.4,4,0,1,Female
55355,0,21.0,Mature (13-24m),LOW RISK,3.0,2.0,284.72,4,0,3,Female
55356,0,23.0,Mature (13-24m),STANDARD RISK,1.0,2.0,278.79,3,0,1,Male
55357,0,15.0,Mature (13-24m),STANDARD RISK,3.0,2.0,195.82,3,1,3,Male
55358,0,1.0,New (0-3m),STANDARD RISK,3.0,2.0,152.28,5,0,3,Male
55359,0,7.0,Established (7-12m),STANDARD RISK,3.0,2.0,178.68,1,1,3,Female
55360,0,10.0,Established (7-12m),STANDARD RISK,3.0,2.0,178.47,3,0,1,Male
55361,0,18.0,Mature (13-24m),STANDARD RISK,3.0,3.0,156.95,1,1,2,Female
55362,1,1.0,New (0-3m),STANDARD RISK,3.0,2.0,164.89,3,1,1,Male
55363,0,12.0,Established (7-12m),STANDARD RISK,1.0,2.0,158.06,3,0,1,Female
55364,0,27.0,Loyal (25m+),STANDARD RISK,3.0,2.0,195.05,1,0,1,Male
55365,1,12.0,Established (7-12m),STANDARD RISK,8.0,8.0,151.55,3,1,3,Female
55366,1,1.0,New (0-3m),STANDARD RISK,1.0,2.0,138.93,4,0,1,Male
55367,0,1.0,New (0-3m),STANDARD RISK,8.0,6.0,150.7,1,0,1,Male
55368,0,29.0,Loyal (25m+),LOW RISK,3.0,2.0,160.37,4,0,1,Male
55369,0,8.0,Established (7-12m),STANDARD RISK,14.0,5.0,164.86,1,0,1,Male
55370,0,31.0,Loyal (25m+),STANDARD RISK,1.0,2.0,233.83,1,0,1,Male
55371,0,7.0,Established (7-12m),STANDARD RISK,14.0,3.0,145.28,4,0,1,Male
55372,0,11.0,Established (7-12m),STANDARD RISK,3.0,2.0,220.25,1,0,3,Male
55373,0,8.0,Established (7-12m),STANDARD RISK,8.0,9.0,154.29,1,0,1,Female
55374,1,1.0,New (0-3m),CRITICAL RISK,3.0,2.0,147.75,1,1,3,Male
55375,0,18.0,Mature (13-24m),STANDARD RISK,8.0,7.0,203.79,1,1,1,Female
55376,0,9.0,Established (7-12m),STANDARD RISK,5.0,2.0,174.3,1,1,1,Male
55377,0,17.0,Mature (13-24m),STANDARD RISK,9.0,9.0,203.47,1,1,3,Male
55378,0,1.0,New (0-3m),STANDARD RISK,5.0,2.0,169.01,3,0,1,Male
55379,0,15.0,Mature (13-24m),STANDARD RISK,3.0,9.0,217.41,3,0,3,Male
55380,0,3.0,New (0-3m),STANDARD RISK,3.0,2.0,154.74,3,0,1,Female
55381,0,10.0,Established (7-12m),STANDARD RISK,8.0,7.0,170.02,1,0,3,Female
55382,0,19.0,Mature (13-24m),STANDARD RISK,5.0,2.0,232.48,3,0,1,Male
55383,1,1.0,New (0-3m),STANDARD RISK,1.0,2.0,140.55,3,0,2,Male
55384,1,11.0,Established (7-12m),STANDARD RISK,11.0,2.0,254.36,3,0,3,Male
55385,0,1.0,New (0-3m),STANDARD RISK,3.0,2.0,148.05,3,0,1,Male
55386,0,19.0,Mature (13-24m),LOW RISK,7.0,9.0,292.04,4,0,1,Female
55387,0,6.0,Growing (4-6m),STANDARD RISK,4.0,2.0,159.33,3,0,1,Male
55388,0,5.0,Growing (4-6m),STANDARD RISK,4.0,2.0,159.77,3,0,1,Male
55389,0,15.0,Mature (13-24m),LOW RISK,3.0,2.0,189.3,4,0,2,Male
55390,0,14.0,Mature (13-24m),STANDARD RISK,1.0,2.0,190.16,5,1,1,Female
55391,0,1.0,New (0-3m),STANDARD RISK,3.0,2.0,164.07,5,0,1,Male
55392,0,20.0,Mature (13-24m),LOW RISK,10.0,2.0,180.62,4,0,1,Male
55393,0,9.0,Established (7-12m),STANDARD RISK,8.0,2.0,193.83,3,0,1,Male
55394,0,4.0,Growing (4-6m),MEDIUM RISK,9.0,2.0,153.62,1,0,1,Male
55395,0,21.0,Mature (13-24m),LOW RISK,1.0,2.0,174.78,4,0,3,Male
55396,0,20.0,Mature (13-24m),STANDARD RISK,3.0,2.0,228.68,1,1,3,Male
55397,1,1.0,New (0-3m),STANDARD RISK,3.0,3.0,186.34,5,1,3,Male
55398,1,1.0,New (0-3m),STANDARD RISK,1.0,2.0,192.35,4,0,3,Male
55399,0,1.0,New (0-3m),STANDARD RISK,3.0,2.0,157.95,4,0,1,Female
55400,0,5.0,Growing (4-6m),MEDIUM RISK,5.0,2.0,177.38,1,0,1,Female
55401,0,13.0,Mature (13-24m),STANDARD RISK,9.0,6.0,189.72,1,1,1,Male
55402,0,6.0,Growing (4-6m),STANDARD RISK,3.0,2.0,221.1,3,0,3,Male
55403,0,14.0,Mature (13-24m),LOW RISK,9.0,13.0,323.33,4,0,3,Male
55404,0,19.0,Mature (13-24m),STANDARD RISK,3.0,2.0,222.56,3,0,2,Female
55405,0,4.0,Growing (4-6m),STANDARD RISK,8.0,2.0,174.68,5,0,1,Female
55406,0,1.0,New (0-3m),STANDARD RISK,2.0,3.0,146.45,1,0,2,Male
55407,1,1.0,New (0-3m),STANDARD RISK,3.0,2.0,146.8,1,0,2,Female
55408,0,5.0,Growing (4-6m),STANDARD RISK,3.0,2.0,208.46,3,0,3,Male
55409,0,1.0,New (0-3m),STANDARD RISK,5.0,2.0,159.45,1,0,1,Female
55410,1,1.0,New (0-3m),STANDARD RISK,3.0,3.0,152.6,4,0,3,Female
55411,0,3.0,New (0-3m),STANDARD RISK,3.0,2.0,187.94,3,1,1,Male
55412,0,4.0,Growing (4-6m),STANDARD RISK,8.0,2.0,196.4,5,0,3,Male
55413,0,8.0,Established (7-12m),STANDARD RISK,3.0,2.0,154.32,1,1,1,Male
55414,0,7.0,Established (7-12m),STANDARD RISK,8.0,2.0,176.47,4,0,3,Female
55415,0,23.0,Mature (13-24m),STANDARD RISK,5.0,2.0,170.07,1,0,3,Female
55416,1,1.0,New (0-3m),STANDARD RISK,3.0,2.0,210.64,5,1,3,Female
55417,0,12.0,Established (7-12m),STANDARD RISK,6.0,2.0,149.68,4,0,1,Female
55418,1,1.0,New (0-3m),STANDARD RISK,1.0,2.0,206.61,3,0,3,Male
55419,0,3.0,New (0-3m),STANDARD RISK,1.0,2.0,146.09,5,0,1,Female
55420,0,4.0,Growing (4-6m),STANDARD RISK,8.0,2.0,177.94,3,0,1,Male
55421,0,6.0,Growing (4-6m),STANDARD RISK,8.0,2.0,152.18,4,0,1,Male
55422,0,12.0,Established (7-12m),STANDARD RISK,1.0,2.0,183.11,1,1,1,Male
55423,1,7.0,Established (7-12m),STANDARD RISK,1.0,2.0,149.37,3,1,1,Male
55424,0,16.0,Mature (13-24m),LOW RISK,5.0,2.0,152.66,4,0,1,Male
55425,0,29.0,Loyal (25m+),LOW RISK,1.0,2.0,315.38,5,0,1,Male
55426,0,7.0,Established (7-12m),STANDARD RISK,8.0,2.0,155.55,4,0,1,Male
55427,0,15.0,Mature (13-24m),LOW RISK,5.0,2.0,147.89,5,0,1,Male
55428,0,8.0,Established (7-12m),STANDARD RISK,8.0,2.0,165.01,3,1,3,Male
55429,0,27.0,Loyal (25m+),STANDARD RISK,3.0,2.0,254.65,3,1,1,Female
55430,0,17.0,Mature (13-24m),STANDARD RISK,9.0,2.0,160.39,1,0,2,Male
55431,0,8.0,Established (7-12m),STANDARD RISK,3.0,3.0,185.29,1,0,3,Female
55432,1,1.0,New (0-3m),STANDARD RISK,1.0,2.0,151.79,4,0,3,Male
55433,0,12.0,Established (7-12m),STANDARD RISK,5.0,2.0,162.02,3,0,1,Female
55434,1,1.0,New (0-3m),STANDARD RISK,1.0,2.0,148.98,5,1,1,Female
55435,0,5.0,Growing (4-6m),MEDIUM RISK,8.0,6.0,179.68,1,0,3,Female
55436,0,25.0,Loyal (25m+),STANDARD RISK,3.0,2.0,256.16,3,0,1,Female
55437,0,11.0,Established (7-12m),STANDARD RISK,4.0,2.0,166.89,4,0,3,Male
55438,0,20.0,Mature (13-24m),STANDARD RISK,3.0,3.0,318.28,1,1,1,Male
55439,0,10.0,Established (7-12m),STANDARD RISK,8.0,6.0,208.21,5,1,1,Male
55440,1,8.0,Established (7-12m),STANDARD RISK,4.0,3.0,148.42,4,1,1,Male
55441,0,11.0,Established (7-12m),STANDARD RISK,8.0,5.0,165.71,4,0,2,Male
55442,1,1.0,New (0-3m),CRITICAL RISK,8.0,8.0,183.13,1,1,3,Male
55443,0,7.0,Established (7-12m),STANDARD RISK,7.0,8.0,156.43,5,0,1,Male
55444,0,2.0,New (0-3m),STANDARD RISK,4.0,2.0,145.44,1,0,1,Male
55445,0,13.0,Mature (13-24m),STANDARD RISK,3.0,2.0,259.64,3,0,1,Male
55446,0,20.0,Mature (13-24m),LOW RISK,3.0,3.0,204.91,4,0,3,Male
55447,0,14.0,Mature (13-24m),LOW RISK,3.0,2.0,158.77,5,0,1,Female
55448,0,16.0,Mature (13-24m),LOW RISK,1.0,2.0,180.38,5,0,1,Male
55449,0,9.0,Established (7-12m),STANDARD RISK,8.0,2.0,182.62,1,0,1,Male
55450,0,12.0,Established (7-12m),STANDARD RISK,9.0,4.0,150.92,4,0,2,Male
55451,1,1.0,New (0-3m),STANDARD RISK,8.0,2.0,178.46,5,0,1,Male
55452,1,1.0,New (0-3m),STANDARD RISK,9.0,2.0,167.13,5,0,1,Male
55453,0,13.0,Mature (13-24m),STANDARD RISK,3.0,3.0,166.27,1,0,3,Male
55454,0,17.0,Mature (13-24m),STANDARD RISK,3.0,2.0,149.38,3,0,1,Male
55455,0,15.0,Mature (13-24m),LOW RISK,3.0,2.0,193.7,4,0,1,Male
55456,0,15.0,Mature (13-24m),STANDARD RISK,3.0,14.0,229.47,3,1,3,Female
55457,0,4.0,Growing (4-6m),STANDARD RISK,3.0,2.0,221.67,3,0,1,Female
55458,1,1.0,New (0-3m),STANDARD RISK,5.0,2.0,146.48,4,1,2,Female
55459,1,10.0,Established (7-12m),STANDARD RISK,3.0,4.0,214.26,4,0,1,Female
55460,0,14.0,Mature (13-24m),STANDARD RISK,4.0,2.0,190.13,1,0,1,Female
55461,0,8.0,Established (7-12m),STANDARD RISK,9.0,5.0,192.99,3,0,3,Male
55462,0,31.0,Loyal (25m+),LOW RISK,15.0,15.0,287.91,4,0,3,Male
55463,0,9.0,Established (7-12m),STANDARD RISK,4.0,2.0,152.05,3,0,1,Male
55464,0,21.0,Mature (13-24m),STANDARD RISK,3.0,15.0,228.33,4,1,1,Female
55465,0,14.0,Mature (13-24m),LOW RISK,8.0,8.0,169.48,5,0,1,Female
55466,0,28.0,Loyal (25m+),STANDARD RISK,8.0,2.0,193.54,1,0,1,Female
55467,0,5.0,Growing (4-6m),STANDARD RISK,3.0,3.0,221.37,5,0,3,Female
55468,0,2.0,New (0-3m),STANDARD RISK,3.0,2.0,160.91,5,0,1,Female
55469,0,12.0,Established (7-12m),STANDARD RISK,4.0,2.0,179.05,1,1,3,Female
55470,0,1.0,New (0-3m),STANDARD RISK,3.0,2.0,171.84,1,0,3,Male
55471,0,31.0,Loyal (25m+),STANDARD RISK,3.0,3.0,282.87,3,1,1,Male
55472,0,1.0,New (0-3m),STANDARD RISK,1.0,2.0,140.14,3,0,1,Female
55473,1,1.0,New (0-3m),STANDARD RISK,1.0,2.0,154.56,5,0,2,Male
55474,1,1.0,New (0-3m),STANDARD RISK,1.0,3.0,148.35,5,1,2,Male
55475,0,19.0,Mature (13-24m),STANDARD RISK,8.0,6.0,176.54,3,0,3,Female
55476,0,10.0,Established (7-12m),STANDARD RISK,1.0,2.0,194.62,4,1,1,Female
55477,0,17.0,Mature (13-24m),STANDARD RISK,8.0,8.0,181.75,1,0,3,Male
55478,0,1.0,New (0-3m),CRITICAL RISK,3.0,2.0,148.79,1,1,1,Female
55479,0,3.0,New (0-3m),STANDARD RISK,11.0,4.0,163.12,1,0,1,Male
55480,0,6.0,Growing (4-6m),MEDIUM RISK,1.0,2.0,171.48,1,0,3,Male
55481,0,16.0,Mature (13-24m),STANDARD RISK,4.0,4.0,154.36,3,0,1,Male
55482,0,21.0,Mature (13-24m),STANDARD RISK,1.0,3.0,146.05,3,0,1,Female
55483,0,20.0,Mature (13-24m),STANDARD RISK,3.0,5.0,210.78,1,0,1,Male
55484,0,2.0,New (0-3m),STANDARD RISK,3.0,3.0,152.06,1,0,2,Male
55485,0,3.0,New (0-3m),STANDARD RISK,7.0,2.0,188.84,3,0,1,Male
55486,0,16.0,Mature (13-24m),STANDARD RISK,1.0,2.0,164.68,3,0,1,Male
55487,1,1.0,New (0-3m),STANDARD RISK,3.0,3.0,224.07,4,1,3,Male
55488,0,20.0,Mature (13-24m),LOW RISK,9.0,2.0,257.25,5,0,3,Female
55489,0,1.0,New (0-3m),STANDARD RISK,9.0,6.0,160.4,3,0,3,Female
55490,0,3.0,New (0-3m),STANDARD RISK,1.0,2.0,153.04,4,0,2,Male
55491,0,17.0,Mature (13-24m),STANDARD RISK,15.0,7.0,318.92,3,0,1,Female
55492,0,22.0,Mature (13-24m),LOW RISK,10.0,13.0,321.65,4,0,1,Male
55493,1,1.0,New (0-3m),CRITICAL RISK,1.0,2.0,149.39,1,1,1,Male
55494,1,10.0,Established (7-12m),STANDARD RISK,8.0,2.0,198.14,4,0,3,Female
55495,0,1.0,New (0-3m),STANDARD RISK,4.0,8.0,172.74,5,0,1,Female
55496,0,13.0,Mature (13-24m),STANDARD RISK,3.0,3.0,164.02,1,0,1,Male
55497,0,29.0,Loyal (25m+),STANDARD RISK,5.0,2.0,151.62,1,0,1,Male
55498,0,2.0,New (0-3m),STANDARD RISK,1.0,2.0,153.56,4,0,3,Female
55499,1,1.0,New (0-3m),STANDARD RISK,1.0,2.0,135.81,1,0,3,Male
55500,1,1.0,New (0-3m),STANDARD RISK,1.0,2.0,149.72,4,1,1,Male
55501,0,10.0,Established (7-12m),STANDARD RISK,8.0,2.0,181.73,3,1,3,Female
55502,0,5.0,Growing (4-6m),STANDARD RISK,3.0,2.0,166.97,3,0,1,Male
55503,0,8.0,Established (7-12m),STANDARD RISK,3.0,2.0,222.13,1,1,3,Male
55504,0,3.0,New (0-3m),STANDARD RISK,3.0,2.0,145.62,5,0,1,Male
55505,0,11.0,Established (7-12m),STANDARD RISK,5.0,2.0,167.84,5,1,1,Male
55506,0,9.0,Established (7-12m),STANDARD RISK,3.0,2.0,172.88,4,1,1,Female
55507,0,19.0,Mature (13-24m),STANDARD RISK,9.0,4.0,184.06,1,0,1,Female
55508,0,10.0,Established (7-12m),STANDARD RISK,9.0,2.0,163.86,1,0,2,Male
55509,0,14.0,Mature (13-24m),LOW RISK,17.0,12.0,293.23,5,0,1,Male
55510,0,1.0,New (0-3m),STANDARD RISK,1.0,2.0,154.33,3,1,1,Female
55511,0,1.0,New (0-3m),STANDARD RISK,8.0,2.0,190.0,3,0,3,Female
55512,0,22.0,Mature (13-24m),STANDARD RISK,8.0,5.0,296.74,1,0,1,Female
55513,0,18.0,Mature (13-24m),LOW RISK,3.0,3.0,175.33,5,0,1,Male
55514,1,1.0,New (0-3m),STANDARD RISK,1.0,4.0,148.07,5,1,1,Male
55515,1,20.0,Mature (13-24m),STANDARD RISK,1.0,2.0,150.87,1,0,1,Male
55516,0,10.0,Established (7-12m),STANDARD RISK,4.0,2.0,180.07,4,0,3,Male
55517,0,15.0,Mature (13-24m),LOW RISK,5.0,2.0,168.93,4,0,3,Female
55518,0,16.0,Mature (13-24m),LOW RISK,8.0,2.0,258.48,5,0,1,Male
55519,0,5.0,Growing (4-6m),MEDIUM RISK,5.0,2.0,190.83,1,1,3,Female
55520,0,8.0,Established (7-12m),STANDARD RISK,2.0,2.0,206.03,1,1,3,Female
55521,0,5.0,Growing (4-6m),STANDARD RISK,3.0,3.0,164.78,3,0,1,Female
55522,0,1.0,New (0-3m),STANDARD RISK,8.0,8.0,150.44,1,0,1,Male
55523,0,19.0,Mature (13-24m),STANDARD RISK,4.0,2.0,178.99,3,0,1,Male
55524,0,7.0,Established (7-12m),STANDARD RISK,10.0,2.0,179.87,3,0,3,Male
55525,0,2.0,New (0-3m),CRITICAL RISK,8.0,2.0,193.34,1,1,3,Male
55526,1,1.0,New (0-3m),STANDARD RISK,1.0,2.0,135.91,5,0,3,Male
55527,0,13.0,Mature (13-24m),STANDARD RISK,3.0,2.0,182.36,3,0,3,Female
55528,0,1.0,New (0-3m),STANDARD RISK,3.0,2.0,147.26,4,0,1,Male
55529,0,8.0,Established (7-12m),STANDARD RISK,12.0,7.0,182.47,1,1,1,Male
55530,1,1.0,New (0-3m),STANDARD RISK,3.0,3.0,223.54,3,1,3,Female
55531,0,21.0,Mature (13-24m),LOW RISK,8.0,2.0,179.67,4,0,1,Male
55532,0,30.0,Loyal (25m+),LOW RISK,1.0,2.0,178.8,5,0,3,Female
55533,0,13.0,Mature (13-24m),LOW RISK,10.0,8.0,176.51,5,0,1,Male
55534,0,12.0,Established (7-12m),STANDARD RISK,8.0,2.0,146.33,4,1,1,Female
55535,0,61.0,Loyal (25m+),STANDARD RISK,1.0,2.0,303.75,1,1,3,Female
55536,1,1.0,New (0-3m),STANDARD RISK,4.0,2.0,149.32,3,1,1,Female
55537,0,12.0,Established (7-12m),STANDARD RISK,4.0,2.0,172.71,1,0,1,Male
55538,0,23.0,Mature (13-24m),STANDARD RISK,4.0,5.0,316.61,1,0,1,Male
55539,0,16.0,Mature (13-24m),STANDARD RISK,1.0,2.0,175.87,1,1,3,Male
55540,1,1.0,New (0-3m),STANDARD RISK,1.0,2.0,153.63,4,0,2,Female
55541,0,9.0,Established (7-12m),STANDARD RISK,5.0,2.0,180.61,5,0,3,Male
55542,0,2.0,New (0-3m),STANDARD RISK,5.0,2.0,146.44,3,0,1,Male
55543,0,5.0,Growing (4-6m),STANDARD RISK,4.0,3.0,155.65,5,1,1,Male
55544,0,10.0,Established (7-12m),STANDARD RISK,3.0,2.0,153.1,4,0,1,Male
55545,0,8.0,Established (7-12m),STANDARD RISK,3.0,3.0,223.88,1,0,3,Male
55546,0,8.0,Established (7-12m),STANDARD RISK,3.0,2.0,211.28,3,0,3,Male
55547,0,1.0,New (0-3m),STANDARD RISK,7.0,8.0,153.67,5,0,1,Male
55548,0,3.0,New (0-3m),STANDARD RISK,3.0,2.0,178.73,5,0,1,Male
55549,0,6.0,Growing (4-6m),MEDIUM RISK,3.0,2.0,191.67,1,0,1,Female
55550,0,5.0,Growing (4-6m),STANDARD RISK,8.0,9.0,175.03,5,0,1,Male
55551,1,1.0,New (0-3m),STANDARD RISK,4.0,2.0,148.67,1,0,1,Male
55552,0,12.0,Established (7-12m),STANDARD RISK,1.0,2.0,153.58,5,0,3,Male
55553,0,9.0,Established (7-12m),STANDARD RISK,10.0,2.0,177.04,1,1,3,Female
55554,0,1.0,New (0-3m),STANDARD RISK,8.0,2.0,166.05,1,0,3,Male
55555,0,6.0,Growing (4-6m),MEDIUM RISK,3.0,2.0,221.79,1,0,1,Male
55556,1,1.0,New (0-3m),CRITICAL RISK,9.0,2.0,181.17,1,1,3,Male
55557,1,17.0,Mature (13-24m),STANDARD RISK,3.0,3.0,229.48,5,1,3,Male
55558,0,28.0,Loyal (25m+),STANDARD RISK,4.0,3.0,153.97,3,0,1,Female
55559,0,7.0,Established (7-12m),STANDARD RISK,9.0,3.0,184.68,3,0,1,Male
55560,0,17.0,Mature (13-24m),STANDARD RISK,10.0,2.0,200.1,3,0,1,Male
55561,0,12.0,Established (7-12m),STANDARD RISK,3.0,2.0,154.91,4,1,2,Male
55562,0,29.0,Loyal (25m+),STANDARD RISK,5.0,2.0,321.36,4,1,2,Male
55563,0,5.0,Growing (4-6m),MEDIUM RISK,1.0,2.0,136.29,1,1,1,Female
55564,0,13.0,Mature (13-24m),LOW RISK,11.0,2.0,258.41,5,0,3,Male
55565,0,16.0,Mature (13-24m),STANDARD RISK,8.0,4.0,168.32,3,0,1,Male
55566,0,5.0,Growing (4-6m),STANDARD RISK,9.0,2.0,235.31,3,0,1,Female
55567,0,28.0,Loyal (25m+),STANDARD RISK,5.0,2.0,169.4,5,1,1,Female
55568,0,1.0,New (0-3m),STANDARD RISK,3.0,2.0,171.17,3,0,1,Male
55569,0,1.0,New (0-3m),STANDARD RISK,5.0,2.0,151.47,1,0,1,Male
55570,0,14.0,Mature (13-24m),STANDARD RISK,5.0,10.0,188.23,3,0,1,Female
55571,0,14.0,Mature (13-24m),LOW RISK,11.0,6.0,181.77,4,0,3,Female
55572,0,1.0,New (0-3m),STANDARD RISK,3.0,2.0,146.87,4,0,2,Female
55573,0,4.0,Growing (4-6m),STANDARD RISK,8.0,2.0,162.48,4,0,1,Male
55574,0,1.0,New (0-3m),STANDARD RISK,3.0,2.0,164.77,3,1,1,Male
55575,0,21.0,Mature (13-24m),STANDARD RISK,3.0,13.0,211.33,3,0,1,Male
55576,0,7.0,Established (7-12m),STANDARD RISK,1.0,2.0,145.08,3,0,1,Male
55577,0,12.0,Established (7-12m),STANDARD RISK,9.0,6.0,169.4,4,0,3,Male
55578,0,5.0,Growing (4-6m),STANDARD RISK,3.0,2.0,155.67,3,0,3,Male
55579,0,12.0,Established (7-12m),STANDARD RISK,8.0,8.0,178.21,3,0,1,Male
55580,0,16.0,Mature (13-24m),STANDARD RISK,3.0,2.0,179.1,5,1,1,Male
55581,0,15.0,Mature (13-24m),STANDARD RISK,1.0,2.0,152.82,1,0,1,Male
55582,0,21.0,Mature (13-24m),LOW RISK,13.0,2.0,244.57,4,0,1,Female
55583,0,9.0,Established (7-12m),STANDARD RISK,3.0,3.0,151.6,3,1,1,Male
55584,0,1.0,New (0-3m),STANDARD RISK,3.0,2.0,158.75,3,0,1,Male
55585,0,9.0,Established (7-12m),STANDARD RISK,9.0,2.0,175.98,3,0,1,Male
55586,0,7.0,Established (7-12m),STANDARD RISK,2.0,9.0,173.78,1,1,1,Female
55587,0,6.0,Growing (4-6m),STANDARD RISK,2.0,5.0,153.37,4,0,1,Female
55588,0,14.0,Mature (13-24m),STANDARD RISK,1.0,2.0,149.06,1,0,1,Male
55589,0,6.0,Growing (4-6m),STANDARD RISK,3.0,3.0,147.69,4,0,3,Male
55590,0,13.0,Mature (13-24m),STANDARD RISK,8.0,2.0,166.08,1,0,1,Male
55591,0,12.0,Established (7-12m),STANDARD RISK,12.0,2.0,257.06,3,0,1,Female
55592,0,6.0,Growing (4-6m),MEDIUM RISK,3.0,6.0,229.22,1,0,3,Female
55593,0,11.0,Established (7-12m),STANDARD RISK,9.0,7.0,262.44,1,1,1,Female
55594,0,1.0,New (0-3m),STANDARD RISK,5.0,2.0,174.07,3,1,3,Female
55595,0,26.0,Loyal (25m+),STANDARD RISK,1.0,2.0,159.82,1,0,3,Male
55596,0,18.0,Mature (13-24m),STANDARD RISK,3.0,2.0,149.36,1,1,1,Male
55597,0,1.0,New (0-3m),STANDARD RISK,3.0,2.0,148.8,5,1,3,Male
55598,0,13.0,Mature (13-24m),STANDARD RISK,4.0,2.0,319.31,1,0,1,Male
55599,1,1.0,New (0-3m),STANDARD RISK,1.0,2.0,142.9,5,0,3,Male
55600,0,10.0,Established (7-12m),STANDARD RISK,5.0,4.0,201.44,1,0,3,Female
55601,0,10.0,Established (7-12m),STANDARD RISK,3.0,2.0,176.31,4,0,1,Female
55602,0,30.0,Loyal (25m+),STANDARD RISK,10.0,2.0,188.06,3,0,1,Male
55603,1,1.0,New (0-3m),CRITICAL RISK,3.0,3.0,172.87,1,1,1,Male
55604,0,16.0,Mature (13-24m),STANDARD RISK,15.0,5.0,313.8,3,0,1,Male
55605,1,20.0,Mature (13-24m),STANDARD RISK,9.0,10.0,148.39,3,0,1,Male
55606,0,15.0,Mature (13-24m),LOW RISK,11.0,2.0,260.7,4,0,1,Female
55607,0,8.0,Established (7-12m),STANDARD RISK,8.0,2.0,192.12,3,0,3,Female
55608,0,10.0,Established (7-12m),STANDARD RISK,12.0,12.0,179.06,1,0,3,Male
55609,0,15.0,Mature (13-24m),LOW RISK,3.0,2.0,214.38,4,0,3,Male
55610,0,6.0,Growing (4-6m),STANDARD RISK,3.0,2.0,149.39,5,0,1,Male
55611,0,9.0,Established (7-12m),STANDARD RISK,3.0,2.0,213.37,1,1,2,Female
55612,0,12.0,Established (7-12m),STANDARD RISK,10.0,2.0,178.43,1,0,3,Female
55613,1,14.0,Mature (13-24m),STANDARD RISK,2.0,2.0,192.28,3,0,3,Male
55614,0,10.0,Established (7-12m),STANDARD RISK,1.0,2.0,191.52,1,0,3,Female
55615,0,19.0,Mature (13-24m),STANDARD RISK,2.0,2.0,173.5,3,0,3,Female
55616,0,14.0,Mature (13-24m),STANDARD RISK,3.0,3.0,153.09,3,0,1,Male
55617,0,9.0,Established (7-12m),STANDARD RISK,3.0,2.0,181.89,3,1,1,Male
55618,0,14.0,Mature (13-24m),STANDARD RISK,3.0,2.0,145.01,3,0,1,Female
55619,0,9.0,Established (7-12m),STANDARD RISK,2.0,2.0,154.77,1,0,1,Female
55620,0,3.0,New (0-3m),STANDARD RISK,4.0,2.0,165.25,4,1,1,Male
55621,0,3.0,New (0-3m),STANDARD RISK,5.0,2.0,162.85,5,0,1,Female
55622,1,14.0,Mature (13-24m),STANDARD RISK,1.0,2.0,233.54,5,1,3,Male
55623,0,13.0,Mature (13-24m),STANDARD RISK,7.0,2.0,245.31,1,0,3,Female
55624,0,5.0,Growing (4-6m),STANDARD RISK,3.0,2.0,224.36,5,0,1,Male
55625,0,1.0,New (0-3m),STANDARD RISK,1.0,2.0,154.66,3,0,3,Female
55626,0,10.0,Established (7-12m),STANDARD RISK,4.0,2.0,150.71,1,0,1,Male
55627,0,13.0,Mature (13-24m),LOW RISK,3.0,2.0,224.91,5,0,1,Male
55628,0,1.0,New (0-3m),STANDARD RISK,4.0,2.0,186.42,4,1,1,Male
55629,0,23.0,Mature (13-24m),LOW RISK,9.0,2.0,178.9,4,0,3,Male
55630,0,8.0,Established (7-12m),STANDARD RISK,3.0,2.0,169.04,3,0,1,Male
