CustomerID,Churn,Tenure,TenureCohort,RiskLevel,DaySinceLastOrder,OrderCount,CashbackAmount,SatisfactionScore,Complain,CityTier,Gender,R_Score,F_Score,M_Score,RFM_Score,RFMSegment
50001,1,4.0,Growing (4-6m),MEDIUM RISK,5.0,1.0,159.93,2,1,3,Female,2,1,3,6,Lost Customers
50002,1,9.0,Established (7-12m),STANDARD RISK,0.0,1.0,120.9,3,1,1,Male,5,1,1,7,At Risk
50003,1,9.0,Established (7-12m),STANDARD RISK,3.0,1.0,120.28,3,1,1,Male,4,1,1,6,Lost Customers
50004,1,0.0,New (0-3m),STANDARD RISK,3.0,1.0,134.07,5,0,3,Male,4,1,1,6,Lost Customers
50005,1,0.0,New (0-3m),STANDARD RISK,3.0,1.0,129.6,5,0,1,Male,4,1,1,6,Lost Customers
50006,1,0.0,New (0-3m),STANDARD RISK,7.0,6.0,139.19,5,1,1,Female,2,5,1,8,At Risk
50007,1,9.0,Established (7-12m),STANDARD RISK,0.0,1.0,120.86,2,0,3,Male,5,1,1,7,At Risk
50008,1,9.0,Established (7-12m),STANDARD RISK,0.0,2.0,122.93,2,1,1,Male,5,2,1,8,At Risk
50009,1,13.0,Mature (13-24m),STANDARD RISK,2.0,1.0,126.83,3,1,3,Male,5,1,1,7,At Risk
50010,1,9.0,Established (7-12m),STANDARD RISK,1.0,1.0,122.93,3,0,1,Male,5,1,1,7,At Risk
50011,1,4.0,Growing (4-6m),STANDARD RISK,8.0,15.0,295.45,3,0,1,Female,2,5,5,12,Potential Loyalists
50012,1,11.0,Established (7-12m),STANDARD RISK,0.0,1.0,153.81,3,1,1,Male,5,1,3,9,At Risk
50013,1,0.0,New (0-3m),STANDARD RISK,2.0,2.0,134.41,3,1,1,Male,5,2,1,8,At Risk
50014,1,0.0,New (0-3m),STANDARD RISK,0.0,1.0,133.88,3,1,1,Male,5,1,1,7,At Risk
50015,1,9.0,Established (7-12m),STANDARD RISK,7.0,4.0,196.19,2,0,3,Male,2,4,4,10,Potential Loyalists
50016,1,9.0,Established (7-12m),STANDARD RISK,2.0,1.0,120.73,5,1,2,Male,5,1,1,7,At Risk
50017,1,0.0,New (0-3m),CRITICAL RISK,0.0,1.0,129.26,2,1,1,Female,5,1,1,7,At Risk
50018,1,0.0,New (0-3m),STANDARD RISK,3.0,1.0,157.44,3,1,3,Male,4,1,3,8,At Risk
50019,1,0.0,New (0-3m),STANDARD RISK,6.0,1.0,160.74,3,1,1,Male,2,1,3,6,Lost Customers
50020,1,19.0,Mature (13-24m),STANDARD RISK,3.0,4.0,149.63,4,1,1,Female,4,4,2,10,Potential Loyalists
50021,1,0.0,New (0-3m),STANDARD RISK,7.0,7.0,161.72,3,1,3,Male,2,5,3,10,Potential Loyalists
50022,1,20.0,Mature (13-24m),STANDARD RISK,6.0,15.0,203.12,2,0,1,Female,2,5,4,11,Potential Loyalists
50023,1,9.0,Established (7-12m),STANDARD RISK,0.0,1.0,116.75,3,1,3,Male,5,1,1,7,At Risk
50024,1,0.0,New (0-3m),STANDARD RISK,2.0,2.0,145.59,3,1,3,Female,5,2,2,9,At Risk
50025,1,14.0,Mature (13-24m),STANDARD RISK,3.0,1.0,206.5,2,0,1,Male,4,1,4,9,At Risk
50026,1,0.0,New (0-3m),STANDARD RISK,4.0,1.0,142.0,5,0,1,Female,3,1,2,6,Lost Customers
50027,0,8.0,Established (7-12m),STANDARD RISK,6.0,1.0,172.95,4,0,3,Male,2,1,3,6,Lost Customers
50028,0,9.0,Established (7-12m),STANDARD RISK,5.0,4.0,123.06,3,1,3,Male,2,4,1,7,At Risk
50029,0,18.0,Mature (13-24m),LOW RISK,15.0,1.0,123.48,4,0,1,Male,1,1,1,3,Lost Customers
50030,0,5.0,Growing (4-6m),MEDIUM RISK,7.0,3.0,189.98,2,0,3,Female,2,4,4,10,Potential Loyalists
50031,0,2.0,New (0-3m),STANDARD RISK,9.0,1.0,143.19,3,0,1,Male,1,1,2,4,Lost Customers
50032,0,0.0,New (0-3m),STANDARD RISK,0.0,1.0,161.32,3,0,1,Male,5,1,3,9,At Risk
50033,0,30.0,Loyal (25m+),STANDARD RISK,0.0,1.0,133.46,4,1,1,Female,5,1,1,7,At Risk
50034,0,13.0,Mature (13-24m),STANDARD RISK,11.0,2.0,208.55,2,0,3,Male,1,2,4,7,At Risk
50035,0,9.0,Established (7-12m),STANDARD RISK,2.0,1.0,122.31,3,0,3,Female,5,1,1,7,At Risk
50036,0,0.0,New (0-3m),STANDARD RISK,2.0,2.0,123.23,2,0,1,Male,5,2,1,8,At Risk
50037,0,9.0,Established (7-12m),STANDARD RISK,2.0,2.0,120.24,4,0,1,Male,5,2,1,8,At Risk
50038,0,1.0,New (0-3m),STANDARD RISK,2.0,1.0,127.13,2,0,1,Male,5,1,1,7,At Risk
50039,0,30.0,Loyal (25m+),STANDARD RISK,4.0,1.0,194.39,2,1,1,Male,3,1,4,8,At Risk
50040,0,0.0,New (0-3m),STANDARD RISK,1.0,1.0,125.66,3,1,1,Male,5,1,1,7,At Risk
50041,0,23.0,Mature (13-24m),LOW RISK,4.0,4.0,299.26,4,0,1,Female,3,4,5,12,Potential Loyalists
50042,0,14.0,Mature (13-24m),STANDARD RISK,8.0,1.0,124.51,3,0,1,Male,2,1,1,4,Lost Customers
50043,0,3.0,New (0-3m),STANDARD RISK,4.0,7.0,194.19,2,0,3,Female,3,5,4,12,Potential Loyalists
50044,0,11.0,Established (7-12m),STANDARD RISK,1.0,1.0,186.86,2,0,3,Female,5,1,4,10,Potential Loyalists
50045,0,5.0,Growing (4-6m),STANDARD RISK,4.0,1.0,130.38,3,0,1,Male,3,1,1,5,Lost Customers
50046,0,0.0,New (0-3m),STANDARD RISK,1.0,1.0,130.58,4,1,1,Male,5,1,1,7,At Risk
50047,1,0.0,New (0-3m),STANDARD RISK,0.0,1.0,123.25,5,0,3,Female,5,1,1,7,At Risk
50048,0,9.0,Established (7-12m),STANDARD RISK,2.0,7.0,120.88,4,0,1,Male,5,5,1,11,Potential Loyalists
50049,0,3.0,New (0-3m),STANDARD RISK,10.0,6.0,130.72,5,0,1,Male,1,5,1,7,At Risk
50050,0,18.0,Mature (13-24m),STANDARD RISK,3.0,1.0,150.06,5,1,3,Female,4,1,2,7,At Risk
50051,0,29.0,Loyal (25m+),STANDARD RISK,2.0,2.0,142.57,5,1,1,Female,5,2,2,9,At Risk
50052,0,6.0,Growing (4-6m),MEDIUM RISK,2.0,1.0,125.0,2,0,1,Male,5,1,1,7,At Risk
50053,1,0.0,New (0-3m),STANDARD RISK,0.0,1.0,111.02,2,0,1,Male,5,1,1,7,At Risk
50054,0,19.0,Mature (13-24m),LOW RISK,7.0,15.0,204.53,5,0,3,Female,2,5,4,11,Potential Loyalists
50055,0,9.0,Established (7-12m),STANDARD RISK,1.0,2.0,122.88,2,0,1,Female,5,2,1,8,At Risk
50056,0,4.0,Growing (4-6m),MEDIUM RISK,2.0,1.0,139.29,2,1,1,Female,5,1,1,7,At Risk
50057,0,9.0,Established (7-12m),STANDARD RISK,2.0,1.0,123.11,4,0,1,Female,5,1,1,7,At Risk
50058,1,4.0,Growing (4-6m),STANDARD RISK,2.0,1.0,131.4,4,1,3,Female,5,1,1,7,At Risk
50059,0,23.0,Mature (13-24m),STANDARD RISK,2.0,1.0,136.9,3,0,1,Male,5,1,1,7,At Risk
50060,0,26.0,Loyal (25m+),LOW RISK,3.0,1.0,144.5,5,0,1,Female,4,1,2,7,At Risk
50061,0,6.0,Growing (4-6m),STANDARD RISK,6.0,1.0,127.56,4,0,1,Female,2,1,1,4,Lost Customers
50062,0,13.0,Mature (13-24m),STANDARD RISK,9.0,9.0,290.33,3,0,1,Female,1,5,5,11,Potential Loyalists
50063,0,28.0,Loyal (25m+),LOW RISK,15.0,2.0,287.22,4,0,1,Male,1,2,5,8,At Risk
50064,0,7.0,Established (7-12m),STANDARD RISK,9.0,1.0,195.47,3,0,1,Male,1,1,4,6,Lost Customers
50065,0,24.0,Mature (13-24m),LOW RISK,0.0,2.0,237.34,4,0,1,Female,5,2,5,12,Potential Loyalists
50066,0,25.0,Loyal (25m+),STANDARD RISK,9.0,11.0,299.99,3,0,1,Male,1,5,5,11,Potential Loyalists
50067,0,9.0,Established (7-12m),STANDARD RISK,3.0,1.0,122.79,4,0,1,Female,4,1,1,6,Lost Customers
50068,1,0.0,New (0-3m),STANDARD RISK,1.0,1.0,159.16,3,1,1,Male,5,1,3,9,At Risk
50069,0,9.0,Established (7-12m),STANDARD RISK,2.0,2.0,120.89,2,0,1,Male,5,2,1,8,At Risk
50070,0,18.0,Mature (13-24m),STANDARD RISK,8.0,11.0,267.92,2,0,1,Male,2,5,5,12,Potential Loyalists
50071,0,10.0,Established (7-12m),STANDARD RISK,7.0,1.0,135.64,5,1,1,Male,2,1,1,4,Lost Customers
50072,0,8.0,Established (7-12m),STANDARD RISK,2.0,1.0,144.25,4,0,1,Female,4,1,2,7,At Risk
50073,0,15.0,Mature (13-24m),STANDARD RISK,2.0,1.0,152.65,3,0,1,Female,4,1,2,7,At Risk
50074,0,11.0,Established (7-12m),STANDARD RISK,0.0,1.0,165.53,3,0,1,Male,5,1,3,9,At Risk
50075,0,11.0,Established (7-12m),STANDARD RISK,7.0,1.0,162.61,2,0,1,Male,2,1,3,6,Lost Customers
50076,0,0.0,New (0-3m),STANDARD RISK,0.0,2.0,142.98,5,0,1,Male,5,2,2,9,At Risk
50077,0,22.0,Mature (13-24m),STANDARD RISK,7.0,1.0,168.04,2,1,1,Male,2,1,3,6,Lost Customers
50078,0,7.0,Established (7-12m),STANDARD RISK,0.0,2.0,138.15,3,1,1,Male,5,2,1,8,At Risk
50079,0,13.0,Mature (13-24m),STANDARD RISK,7.0,3.0,127.41,2,1,1,Male,2,4,1,7,At Risk
50080,1,1.0,New (0-3m),STANDARD RISK,0.0,1.0,166.73,5,1,1,Male,5,1,3,9,At Risk
50081,1,0.0,New (0-3m),STANDARD RISK,9.0,1.0,176.39,2,0,3,Female,1,1,4,6,Lost Customers
50082,0,0.0,New (0-3m),STANDARD RISK,2.0,2.0,123.28,4,1,1,Male,4,2,1,7,At Risk
50083,0,9.0,Established (7-12m),STANDARD RISK,7.0,1.0,121.53,2,0,1,Female,2,1,1,4,Lost Customers
50084,0,13.0,Mature (13-24m),STANDARD RISK,2.0,1.0,148.76,2,0,1,Male,4,1,2,7,At Risk
50085,0,19.0,Mature (13-24m),LOW RISK,3.0,1.0,193.96,5,0,1,Male,4,1,4,9,At Risk
50086,1,0.0,New (0-3m),STANDARD RISK,8.0,9.0,204.0,2,0,3,Male,2,5,4,11,Potential Loyalists
50087,0,3.0,New (0-3m),STANDARD RISK,8.0,5.0,184.74,3,0,1,Male,2,5,4,11,Potential Loyalists
50088,0,0.0,New (0-3m),STANDARD RISK,7.0,1.0,199.81,3,0,3,Female,2,1,4,7,At Risk
50089,0,24.0,Mature (13-24m),LOW RISK,3.0,4.0,224.9,4,0,1,Male,4,4,5,13,Loyal Customers
50090,1,0.0,New (0-3m),STANDARD RISK,4.0,1.0,126.57,5,1,1,Female,3,1,1,5,Lost Customers
50091,0,14.0,Mature (13-24m),STANDARD RISK,0.0,2.0,235.91000000000005,2,1,3,Female,5,2,5,12,Potential Loyalists
50092,1,0.0,New (0-3m),STANDARD RISK,1.0,1.0,166.96,5,0,3,Female,5,1,3,9,At Risk
50093,1,9.0,Established (7-12m),STANDARD RISK,5.0,1.0,120.58,3,0,1,Male,2,1,1,4,Lost Customers
50094,0,18.0,Mature (13-24m),STANDARD RISK,8.0,12.0,188.65,2,0,3,Female,2,5,4,11,Potential Loyalists
50095,0,27.0,Loyal (25m+),LOW RISK,5.0,1.0,159.4,5,0,3,Female,2,1,3,6,Lost Customers
50096,0,9.0,Established (7-12m),STANDARD RISK,7.0,3.0,159.14,4,0,1,Male,2,4,3,9,At Risk
50097,0,6.0,Growing (4-6m),STANDARD RISK,1.0,1.0,126.22,4,0,1,Female,5,1,1,7,At Risk
50098,0,10.0,Established (7-12m),STANDARD RISK,3.0,1.0,221.85,2,1,1,Male,4,1,5,10,Potential Loyalists
50099,0,11.0,Established (7-12m),STANDARD RISK,13.0,5.0,206.09,3,0,3,Male,1,5,4,10,Potential Loyalists
50100,0,4.0,Growing (4-6m),STANDARD RISK,4.0,1.0,143.45,3,0,1,Male,3,1,2,6,Lost Customers
50101,0,9.0,Established (7-12m),STANDARD RISK,0.0,1.0,121.77,2,0,1,Male,5,1,1,7,At Risk
50102,0,10.0,Established (7-12m),STANDARD RISK,8.0,5.0,0.0,2,0,3,Male,2,5,1,8,At Risk
50103,0,2.0,New (0-3m),STANDARD RISK,1.0,4.0,179.18,2,0,3,Female,5,4,4,13,Loyal Customers
50104,0,8.0,Established (7-12m),STANDARD RISK,8.0,1.0,187.89,3,0,3,Female,2,1,4,7,At Risk
50105,1,0.0,New (0-3m),CRITICAL RISK,1.0,1.0,123.89,2,1,1,Male,5,1,1,7,At Risk
50106,0,25.0,Loyal (25m+),STANDARD RISK,2.0,2.0,132.12,2,0,1,Female,4,2,1,7,At Risk
50107,0,15.0,Mature (13-24m),STANDARD RISK,15.0,11.0,292.32,2,0,1,Male,1,5,5,11,Potential Loyalists
50108,0,9.0,Established (7-12m),STANDARD RISK,2.0,2.0,122.67,3,0,2,Male,4,2,1,7,At Risk
50109,0,23.0,Mature (13-24m),STANDARD RISK,6.0,1.0,295.17,2,0,3,Female,2,1,5,8,At Risk
50110,1,0.0,New (0-3m),CRITICAL RISK,4.0,1.0,124.36,2,1,1,Male,3,1,1,5,Lost Customers
50111,0,16.0,Mature (13-24m),STANDARD RISK,9.0,2.0,260.64,2,1,3,Female,1,2,5,8,At Risk
50112,1,0.0,New (0-3m),STANDARD RISK,7.0,1.0,127.07,5,0,1,Female,2,1,1,4,Lost Customers
50113,0,25.0,Loyal (25m+),STANDARD RISK,12.0,15.0,290.68,3,1,3,Male,1,5,5,11,Potential Loyalists
50114,0,5.0,Growing (4-6m),STANDARD RISK,2.0,1.0,139.31,4,0,3,Female,4,1,1,6,Lost Customers
50115,1,0.0,New (0-3m),STANDARD RISK,2.0,1.0,137.3,3,1,1,Male,4,1,1,6,Lost Customers
50116,0,9.0,Established (7-12m),STANDARD RISK,2.0,1.0,122.32,3,0,1,Female,4,1,1,6,Lost Customers
50117,0,5.0,Growing (4-6m),MEDIUM RISK,2.0,2.0,144.65,2,0,3,Male,4,2,2,8,At Risk
50118,0,14.0,Mature (13-24m),LOW RISK,0.0,1.0,130.72,5,0,1,Male,5,1,1,7,At Risk
50119,0,13.0,Mature (13-24m),STANDARD RISK,7.0,4.0,133.19,2,0,1,Male,2,4,1,7,At Risk
50120,0,18.0,Mature (13-24m),STANDARD RISK,7.0,1.0,292.02,2,0,1,Male,2,1,5,8,At Risk
50121,0,4.0,Growing (4-6m),STANDARD RISK,2.0,2.0,236.75,3,0,1,Male,4,2,5,11,Potential Loyalists
50122,0,6.0,Growing (4-6m),MEDIUM RISK,2.0,1.0,129.11,2,0,1,Female,4,1,1,6,Lost Customers
50123,0,7.0,Established (7-12m),STANDARD RISK,9.0,5.0,159.57,5,0,1,Male,1,5,3,9,At Risk
50124,0,10.0,Established (7-12m),STANDARD RISK,2.0,1.0,139.2,5,0,1,Female,4,1,1,6,Lost Customers
50125,0,18.0,Mature (13-24m),STANDARD RISK,2.0,1.0,164.34,3,0,1,Male,4,1,3,8,At Risk
50126,1,0.0,New (0-3m),STANDARD RISK,0.0,1.0,200.48,3,0,1,Male,5,1,4,10,Potential Loyalists
50127,0,12.0,Established (7-12m),STANDARD RISK,3.0,11.0,209.38,3,0,1,Female,4,5,5,14,Loyal Customers
50128,0,2.0,New (0-3m),STANDARD RISK,5.0,1.0,123.4,2,0,1,Male,2,1,1,4,Lost Customers
50129,0,15.0,Mature (13-24m),STANDARD RISK,2.0,1.0,165.45,5,1,1,Female,4,1,3,8,At Risk
50130,0,2.0,New (0-3m),STANDARD RISK,2.0,1.0,169.31,2,0,3,Male,4,1,3,8,At Risk
50131,0,0.0,New (0-3m),STANDARD RISK,2.0,1.0,148.98,3,0,1,Female,4,1,2,7,At Risk
50132,0,15.0,Mature (13-24m),STANDARD RISK,8.0,7.0,125.93,5,1,1,Female,2,5,1,8,At Risk
50133,0,13.0,Mature (13-24m),STANDARD RISK,9.0,3.0,294.36,3,0,1,Male,1,4,5,10,Potential Loyalists
50134,0,24.0,Mature (13-24m),STANDARD RISK,0.0,1.0,127.23,2,0,1,Male,5,1,1,7,At Risk
50135,1,0.0,New (0-3m),STANDARD RISK,4.0,1.0,134.79,4,0,1,Male,3,1,1,5,Lost Customers
50136,0,5.0,Growing (4-6m),STANDARD RISK,3.0,1.0,127.94,4,0,1,Male,4,1,1,6,Lost Customers
50137,0,11.0,Established (7-12m),STANDARD RISK,5.0,7.0,152.49,2,0,3,Male,2,5,2,9,At Risk
50138,0,9.0,Established (7-12m),STANDARD RISK,4.0,1.0,121.76,5,0,1,Male,3,1,1,5,Lost Customers
50139,0,19.0,Mature (13-24m),STANDARD RISK,7.0,7.0,268.72,4,1,3,Female,2,5,5,12,Potential Loyalists
50140,1,0.0,New (0-3m),STANDARD RISK,0.0,1.0,134.85,3,0,1,Male,5,1,1,7,At Risk
50141,0,2.0,New (0-3m),STANDARD RISK,0.0,1.0,166.44,4,0,3,Male,5,1,3,9,At Risk
50142,0,4.0,Growing (4-6m),MEDIUM RISK,8.0,7.0,155.82,2,0,1,Male,2,5,3,10,Potential Loyalists
50143,0,0.0,New (0-3m),STANDARD RISK,5.0,1.0,140.0,5,0,1,Male,2,1,1,4,Lost Customers
50144,0,18.0,Mature (13-24m),STANDARD RISK,10.0,2.0,234.96,2,1,1,Male,1,2,5,8,At Risk
50145,0,9.0,Established (7-12m),STANDARD RISK,11.0,10.0,132.1,2,0,1,Male,1,5,1,7,At Risk
50146,0,28.0,Loyal (25m+),STANDARD RISK,13.0,4.0,290.45,5,1,1,Male,1,4,5,10,Potential Loyalists
50147,1,10.0,Established (7-12m),STANDARD RISK,3.0,9.0,218.49,4,1,1,Male,4,5,5,14,Loyal Customers
50148,0,9.0,Established (7-12m),STANDARD RISK,4.0,1.0,120.7,2,0,1,Male,3,1,1,5,Lost Customers
50149,0,10.0,Established (7-12m),STANDARD RISK,1.0,1.0,165.02,2,0,3,Male,5,1,3,9,At Risk
50150,0,0.0,New (0-3m),STANDARD RISK,0.0,1.0,132.3,3,0,1,Male,5,1,1,7,At Risk
50151,0,10.0,Established (7-12m),STANDARD RISK,2.0,2.0,236.03,2,1,1,Female,4,2,5,11,Potential Loyalists
50152,0,2.0,New (0-3m),STANDARD RISK,3.0,6.0,219.96,4,0,1,Female,4,5,5,14,Loyal Customers
50153,0,11.0,Established (7-12m),STANDARD RISK,7.0,7.0,156.05,5,1,3,Female,2,5,3,10,Potential Loyalists
50154,0,0.0,New (0-3m),STANDARD RISK,4.0,1.0,163.97,4,0,1,Female,3,1,3,7,At Risk
50155,0,23.0,Mature (13-24m),LOW RISK,6.0,1.0,291.44,4,0,1,Male,2,1,5,8,At Risk
50156,0,26.0,Loyal (25m+),STANDARD RISK,3.0,1.0,275.84,3,1,1,Male,4,1,5,10,Potential Loyalists
50157,0,15.0,Mature (13-24m),STANDARD RISK,6.0,11.0,149.07,3,0,3,Male,2,5,2,9,At Risk
50158,0,2.0,New (0-3m),STANDARD RISK,9.0,1.0,145.54,2,0,3,Male,1,1,2,4,Lost Customers
50159,0,28.0,Loyal (25m+),STANDARD RISK,8.0,1.0,154.15,2,1,1,Male,2,1,3,6,Lost Customers
50160,0,0.0,New (0-3m),STANDARD RISK,3.0,3.0,147.41,5,1,1,Male,4,4,2,10,Potential Loyalists
50161,0,9.0,Established (7-12m),STANDARD RISK,7.0,5.0,121.15,2,0,1,Female,2,5,1,8,At Risk
50162,1,7.0,Established (7-12m),STANDARD RISK,0.0,1.0,131.61,3,1,1,Male,5,1,1,7,At Risk
50163,0,11.0,Established (7-12m),STANDARD RISK,2.0,1.0,157.45,2,0,1,Male,4,1,3,8,At Risk
50164,1,0.0,New (0-3m),STANDARD RISK,2.0,1.0,123.73,4,1,1,Male,4,1,1,6,Lost Customers
50165,0,1.0,New (0-3m),STANDARD RISK,2.0,1.0,133.1,2,0,1,Female,4,1,1,6,Lost Customers
50166,0,22.0,Mature (13-24m),STANDARD RISK,2.0,1.0,286.65,5,1,1,Female,4,1,5,10,Potential Loyalists
50167,0,9.0,Established (7-12m),STANDARD RISK,7.0,7.0,144.85,4,0,1,Male,2,5,2,9,At Risk
50168,0,4.0,Growing (4-6m),STANDARD RISK,2.0,2.0,127.89,4,0,3,Female,4,2,1,7,At Risk
50169,1,0.0,New (0-3m),CRITICAL RISK,4.0,7.0,158.28,2,1,3,Male,3,5,3,11,Potential Loyalists
50170,0,10.0,Established (7-12m),STANDARD RISK,2.0,1.0,123.26,2,1,1,Male,4,1,1,6,Lost Customers
50171,0,15.0,Mature (13-24m),LOW RISK,8.0,2.0,235.25,4,0,3,Female,2,2,5,9,At Risk
50172,1,9.0,Established (7-12m),STANDARD RISK,0.0,1.0,114.2,3,0,1,Male,5,1,1,7,At Risk
50173,0,8.0,Established (7-12m),STANDARD RISK,9.0,6.0,180.2,4,0,3,Male,1,5,4,10,Potential Loyalists
50174,0,9.0,Established (7-12m),STANDARD RISK,0.0,1.0,136.88,2,0,1,Male,5,1,1,7,At Risk
50175,0,24.0,Mature (13-24m),LOW RISK,2.0,1.0,154.82,4,0,1,Male,4,1,3,8,At Risk
50176,0,14.0,Mature (13-24m),LOW RISK,4.0,2.0,260.15,4,0,3,Male,3,2,5,10,Potential Loyalists
50177,0,0.0,New (0-3m),STANDARD RISK,0.0,1.0,112.0,3,0,3,Female,5,1,1,7,At Risk
50178,0,1.0,New (0-3m),STANDARD RISK,7.0,1.0,156.61,5,0,1,Male,2,1,3,6,Lost Customers
50179,0,4.0,Growing (4-6m),MEDIUM RISK,7.0,7.0,169.29,2,0,3,Male,2,5,3,10,Potential Loyalists
50180,0,12.0,Established (7-12m),STANDARD RISK,7.0,3.0,196.13,2,0,1,Male,2,4,4,10,Potential Loyalists
50181,0,9.0,Established (7-12m),STANDARD RISK,8.0,1.0,156.74,4,0,1,Female,2,1,3,6,Lost Customers
50182,0,5.0,Growing (4-6m),STANDARD RISK,8.0,4.0,154.84,3,0,3,Male,2,4,3,9,At Risk
50183,0,11.0,Established (7-12m),STANDARD RISK,3.0,1.0,220.61,4,0,1,Female,4,1,5,10,Potential Loyalists
50184,0,30.0,Loyal (25m+),STANDARD RISK,2.0,1.0,156.6,3,1,1,Male,4,1,3,8,At Risk
50185,0,4.0,Growing (4-6m),MEDIUM RISK,3.0,1.0,148.21,2,1,1,Male,4,1,2,7,At Risk
50186,0,4.0,Growing (4-6m),STANDARD RISK,0.0,1.0,164.1,5,0,2,Male,5,1,3,9,At Risk
50187,0,18.0,Mature (13-24m),LOW RISK,11.0,9.0,152.1,5,0,1,Male,1,5,2,8,At Risk
50188,0,4.0,Growing (4-6m),MEDIUM RISK,2.0,2.0,126.95,2,1,1,Male,4,2,1,7,At Risk
50189,0,6.0,Growing (4-6m),STANDARD RISK,3.0,8.0,218.78,4,0,1,Female,4,5,5,14,Loyal Customers
50190,0,12.0,Established (7-12m),STANDARD RISK,10.0,11.0,270.68,5,1,1,Male,1,5,5,11,Potential Loyalists
50191,0,16.0,Mature (13-24m),STANDARD RISK,7.0,1.0,124.55,2,0,1,Female,2,1,1,4,Lost Customers
50192,0,22.0,Mature (13-24m),STANDARD RISK,7.0,2.0,239.64,3,1,1,Female,2,2,5,9,At Risk
50193,1,15.0,Mature (13-24m),LOW RISK,7.0,7.0,149.41,4,0,1,Male,2,5,2,9,At Risk
50194,0,0.0,New (0-3m),STANDARD RISK,2.0,1.0,124.78,4,1,1,Female,4,1,1,6,Lost Customers
50195,0,5.0,Growing (4-6m),STANDARD RISK,9.0,11.0,152.28,4,1,3,Female,1,5,2,8,At Risk
50196,0,0.0,New (0-3m),STANDARD RISK,4.0,1.0,144.78,3,1,3,Male,3,1,2,6,Lost Customers
50197,0,4.0,Growing (4-6m),MEDIUM RISK,7.0,1.0,175.47,2,0,3,Male,2,1,4,7,At Risk
50198,0,5.0,Growing (4-6m),MEDIUM RISK,7.0,1.0,150.55,2,0,1,Female,2,1,2,5,Lost Customers
50199,1,0.0,New (0-3m),CRITICAL RISK,2.0,2.0,134.64,2,1,1,Male,4,2,1,7,At Risk
50200,0,3.0,New (0-3m),STANDARD RISK,9.0,1.0,157.75,2,0,1,Female,1,1,3,5,Lost Customers
50201,0,4.0,Growing (4-6m),STANDARD RISK,9.0,8.0,189.43,3,0,1,Female,1,5,4,10,Potential Loyalists
50202,0,12.0,Established (7-12m),STANDARD RISK,3.0,13.0,292.72,2,0,1,Male,4,5,5,14,Loyal Customers
50203,1,2.0,New (0-3m),STANDARD RISK,0.0,1.0,152.38,3,1,3,Female,5,1,2,8,At Risk
50204,0,6.0,Growing (4-6m),MEDIUM RISK,1.0,1.0,146.82,2,0,3,Male,5,1,2,8,At Risk
50205,0,20.0,Mature (13-24m),STANDARD RISK,1.0,1.0,283.0,3,0,1,Male,5,1,5,11,Potential Loyalists
50206,0,16.0,Mature (13-24m),STANDARD RISK,0.0,1.0,152.57,3,0,1,Female,5,1,2,8,At Risk
50207,0,0.0,New (0-3m),STANDARD RISK,4.0,1.0,163.49,4,1,3,Male,3,1,3,7,At Risk
50208,0,27.0,Loyal (25m+),STANDARD RISK,3.0,1.0,148.69,3,0,1,Female,4,1,2,7,At Risk
50209,0,16.0,Mature (13-24m),LOW RISK,0.0,1.0,199.85,5,0,1,Female,5,1,4,10,Potential Loyalists
50210,0,18.0,Mature (13-24m),STANDARD RISK,8.0,9.0,136.97,2,0,1,Male,2,5,1,8,At Risk
50211,0,13.0,Mature (13-24m),STANDARD RISK,2.0,1.0,174.57,2,1,3,Male,4,1,4,9,At Risk
50212,1,9.0,Established (7-12m),STANDARD RISK,7.0,1.0,121.19,5,1,1,Male,2,1,1,4,Lost Customers
50213,0,2.0,New (0-3m),STANDARD RISK,2.0,2.0,139.83,2,0,1,Male,4,2,1,7,At Risk
50214,0,3.0,New (0-3m),STANDARD RISK,2.0,1.0,161.18,3,0,3,Female,4,1,3,8,At Risk
50215,0,0.0,New (0-3m),STANDARD RISK,7.0,1.0,162.14,4,0,3,Female,2,1,3,6,Lost Customers
50216,0,10.0,Established (7-12m),STANDARD RISK,4.0,1.0,163.47,2,0,1,Male,3,1,3,7,At Risk
50217,0,11.0,Established (7-12m),STANDARD RISK,3.0,2.0,215.1,2,1,1,Male,4,2,5,11,Potential Loyalists
50218,0,4.0,Growing (4-6m),MEDIUM RISK,10.0,4.0,171.43,2,1,1,Female,1,4,3,8,At Risk
50219,0,2.0,New (0-3m),STANDARD RISK,7.0,1.0,182.68,4,1,3,Female,2,1,4,7,At Risk
50220,0,8.0,Established (7-12m),STANDARD RISK,13.0,1.0,180.95,4,0,1,Male,1,1,4,6,Lost Customers
50221,0,0.0,New (0-3m),STANDARD RISK,2.0,1.0,129.04,2,0,1,Male,4,1,1,6,Lost Customers
50222,0,14.0,Mature (13-24m),STANDARD RISK,2.0,1.0,160.32,4,1,1,Male,4,1,3,8,At Risk
50223,0,20.0,Mature (13-24m),STANDARD RISK,0.0,1.0,129.76,3,0,3,Male,5,1,1,7,At Risk
50224,0,15.0,Mature (13-24m),STANDARD RISK,0.0,2.0,259.92,2,0,1,Female,5,2,5,12,Potential Loyalists
50225,0,2.0,New (0-3m),STANDARD RISK,2.0,1.0,146.49,3,0,3,Male,4,1,2,7,At Risk
50226,0,15.0,Mature (13-24m),STANDARD RISK,0.0,1.0,126.96,3,1,2,Male,5,1,1,7,At Risk
50227,0,5.0,Growing (4-6m),STANDARD RISK,7.0,1.0,123.7,4,0,1,Female,2,1,1,4,Lost Customers
50228,0,21.0,Mature (13-24m),STANDARD RISK,3.0,1.0,225.04,3,0,3,Female,4,1,5,10,Potential Loyalists
50229,0,10.0,Established (7-12m),STANDARD RISK,7.0,6.0,159.74,5,1,1,Male,2,5,3,10,Potential Loyalists
50230,0,3.0,New (0-3m),STANDARD RISK,2.0,2.0,147.36,3,1,3,Female,4,2,2,8,At Risk
50231,0,0.0,New (0-3m),STANDARD RISK,7.0,7.0,152.96,3,0,3,Male,2,5,2,9,At Risk
50232,0,15.0,Mature (13-24m),STANDARD RISK,0.0,1.0,167.81,2,0,1,Male,5,1,3,9,At Risk
50233,1,9.0,Established (7-12m),STANDARD RISK,2.0,1.0,121.74,4,1,3,Female,4,1,1,6,Lost Customers
50234,0,9.0,Established (7-12m),STANDARD RISK,0.0,1.0,166.53,2,0,3,Female,5,1,3,9,At Risk
50235,0,9.0,Established (7-12m),STANDARD RISK,12.0,1.0,196.99,2,0,3,Male,1,1,4,6,Lost Customers
50236,0,30.0,Loyal (25m+),STANDARD RISK,2.0,1.0,167.55,3,0,1,Male,4,1,3,8,At Risk
50237,0,9.0,Established (7-12m),STANDARD RISK,7.0,1.0,122.13,3,1,1,Female,2,1,1,4,Lost Customers
50238,0,0.0,New (0-3m),STANDARD RISK,2.0,2.0,126.1,2,0,3,Male,4,2,1,7,At Risk
50239,1,0.0,New (0-3m),STANDARD RISK,0.0,1.0,128.51,3,1,3,Female,5,1,1,7,At Risk
50240,0,10.0,Established (7-12m),STANDARD RISK,3.0,1.0,134.52,5,0,1,Female,4,1,1,6,Lost Customers
50241,0,19.0,Mature (13-24m),STANDARD RISK,0.0,1.0,152.58,3,0,1,Female,5,1,2,8,At Risk
50242,1,4.0,Growing (4-6m),STANDARD RISK,7.0,7.0,193.55,4,0,3,Male,2,5,4,11,Potential Loyalists
50243,0,23.0,Mature (13-24m),STANDARD RISK,3.0,1.0,204.96,2,0,1,Male,4,1,4,9,At Risk
50244,1,3.0,New (0-3m),STANDARD RISK,0.0,1.0,163.8,3,1,3,Male,5,1,3,9,At Risk
50245,0,4.0,Growing (4-6m),STANDARD RISK,2.0,2.0,126.57,4,1,1,Male,4,2,1,7,At Risk
50246,1,0.0,New (0-3m),STANDARD RISK,0.0,1.0,127.16,4,0,3,Female,5,1,1,7,At Risk
50247,0,9.0,Established (7-12m),STANDARD RISK,2.0,1.0,122.01,2,0,1,Male,4,1,1,6,Lost Customers
50248,0,8.0,Established (7-12m),STANDARD RISK,0.0,1.0,165.4,4,0,1,Male,5,1,3,9,At Risk
50249,0,0.0,New (0-3m),STANDARD RISK,4.0,1.0,138.16,4,0,1,Male,3,1,1,5,Lost Customers
50250,0,1.0,New (0-3m),STANDARD RISK,7.0,1.0,152.53,2,0,3,Male,2,1,2,5,Lost Customers
50251,0,22.0,Mature (13-24m),STANDARD RISK,0.0,1.0,145.0,3,0,1,Male,5,1,2,8,At Risk
50252,0,24.0,Mature (13-24m),STANDARD RISK,7.0,1.0,149.36,2,0,3,Female,2,1,2,5,Lost Customers
50253,0,9.0,Established (7-12m),STANDARD RISK,2.0,2.0,125.43,3,0,1,Female,4,2,1,7,At Risk
50254,1,0.0,New (0-3m),CRITICAL RISK,4.0,1.0,153.04,2,1,3,Male,3,1,2,6,Lost Customers
50255,0,28.0,Loyal (25m+),STANDARD RISK,2.0,1.0,266.59,2,1,1,Female,4,1,5,10,Potential Loyalists
50256,0,0.0,New (0-3m),STANDARD RISK,3.0,1.0,142.6,3,1,3,Female,4,1,2,7,At Risk
50257,0,3.0,New (0-3m),STANDARD RISK,0.0,1.0,124.76,4,0,3,Male,5,1,1,7,At Risk
50258,1,0.0,New (0-3m),STANDARD RISK,4.0,1.0,131.02,5,0,1,Male,3,1,1,5,Lost Customers
50259,0,9.0,Established (7-12m),STANDARD RISK,2.0,1.0,122.44,4,0,1,Female,4,1,1,6,Lost Customers
50260,0,9.0,Established (7-12m),STANDARD RISK,0.0,9.0,175.96,3,0,3,Male,5,5,4,14,Loyal Customers
50261,1,9.0,Established (7-12m),STANDARD RISK,0.0,1.0,122.85,2,1,1,Male,5,1,1,7,At Risk
50262,0,10.0,Established (7-12m),STANDARD RISK,17.0,12.0,130.34,5,0,1,Female,1,5,1,7,At Risk
50263,0,13.0,Mature (13-24m),LOW RISK,3.0,1.0,157.15,4,0,3,Female,4,1,3,8,At Risk
50264,0,15.0,Mature (13-24m),LOW RISK,2.0,1.0,125.76,5,0,1,Female,4,1,1,6,Lost Customers
50265,0,10.0,Established (7-12m),STANDARD RISK,1.0,1.0,141.97,4,1,1,Male,5,1,2,8,At Risk
50266,0,16.0,Mature (13-24m),LOW RISK,9.0,2.0,243.36,4,0,1,Male,1,2,5,8,At Risk
50267,0,13.0,Mature (13-24m),STANDARD RISK,0.0,1.0,134.48,3,0,1,Female,5,1,1,7,At Risk
50268,0,27.0,Loyal (25m+),LOW RISK,2.0,1.0,294.06,5,0,1,Male,4,1,5,10,Potential Loyalists
50269,0,7.0,Established (7-12m),STANDARD RISK,2.0,1.0,165.38,3,0,3,Female,4,1,3,8,At Risk
50270,0,4.0,Growing (4-6m),STANDARD RISK,12.0,3.0,143.06,5,0,1,Female,1,4,2,7,At Risk
50271,0,9.0,Established (7-12m),STANDARD RISK,2.0,1.0,122.58,2,0,1,Male,4,1,1,6,Lost Customers
50272,0,16.0,Mature (13-24m),STANDARD RISK,2.0,1.0,145.22,3,1,1,Female,4,1,2,7,At Risk
50273,0,0.0,New (0-3m),CRITICAL RISK,3.0,1.0,144.87,2,1,3,Female,4,1,2,7,At Risk
50274,0,10.0,Established (7-12m),STANDARD RISK,7.0,10.0,144.49,3,1,1,Female,2,5,2,9,At Risk
50275,0,9.0,Established (7-12m),STANDARD RISK,2.0,3.0,122.18,5,0,1,Male,4,4,1,9,At Risk
50276,0,12.0,Established (7-12m),STANDARD RISK,6.0,1.0,291.97,3,1,1,Male,2,1,5,8,At Risk
50277,0,29.0,Loyal (25m+),LOW RISK,7.0,2.0,232.12,5,0,3,Female,2,2,5,9,At Risk
50278,0,3.0,New (0-3m),STANDARD RISK,4.0,4.0,165.77,3,0,3,Female,3,4,3,10,Potential Loyalists
50279,0,14.0,Mature (13-24m),LOW RISK,7.0,1.0,183.92,5,0,3,Male,2,1,4,7,At Risk
50280,0,1.0,New (0-3m),STANDARD RISK,8.0,1.0,145.58,5,0,1,Male,2,1,2,5,Lost Customers
50281,1,0.0,New (0-3m),STANDARD RISK,2.0,1.0,140.31,5,0,1,Male,4,1,1,6,Lost Customers
50282,0,25.0,Loyal (25m+),STANDARD RISK,4.0,1.0,179.69,3,1,1,Male,3,1,4,8,At Risk
50283,0,18.0,Mature (13-24m),STANDARD RISK,2.0,1.0,126.54,2,0,1,Male,4,1,1,6,Lost Customers
50284,0,25.0,Loyal (25m+),STANDARD RISK,4.0,1.0,265.55,2,0,1,Female,3,1,5,9,At Risk
50285,0,15.0,Mature (13-24m),STANDARD RISK,2.0,1.0,145.56,3,0,1,Female,4,1,2,7,At Risk
50286,0,3.0,New (0-3m),STANDARD RISK,2.0,1.0,160.91,2,0,1,Female,4,1,3,8,At Risk
50287,0,30.0,Loyal (25m+),LOW RISK,10.0,11.0,295.66,5,0,1,Female,1,5,5,11,Potential Loyalists
50288,0,19.0,Mature (13-24m),STANDARD RISK,8.0,1.0,148.1,3,0,1,Female,2,1,2,5,Lost Customers
50289,0,15.0,Mature (13-24m),STANDARD RISK,4.0,1.0,145.23,2,0,1,Female,3,1,2,6,Lost Customers
50290,1,0.0,New (0-3m),STANDARD RISK,4.0,1.0,132.02,4,1,3,Female,3,1,1,5,Lost Customers
50291,1,0.0,New (0-3m),STANDARD RISK,0.0,1.0,123.51,3,0,3,Female,5,1,1,7,At Risk
50292,0,9.0,Established (7-12m),STANDARD RISK,0.0,1.0,117.02,2,1,1,Male,5,1,1,7,At Risk
50293,0,13.0,Mature (13-24m),STANDARD RISK,12.0,1.0,280.41,3,0,3,Female,1,1,5,7,At Risk
50294,0,0.0,New (0-3m),STANDARD RISK,2.0,1.0,128.86,2,0,1,Female,4,1,1,6,Lost Customers
50295,0,9.0,Established (7-12m),STANDARD RISK,4.0,1.0,120.97,2,0,1,Male,3,1,1,5,Lost Customers
50296,0,2.0,New (0-3m),STANDARD RISK,3.0,1.0,219.35,3,0,1,Male,4,1,5,10,Potential Loyalists
50297,1,0.0,New (0-3m),STANDARD RISK,1.0,1.0,125.46,4,0,1,Female,5,1,1,7,At Risk
50298,1,0.0,New (0-3m),STANDARD RISK,0.0,1.0,125.64,2,0,2,Male,5,1,1,7,At Risk
50299,0,3.0,New (0-3m),STANDARD RISK,8.0,7.0,184.12,5,0,3,Female,2,5,4,11,Potential Loyalists
50300,0,30.0,Loyal (25m+),STANDARD RISK,0.0,2.0,241.18,2,0,3,Male,5,2,5,12,Potential Loyalists
50301,0,23.0,Mature (13-24m),STANDARD RISK,7.0,15.0,270.46,3,0,1,Male,2,5,5,12,Potential Loyalists
50302,0,3.0,New (0-3m),STANDARD RISK,7.0,6.0,125.64,2,0,1,Female,2,5,1,8,At Risk
50303,0,30.0,Loyal (25m+),LOW RISK,11.0,13.0,202.66,5,0,3,Female,1,5,4,10,Potential Loyalists
50304,0,20.0,Mature (13-24m),STANDARD RISK,4.0,1.0,150.7,2,0,1,Female,3,1,2,6,Lost Customers
50305,0,19.0,Mature (13-24m),STANDARD RISK,1.0,1.0,278.61,3,0,1,Male,5,1,5,11,Potential Loyalists
50306,0,8.0,Established (7-12m),STANDARD RISK,3.0,4.0,142.3,3,0,1,Male,4,4,2,10,Potential Loyalists
50307,0,27.0,Loyal (25m+),STANDARD RISK,0.0,1.0,137.8,3,0,1,Female,5,1,1,7,At Risk
50308,0,7.0,Established (7-12m),STANDARD RISK,7.0,5.0,127.68,3,0,1,Male,2,5,1,8,At Risk
50309,0,19.0,Mature (13-24m),STANDARD RISK,2.0,1.0,190.71,2,1,3,Female,4,1,4,9,At Risk
50310,0,4.0,Growing (4-6m),STANDARD RISK,8.0,1.0,206.48,4,0,1,Male,2,1,4,7,At Risk
50311,1,0.0,New (0-3m),STANDARD RISK,7.0,2.0,236.1,3,1,1,Male,2,2,5,9,At Risk
50312,1,0.0,New (0-3m),STANDARD RISK,3.0,1.0,134.08,2,0,1,Male,4,1,1,6,Lost Customers
50313,0,3.0,New (0-3m),STANDARD RISK,2.0,1.0,129.83,4,0,3,Male,4,1,1,6,Lost Customers
50314,0,8.0,Established (7-12m),STANDARD RISK,0.0,1.0,176.32,3,1,1,Male,5,1,4,10,Potential Loyalists
50315,1,0.0,New (0-3m),STANDARD RISK,0.0,1.0,198.24,3,0,1,Male,5,1,4,10,Potential Loyalists
50316,1,0.0,New (0-3m),STANDARD RISK,2.0,1.0,199.5,5,1,2,Female,4,1,4,9,At Risk
50317,0,9.0,Established (7-12m),STANDARD RISK,0.0,2.0,120.93,3,0,1,Male,5,2,1,8,At Risk
50318,0,9.0,Established (7-12m),STANDARD RISK,7.0,9.0,199.8,2,0,3,Male,2,5,4,11,Potential Loyalists
50319,1,0.0,New (0-3m),STANDARD RISK,2.0,1.0,138.94,3,0,1,Male,4,1,1,6,Lost Customers
50320,0,21.0,Mature (13-24m),STANDARD RISK,7.0,6.0,140.51,2,0,3,Female,2,5,1,8,At Risk
50321,0,28.0,Loyal (25m+),LOW RISK,7.0,7.0,268.35,4,0,3,Female,2,5,5,12,Potential Loyalists
50322,0,14.0,Mature (13-24m),STANDARD RISK,10.0,1.0,162.3,2,0,3,Male,1,1,3,5,Lost Customers
50323,0,8.0,Established (7-12m),STANDARD RISK,9.0,6.0,147.17,3,0,3,Male,1,5,2,8,At Risk
50324,0,13.0,Mature (13-24m),STANDARD RISK,13.0,2.0,232.37,3,0,1,Female,1,2,5,8,At Risk
50325,0,12.0,Established (7-12m),STANDARD RISK,7.0,1.0,137.55,3,0,1,Female,2,1,1,4,Lost Customers
50326,0,4.0,Growing (4-6m),MEDIUM RISK,5.0,1.0,165.82,2,1,3,Male,2,1,3,6,Lost Customers
50327,0,15.0,Mature (13-24m),STANDARD RISK,8.0,5.0,174.06,5,1,1,Male,2,5,4,11,Potential Loyalists
50328,0,18.0,Mature (13-24m),LOW RISK,7.0,3.0,148.05,4,0,3,Male,2,4,2,8,At Risk
50329,1,0.0,New (0-3m),STANDARD RISK,0.0,1.0,127.41,3,1,2,Female,5,1,1,7,At Risk
50330,0,2.0,New (0-3m),STANDARD RISK,2.0,1.0,142.62,2,0,1,Male,4,1,2,7,At Risk
50331,0,6.0,Growing (4-6m),STANDARD RISK,5.0,1.0,261.84,3,0,1,Female,2,1,5,8,At Risk
50332,0,0.0,New (0-3m),STANDARD RISK,3.0,1.0,215.57,2,0,3,Male,4,1,5,10,Potential Loyalists
50333,1,9.0,Established (7-12m),STANDARD RISK,0.0,1.0,118.78,4,1,3,Male,5,1,1,7,At Risk
50334,0,13.0,Mature (13-24m),LOW RISK,3.0,1.0,209.32,5,0,3,Male,4,1,5,10,Potential Loyalists
50335,0,14.0,Mature (13-24m),STANDARD RISK,7.0,1.0,168.11,3,1,1,Female,2,1,3,6,Lost Customers
50336,0,0.0,New (0-3m),STANDARD RISK,0.0,1.0,143.06,3,0,3,Male,5,1,2,8,At Risk
50337,0,8.0,Established (7-12m),STANDARD RISK,3.0,1.0,148.59,3,0,3,Female,4,1,2,7,At Risk
50338,0,7.0,Established (7-12m),STANDARD RISK,7.0,5.0,153.37,2,0,3,Male,2,5,2,9,At Risk
50339,1,0.0,New (0-3m),CRITICAL RISK,0.0,1.0,123.4,2,1,1,Male,5,1,1,7,At Risk
50340,0,10.0,Established (7-12m),STANDARD RISK,2.0,1.0,174.91,2,0,1,Female,4,1,4,9,At Risk
50341,0,19.0,Mature (13-24m),STANDARD RISK,2.0,1.0,205.27,3,0,1,Female,4,1,4,9,At Risk
50342,0,14.0,Mature (13-24m),LOW RISK,8.0,11.0,265.95,5,0,3,Female,2,5,5,12,Potential Loyalists
50343,0,10.0,Established (7-12m),STANDARD RISK,7.0,7.0,188.34,4,0,3,Male,2,5,4,11,Potential Loyalists
50344,0,25.0,Loyal (25m+),STANDARD RISK,9.0,6.0,155.77,5,1,1,Male,1,5,3,9,At Risk
50345,1,0.0,New (0-3m),STANDARD RISK,2.0,1.0,147.07,3,0,3,Male,4,1,2,7,At Risk
50346,0,0.0,New (0-3m),STANDARD RISK,1.0,2.0,124.0,2,0,3,Male,5,2,1,8,At Risk
50347,0,11.0,Established (7-12m),STANDARD RISK,0.0,1.0,198.24,3,0,1,Female,5,1,4,10,Potential Loyalists
50348,0,10.0,Established (7-12m),STANDARD RISK,3.0,4.0,164.47,4,0,1,Female,4,4,3,11,Potential Loyalists
50349,0,22.0,Mature (13-24m),STANDARD RISK,9.0,1.0,295.02,3,1,1,Male,1,1,5,7,At Risk
50350,0,0.0,New (0-3m),CRITICAL RISK,4.0,1.0,127.25,2,1,1,Male,3,1,1,5,Lost Customers
50351,0,0.0,New (0-3m),STANDARD RISK,4.0,1.0,162.72,4,0,3,Male,3,1,3,7,At Risk
50352,0,9.0,Established (7-12m),STANDARD RISK,0.0,1.0,121.27,4,0,1,Male,5,1,1,7,At Risk
50353,0,23.0,Mature (13-24m),LOW RISK,7.0,10.0,282.0,4,0,2,Male,2,5,5,12,Potential Loyalists
50354,0,9.0,Established (7-12m),STANDARD RISK,6.0,1.0,120.96,3,0,3,Male,2,1,1,4,Lost Customers
50355,1,0.0,New (0-3m),STANDARD RISK,2.0,1.0,128.86,3,1,1,Female,4,1,1,6,Lost Customers
50356,1,9.0,Established (7-12m),STANDARD RISK,0.0,1.0,120.33,5,0,3,Male,5,1,1,7,At Risk
50357,0,7.0,Established (7-12m),STANDARD RISK,3.0,1.0,136.22,2,1,1,Male,4,1,1,6,Lost Customers
50358,1,0.0,New (0-3m),STANDARD RISK,2.0,1.0,142.33,5,0,3,Male,4,1,2,7,At Risk
50359,0,8.0,Established (7-12m),STANDARD RISK,2.0,1.0,136.81,2,0,1,Male,4,1,1,6,Lost Customers
50360,0,4.0,Growing (4-6m),MEDIUM RISK,7.0,5.0,154.6,2,0,3,Male,2,5,3,10,Potential Loyalists
50361,0,9.0,Established (7-12m),STANDARD RISK,3.0,1.0,121.87,3,0,1,Female,4,1,1,6,Lost Customers
50362,0,10.0,Established (7-12m),STANDARD RISK,0.0,1.0,196.02,3,1,3,Male,5,1,4,10,Potential Loyalists
50363,0,0.0,New (0-3m),STANDARD RISK,0.0,1.0,128.36,4,0,1,Female,5,1,1,7,At Risk
50364,0,15.0,Mature (13-24m),STANDARD RISK,2.0,2.0,140.89,2,0,1,Female,4,2,2,8,At Risk
50365,0,16.0,Mature (13-24m),STANDARD RISK,0.0,1.0,266.27,2,1,1,Male,5,1,5,11,Potential Loyalists
50366,0,11.0,Established (7-12m),STANDARD RISK,0.0,1.0,126.19,5,0,1,Female,5,1,1,7,At Risk
50367,0,16.0,Mature (13-24m),STANDARD RISK,7.0,4.0,156.79,3,1,1,Male,2,4,3,9,At Risk
50368,0,21.0,Mature (13-24m),LOW RISK,2.0,2.0,254.02,5,0,1,Female,4,2,5,11,Potential Loyalists
50369,0,17.0,Mature (13-24m),STANDARD RISK,2.0,1.0,159.85,3,0,2,Female,4,1,3,8,At Risk
50370,0,7.0,Established (7-12m),STANDARD RISK,6.0,1.0,125.79,3,1,3,Female,2,1,1,4,Lost Customers
50371,1,0.0,New (0-3m),STANDARD RISK,2.0,1.0,130.41,5,0,3,Male,4,1,1,6,Lost Customers
50372,0,0.0,New (0-3m),STANDARD RISK,2.0,1.0,134.47,3,0,3,Male,4,1,1,6,Lost Customers
50373,0,17.0,Mature (13-24m),STANDARD RISK,1.0,1.0,295.13,2,1,1,Male,5,1,5,11,Potential Loyalists
50374,0,0.0,New (0-3m),STANDARD RISK,2.0,2.0,127.73,3,0,1,Male,4,2,1,7,At Risk
50375,0,6.0,Growing (4-6m),STANDARD RISK,2.0,1.0,171.04,3,0,3,Male,4,1,3,8,At Risk
50376,0,5.0,Growing (4-6m),MEDIUM RISK,5.0,1.0,163.22,2,1,1,Female,2,1,3,6,Lost Customers
50377,0,9.0,Established (7-12m),STANDARD RISK,0.0,1.0,120.83,3,0,1,Female,5,1,1,7,At Risk
50378,0,26.0,Loyal (25m+),LOW RISK,10.0,8.0,183.81,5,0,3,Female,1,5,4,10,Potential Loyalists
50379,0,7.0,Established (7-12m),STANDARD RISK,8.0,8.0,126.91,2,0,1,Male,2,5,1,8,At Risk
50380,1,8.0,Established (7-12m),STANDARD RISK,0.0,1.0,142.86,5,0,3,Female,5,1,2,8,At Risk
50381,0,0.0,New (0-3m),CRITICAL RISK,2.0,1.0,126.59,2,1,1,Female,4,1,1,6,Lost Customers
50382,0,10.0,Established (7-12m),STANDARD RISK,8.0,7.0,194.34,3,0,1,Male,2,5,4,11,Potential Loyalists
50383,0,2.0,New (0-3m),STANDARD RISK,2.0,1.0,155.61,3,0,3,Female,4,1,3,8,At Risk
50384,0,8.0,Established (7-12m),STANDARD RISK,8.0,11.0,166.46,2,0,1,Male,2,5,3,10,Potential Loyalists
50385,0,6.0,Growing (4-6m),MEDIUM RISK,7.0,4.0,177.25,2,0,1,Male,2,4,4,10,Potential Loyalists
50386,0,27.0,Loyal (25m+),LOW RISK,1.0,7.0,207.25,4,0,2,Male,5,5,4,14,Loyal Customers
50387,0,9.0,Established (7-12m),STANDARD RISK,2.0,1.0,188.47,4,1,1,Male,4,1,4,9,At Risk
50388,0,9.0,Established (7-12m),STANDARD RISK,1.0,1.0,120.45,2,0,1,Male,5,1,1,7,At Risk
50389,1,0.0,New (0-3m),STANDARD RISK,1.0,1.0,110.09,3,1,1,Male,5,1,1,7,At Risk
50390,1,0.0,New (0-3m),STANDARD RISK,7.0,9.0,133.48,5,1,1,Male,2,5,1,8,At Risk
50391,0,9.0,Established (7-12m),STANDARD RISK,0.0,1.0,112.81,3,0,1,Male,5,1,1,7,At Risk
50392,0,0.0,New (0-3m),STANDARD RISK,2.0,1.0,128.19,5,0,1,Male,4,1,1,6,Lost Customers
50393,0,0.0,New (0-3m),STANDARD RISK,2.0,1.0,148.51,4,0,3,Male,4,1,2,7,At Risk
50394,0,11.0,Established (7-12m),STANDARD RISK,5.0,1.0,140.28,2,0,3,Female,2,1,1,4,Lost Customers
50395,0,2.0,New (0-3m),STANDARD RISK,8.0,2.0,127.2,2,0,1,Male,2,2,1,5,Lost Customers
50396,0,21.0,Mature (13-24m),LOW RISK,2.0,2.0,181.2,4,0,3,Male,4,2,4,10,Potential Loyalists
50397,0,0.0,New (0-3m),CRITICAL RISK,4.0,1.0,146.47,2,1,3,Female,3,1,2,6,Lost Customers
50398,0,10.0,Established (7-12m),STANDARD RISK,0.0,1.0,146.8,2,0,1,Male,5,1,2,8,At Risk
50399,0,23.0,Mature (13-24m),STANDARD RISK,8.0,3.0,132.21,3,1,1,Male,2,4,1,7,At Risk
50400,0,7.0,Established (7-12m),STANDARD RISK,7.0,7.0,186.21,4,0,1,Female,2,5,4,11,Potential Loyalists
50401,1,0.0,New (0-3m),STANDARD RISK,0.0,2.0,145.77,3,0,3,Female,5,2,2,9,At Risk
50402,0,12.0,Established (7-12m),STANDARD RISK,10.0,11.0,145.53,3,0,1,Female,1,5,2,8,At Risk
50403,0,5.0,Growing (4-6m),MEDIUM RISK,8.0,1.0,153.96,2,0,3,Male,2,1,3,6,Lost Customers
50404,1,13.0,Mature (13-24m),STANDARD RISK,3.0,1.0,167.96,3,1,3,Male,4,1,3,8,At Risk
50405,0,11.0,Established (7-12m),STANDARD RISK,8.0,1.0,176.25,2,0,1,Female,2,1,4,7,At Risk
50406,0,0.0,New (0-3m),STANDARD RISK,7.0,1.0,174.12,5,0,1,Female,2,1,4,7,At Risk
50407,0,5.0,Growing (4-6m),MEDIUM RISK,3.0,7.0,211.59,2,0,1,Female,4,5,5,14,Loyal Customers
50408,0,20.0,Mature (13-24m),LOW RISK,7.0,1.0,149.6,5,0,3,Male,2,1,2,5,Lost Customers
50409,0,13.0,Mature (13-24m),STANDARD RISK,12.0,1.0,204.75,5,1,3,Male,1,1,4,6,Lost Customers
50410,0,26.0,Loyal (25m+),STANDARD RISK,3.0,2.0,248.14,3,0,1,Male,4,2,5,11,Potential Loyalists
50411,0,14.0,Mature (13-24m),STANDARD RISK,6.0,12.0,291.41,2,0,2,Male,2,5,5,12,Potential Loyalists
50412,0,30.0,Loyal (25m+),LOW RISK,2.0,2.0,154.05,5,0,3,Male,4,2,3,9,At Risk
50413,0,0.0,New (0-3m),STANDARD RISK,7.0,1.0,187.93,5,0,1,Male,2,1,4,7,At Risk
50414,0,14.0,Mature (13-24m),STANDARD RISK,10.0,2.0,291.89,3,0,2,Male,1,2,5,8,At Risk
50415,0,23.0,Mature (13-24m),LOW RISK,2.0,2.0,138.75,4,0,3,Male,4,2,1,7,At Risk
50416,1,9.0,Established (7-12m),STANDARD RISK,7.0,3.0,122.16,4,1,1,Female,2,4,1,7,At Risk
50417,0,9.0,Established (7-12m),STANDARD RISK,3.0,1.0,217.13,5,0,1,Female,4,1,5,10,Potential Loyalists
50418,0,11.0,Established (7-12m),STANDARD RISK,0.0,1.0,178.61,3,1,1,Female,5,1,4,10,Potential Loyalists
50419,0,17.0,Mature (13-24m),STANDARD RISK,4.0,1.0,137.08,3,0,1,Male,3,1,1,5,Lost Customers
50420,0,20.0,Mature (13-24m),STANDARD RISK,13.0,2.0,237.7,3,1,3,Female,1,2,5,8,At Risk
50421,0,3.0,New (0-3m),STANDARD RISK,7.0,7.0,153.04,2,0,3,Male,2,5,2,9,At Risk
50422,0,2.0,New (0-3m),STANDARD RISK,0.0,1.0,126.42,3,0,3,Male,5,1,1,7,At Risk
50423,1,5.0,Growing (4-6m),STANDARD RISK,2.0,2.0,127.59,3,1,1,Male,4,2,1,7,At Risk
50424,0,16.0,Mature (13-24m),STANDARD RISK,2.0,2.0,168.04,2,0,3,Male,4,2,3,9,At Risk
50425,0,7.0,Established (7-12m),STANDARD RISK,3.0,4.0,161.42,3,0,1,Female,4,4,3,11,Potential Loyalists
50426,0,0.0,New (0-3m),STANDARD RISK,2.0,1.0,125.0,5,0,1,Male,4,1,1,6,Lost Customers
50427,0,12.0,Established (7-12m),STANDARD RISK,6.0,3.0,163.89,4,0,2,Female,2,4,3,9,At Risk
50428,0,29.0,Loyal (25m+),STANDARD RISK,3.0,1.0,211.03,2,0,1,Male,4,1,5,10,Potential Loyalists
50429,0,13.0,Mature (13-24m),STANDARD RISK,3.0,2.0,123.42,2,1,1,Female,4,2,1,7,At Risk
50430,0,0.0,New (0-3m),STANDARD RISK,7.0,1.0,168.11,5,0,1,Female,2,1,3,6,Lost Customers
50431,0,9.0,Established (7-12m),STANDARD RISK,2.0,2.0,122.97,4,0,3,Male,4,2,1,7,At Risk
50432,0,26.0,Loyal (25m+),STANDARD RISK,2.0,2.0,124.5,2,0,1,Male,4,2,1,7,At Risk
50433,0,8.0,Established (7-12m),STANDARD RISK,0.0,1.0,150.93,5,0,1,Female,5,1,2,8,At Risk
50434,0,5.0,Growing (4-6m),MEDIUM RISK,7.0,4.0,153.09,2,0,1,Male,2,4,2,8,At Risk
50435,0,11.0,Established (7-12m),STANDARD RISK,1.0,1.0,130.57,3,1,1,Male,5,1,1,7,At Risk
50436,0,7.0,Established (7-12m),STANDARD RISK,0.0,1.0,151.21,5,0,1,Female,5,1,2,8,At Risk
50437,0,25.0,Loyal (25m+),LOW RISK,16.0,1.0,268.56,5,0,3,Male,1,1,5,7,At Risk
50438,1,0.0,New (0-3m),CRITICAL RISK,8.0,7.0,126.86,2,1,1,Male,2,5,1,8,At Risk
50439,0,0.0,New (0-3m),STANDARD RISK,4.0,1.0,161.8,2,0,3,Female,3,1,3,7,At Risk
50440,0,18.0,Mature (13-24m),STANDARD RISK,1.0,3.0,166.32,3,0,3,Male,5,4,3,12,Potential Loyalists
50441,0,0.0,New (0-3m),STANDARD RISK,2.0,1.0,135.05,3,0,1,Male,4,1,1,6,Lost Customers
50442,1,10.0,Established (7-12m),STANDARD RISK,3.0,1.0,163.97,3,1,3,Female,4,1,3,8,At Risk
50443,0,7.0,Established (7-12m),STANDARD RISK,4.0,1.0,162.74,2,0,3,Male,3,1,3,7,At Risk
50444,1,18.0,Mature (13-24m),STANDARD RISK,4.0,1.0,298.59,5,1,1,Male,3,1,5,9,At Risk
50445,0,9.0,Established (7-12m),STANDARD RISK,9.0,1.0,175.87,5,0,3,Male,1,1,4,6,Lost Customers
50446,0,25.0,Loyal (25m+),STANDARD RISK,2.0,1.0,142.58,2,0,1,Male,4,1,2,7,At Risk
50447,0,0.0,New (0-3m),STANDARD RISK,0.0,2.0,143.64,2,0,1,Female,5,2,2,9,At Risk
50448,0,2.0,New (0-3m),STANDARD RISK,1.0,1.0,143.35,3,0,1,Female,5,1,2,8,At Risk
50449,1,0.0,New (0-3m),STANDARD RISK,2.0,1.0,153.26,5,0,3,Male,4,1,2,7,At Risk
50450,0,7.0,Established (7-12m),STANDARD RISK,3.0,1.0,132.8,2,0,1,Female,4,1,1,6,Lost Customers
50451,0,27.0,Loyal (25m+),STANDARD RISK,4.0,1.0,154.85,5,1,1,Female,3,1,3,7,At Risk
50452,0,2.0,New (0-3m),STANDARD RISK,1.0,1.0,143.42,2,0,3,Male,5,1,2,8,At Risk
50453,0,10.0,Established (7-12m),STANDARD RISK,3.0,4.0,127.82,5,1,1,Female,4,4,1,9,At Risk
50454,0,11.0,Established (7-12m),STANDARD RISK,12.0,4.0,159.8,5,1,1,Female,1,4,3,8,At Risk
50455,0,7.0,Established (7-12m),STANDARD RISK,3.0,1.0,143.81,5,0,1,Female,4,1,2,7,At Risk
50456,0,8.0,Established (7-12m),STANDARD RISK,2.0,1.0,125.72,2,0,3,Female,4,1,1,6,Lost Customers
50457,0,3.0,New (0-3m),STANDARD RISK,2.0,1.0,138.33,3,0,1,Male,4,1,1,6,Lost Customers
50458,0,13.0,Mature (13-24m),LOW RISK,7.0,3.0,142.44,4,0,1,Female,2,4,2,8,At Risk
50459,0,7.0,Established (7-12m),STANDARD RISK,2.0,1.0,165.0,5,0,3,Female,4,1,3,8,At Risk
50460,0,15.0,Mature (13-24m),STANDARD RISK,9.0,14.0,284.3,2,0,1,Male,1,5,5,11,Potential Loyalists
50461,1,9.0,Established (7-12m),STANDARD RISK,0.0,1.0,116.01,5,1,1,Male,5,1,1,7,At Risk
50462,0,0.0,New (0-3m),STANDARD RISK,0.0,1.0,126.94,4,0,1,Male,5,1,1,7,At Risk
50463,0,25.0,Loyal (25m+),STANDARD RISK,4.0,1.0,131.49,3,0,1,Female,3,1,1,5,Lost Customers
50464,0,23.0,Mature (13-24m),STANDARD RISK,3.0,1.0,276.39,3,0,1,Male,4,1,5,10,Potential Loyalists
50465,1,0.0,New (0-3m),STANDARD RISK,0.0,1.0,123.19,5,1,1,Female,5,1,1,7,At Risk
50466,0,6.0,Growing (4-6m),STANDARD RISK,3.0,3.0,216.91000000000005,3,0,1,Male,4,4,5,13,Loyal Customers
50467,1,0.0,New (0-3m),STANDARD RISK,2.0,1.0,153.24,5,0,3,Female,4,1,2,7,At Risk
50468,0,20.0,Mature (13-24m),STANDARD RISK,0.0,3.0,267.52,2,1,1,Female,5,4,5,14,Loyal Customers
50469,0,9.0,Established (7-12m),STANDARD RISK,5.0,1.0,152.28,4,0,1,Female,2,1,2,5,Lost Customers
50470,0,2.0,New (0-3m),STANDARD RISK,7.0,1.0,127.0,3,0,1,Male,2,1,1,4,Lost Customers
50471,1,20.0,Mature (13-24m),STANDARD RISK,8.0,13.0,292.46,4,1,1,Male,2,5,5,12,Potential Loyalists
50472,0,8.0,Established (7-12m),STANDARD RISK,2.0,2.0,125.06,3,0,1,Female,4,2,1,7,At Risk
50473,0,15.0,Mature (13-24m),STANDARD RISK,2.0,1.0,160.62,2,1,1,Female,4,1,3,8,At Risk
50474,1,0.0,New (0-3m),STANDARD RISK,1.0,2.0,143.82,3,0,1,Male,5,2,2,9,At Risk
50475,0,9.0,Established (7-12m),STANDARD RISK,4.0,1.0,121.43,4,0,2,Male,3,1,1,5,Lost Customers
50476,0,5.0,Growing (4-6m),STANDARD RISK,8.0,6.0,161.62,3,0,1,Female,2,5,3,10,Potential Loyalists
50477,0,13.0,Mature (13-24m),STANDARD RISK,0.0,1.0,150.94,3,0,1,Male,5,1,2,8,At Risk
50478,0,3.0,New (0-3m),CRITICAL RISK,0.0,1.0,168.77,2,1,1,Female,5,1,3,9,At Risk
50479,0,9.0,Established (7-12m),STANDARD RISK,0.0,1.0,122.74,3,0,1,Female,5,1,1,7,At Risk
50480,0,15.0,Mature (13-24m),LOW RISK,8.0,7.0,144.34,4,0,1,Male,2,5,2,9,At Risk
50481,0,11.0,Established (7-12m),STANDARD RISK,2.0,1.0,162.88,5,0,1,Male,4,1,3,8,At Risk
50482,0,7.0,Established (7-12m),STANDARD RISK,3.0,1.0,125.53,2,0,1,Female,4,1,1,6,Lost Customers
50483,1,12.0,Established (7-12m),STANDARD RISK,7.0,7.0,176.54,2,0,3,Female,2,5,4,11,Potential Loyalists
50484,1,18.0,Mature (13-24m),STANDARD RISK,3.0,7.0,151.6,2,0,3,Male,4,5,2,11,Potential Loyalists
50485,0,16.0,Mature (13-24m),LOW RISK,0.0,1.0,271.59,5,0,1,Male,5,1,5,11,Potential Loyalists
50486,0,0.0,New (0-3m),CRITICAL RISK,3.0,1.0,228.08,2,1,1,Male,4,1,5,10,Potential Loyalists
50487,0,8.0,Established (7-12m),STANDARD RISK,6.0,1.0,202.21,3,0,1,Male,2,1,4,7,At Risk
50488,0,1.0,New (0-3m),STANDARD RISK,5.0,7.0,147.79,4,1,3,Female,2,5,2,9,At Risk
50489,0,7.0,Established (7-12m),STANDARD RISK,2.0,1.0,137.37,2,0,2,Male,4,1,1,6,Lost Customers
50490,1,0.0,New (0-3m),STANDARD RISK,7.0,1.0,123.66,3,1,1,Female,2,1,1,4,Lost Customers
50491,0,9.0,Established (7-12m),STANDARD RISK,0.0,1.0,117.06,2,0,1,Male,5,1,1,7,At Risk
50492,0,24.0,Mature (13-24m),STANDARD RISK,17.0,4.0,263.07,3,0,3,Female,1,4,5,10,Potential Loyalists
50493,0,17.0,Mature (13-24m),LOW RISK,3.0,2.0,159.33,4,0,1,Male,4,2,3,9,At Risk
50494,0,0.0,New (0-3m),STANDARD RISK,1.0,1.0,134.24,5,0,1,Male,5,1,1,7,At Risk
50495,0,6.0,Growing (4-6m),STANDARD RISK,8.0,1.0,140.37,5,0,3,Male,2,1,1,4,Lost Customers
50496,0,8.0,Established (7-12m),STANDARD RISK,1.0,1.0,125.59,5,0,1,Female,5,1,1,7,At Risk
50497,0,9.0,Established (7-12m),STANDARD RISK,11.0,4.0,162.01,2,1,3,Male,1,4,3,8,At Risk
50498,0,5.0,Growing (4-6m),MEDIUM RISK,3.0,1.0,144.03,2,0,3,Male,4,1,2,7,At Risk
50499,0,3.0,New (0-3m),STANDARD RISK,3.0,1.0,137.61,2,0,1,Male,4,1,1,6,Lost Customers
50500,0,26.0,Loyal (25m+),STANDARD RISK,3.0,1.0,209.34,2,1,3,Female,4,1,5,10,Potential Loyalists
50501,0,18.0,Mature (13-24m),STANDARD RISK,2.0,1.0,207.61,5,1,3,Male,4,1,4,9,At Risk
50502,0,5.0,Growing (4-6m),STANDARD RISK,3.0,1.0,151.75,3,0,1,Female,4,1,2,7,At Risk
50503,0,25.0,Loyal (25m+),STANDARD RISK,0.0,2.0,238.26,2,0,1,Female,5,2,5,12,Potential Loyalists
50504,0,10.0,Established (7-12m),STANDARD RISK,0.0,1.0,163.34,3,0,3,Male,5,1,3,9,At Risk
50505,0,1.0,New (0-3m),STANDARD RISK,4.0,1.0,149.36,2,0,2,Male,3,1,2,6,Lost Customers
50506,0,0.0,New (0-3m),STANDARD RISK,2.0,2.0,147.75,2,0,1,Male,4,2,2,8,At Risk
50507,0,17.0,Mature (13-24m),STANDARD RISK,2.0,1.0,128.18,2,1,1,Male,4,1,1,6,Lost Customers
50508,0,15.0,Mature (13-24m),STANDARD RISK,2.0,2.0,125.15,2,1,1,Male,4,2,1,7,At Risk
50509,0,9.0,Established (7-12m),STANDARD RISK,3.0,1.0,123.42,5,0,2,Male,4,1,1,6,Lost Customers
50510,0,0.0,New (0-3m),STANDARD RISK,3.0,1.0,141.94,5,1,3,Male,4,1,2,7,At Risk
50511,0,8.0,Established (7-12m),STANDARD RISK,15.0,5.0,206.85,3,1,1,Female,1,5,4,10,Potential Loyalists
50512,1,9.0,Established (7-12m),STANDARD RISK,8.0,7.0,120.22,4,1,1,Female,2,5,1,8,At Risk
50513,0,5.0,Growing (4-6m),MEDIUM RISK,2.0,1.0,123.14,2,0,1,Male,4,1,1,6,Lost Customers
50514,0,0.0,New (0-3m),STANDARD RISK,3.0,1.0,142.56,5,0,3,Male,4,1,2,7,At Risk
50515,0,22.0,Mature (13-24m),LOW RISK,2.0,1.0,135.8,5,0,1,Female,4,1,1,6,Lost Customers
50516,0,0.0,New (0-3m),STANDARD RISK,4.0,3.0,131.62,2,0,1,Male,3,4,1,8,At Risk
50517,0,5.0,Growing (4-6m),STANDARD RISK,3.0,5.0,165.24,4,0,3,Male,4,5,3,12,Potential Loyalists
50518,0,11.0,Established (7-12m),STANDARD RISK,2.0,1.0,128.99,4,0,3,Male,4,1,1,6,Lost Customers
50519,0,15.0,Mature (13-24m),STANDARD RISK,3.0,1.0,152.31,2,1,1,Female,4,1,2,7,At Risk
50520,0,4.0,Growing (4-6m),MEDIUM RISK,2.0,1.0,123.56,2,1,1,Male,4,1,1,6,Lost Customers
50521,1,0.0,New (0-3m),STANDARD RISK,2.0,1.0,128.0,3,1,3,Female,4,1,1,6,Lost Customers
50522,0,26.0,Loyal (25m+),STANDARD RISK,3.0,2.0,218.36,2,0,3,Male,4,2,5,11,Potential Loyalists
50523,0,8.0,Established (7-12m),STANDARD RISK,8.0,4.0,209.03,4,0,1,Male,2,4,5,11,Potential Loyalists
50524,0,10.0,Established (7-12m),STANDARD RISK,0.0,1.0,129.73,2,0,3,Female,5,1,1,7,At Risk
50525,0,26.0,Loyal (25m+),STANDARD RISK,8.0,2.0,242.75,2,0,1,Female,2,2,5,9,At Risk
50526,0,16.0,Mature (13-24m),STANDARD RISK,2.0,2.0,155.62,2,0,1,Female,4,2,3,9,At Risk
50527,0,20.0,Mature (13-24m),STANDARD RISK,7.0,7.0,145.37,2,1,3,Female,2,5,2,9,At Risk
50528,0,10.0,Established (7-12m),STANDARD RISK,9.0,1.0,176.42,4,1,3,Male,1,1,4,6,Lost Customers
50529,0,23.0,Mature (13-24m),LOW RISK,7.0,14.0,279.24,5,0,1,Male,2,5,5,12,Potential Loyalists
50530,0,12.0,Established (7-12m),STANDARD RISK,4.0,1.0,152.04,2,0,2,Female,3,1,2,6,Lost Customers
50531,0,9.0,Established (7-12m),STANDARD RISK,3.0,1.0,122.77,4,1,2,Male,4,1,1,6,Lost Customers
50532,1,0.0,New (0-3m),CRITICAL RISK,1.0,1.0,127.95,2,1,1,Male,5,1,1,7,At Risk
50533,0,2.0,New (0-3m),STANDARD RISK,3.0,1.0,125.32,2,0,1,Female,4,1,1,6,Lost Customers
50534,0,17.0,Mature (13-24m),STANDARD RISK,1.0,7.0,125.59,5,1,1,Male,5,5,1,11,Potential Loyalists
50535,0,1.0,New (0-3m),STANDARD RISK,2.0,1.0,149.08,2,0,3,Male,4,1,2,7,At Risk
50536,1,20.0,Mature (13-24m),STANDARD RISK,0.0,1.0,123.8,2,1,1,Male,5,1,1,7,At Risk
50537,0,16.0,Mature (13-24m),LOW RISK,0.0,1.0,147.65,4,0,1,Female,5,1,2,8,At Risk
50538,1,9.0,Established (7-12m),STANDARD RISK,2.0,1.0,120.44,3,0,3,Female,4,1,1,6,Lost Customers
50539,1,0.0,New (0-3m),STANDARD RISK,0.0,1.0,126.93,2,0,1,Female,5,1,1,7,At Risk
50540,0,9.0,Established (7-12m),STANDARD RISK,11.0,4.0,165.86,2,1,1,Male,1,4,3,8,At Risk
50541,0,20.0,Mature (13-24m),STANDARD RISK,2.0,1.0,132.94,2,1,3,Female,4,1,1,6,Lost Customers
50542,1,0.0,New (0-3m),STANDARD RISK,2.0,1.0,141.71,3,1,1,Female,4,1,2,7,At Risk
50543,1,4.0,Growing (4-6m),MEDIUM RISK,0.0,1.0,127.78,2,1,1,Female,5,1,1,7,At Risk
50544,0,1.0,New (0-3m),STANDARD RISK,2.0,2.0,123.77,3,0,1,Female,4,2,1,7,At Risk
50545,1,2.0,New (0-3m),STANDARD RISK,2.0,2.0,124.04,5,1,1,Male,4,2,1,7,At Risk
50546,0,0.0,New (0-3m),STANDARD RISK,0.0,1.0,123.18,3,0,1,Female,5,1,1,7,At Risk
50547,0,9.0,Established (7-12m),STANDARD RISK,0.0,1.0,120.08,4,0,1,Male,5,1,1,7,At Risk
50548,0,15.0,Mature (13-24m),STANDARD RISK,3.0,1.0,162.44,3,0,3,Female,4,1,3,8,At Risk
50549,0,6.0,Growing (4-6m),STANDARD RISK,2.0,1.0,127.99,5,1,1,Male,4,1,1,6,Lost Customers
50550,0,30.0,Loyal (25m+),STANDARD RISK,4.0,1.0,205.52,4,1,1,Female,3,1,4,8,At Risk
50551,0,4.0,Growing (4-6m),STANDARD RISK,2.0,5.0,123.29,3,0,3,Male,4,5,1,10,Potential Loyalists
50552,0,8.0,Established (7-12m),STANDARD RISK,7.0,1.0,140.14,2,1,1,Female,2,1,1,4,Lost Customers
50553,0,22.0,Mature (13-24m),LOW RISK,7.0,1.0,174.03,4,0,1,Female,2,1,4,7,At Risk
50554,0,9.0,Established (7-12m),STANDARD RISK,0.0,1.0,122.59,3,0,1,Male,5,1,1,7,At Risk
50555,0,4.0,Growing (4-6m),STANDARD RISK,0.0,1.0,169.32,3,0,3,Female,5,1,3,9,At Risk
50556,0,9.0,Established (7-12m),STANDARD RISK,1.0,1.0,146.78,2,0,1,Male,5,1,2,8,At Risk
50557,0,11.0,Established (7-12m),STANDARD RISK,11.0,2.0,235.82,5,0,1,Female,1,2,5,8,At Risk
50558,0,5.0,Growing (4-6m),STANDARD RISK,2.0,1.0,123.32,4,0,1,Female,4,1,1,6,Lost Customers
50559,1,0.0,New (0-3m),STANDARD RISK,0.0,1.0,124.13,4,1,3,Male,5,1,1,7,At Risk
50560,0,13.0,Mature (13-24m),LOW RISK,0.0,1.0,197.05,4,0,3,Male,5,1,4,10,Potential Loyalists
50561,0,0.0,New (0-3m),STANDARD RISK,7.0,1.0,142.94,5,0,3,Male,2,1,2,5,Lost Customers
50562,0,14.0,Mature (13-24m),STANDARD RISK,17.0,2.0,147.21,5,1,1,Male,1,2,2,5,Lost Customers
50563,0,9.0,Established (7-12m),STANDARD RISK,9.0,3.0,125.19,3,0,1,Male,1,4,1,6,Lost Customers
50564,1,9.0,Established (7-12m),STANDARD RISK,0.0,1.0,121.21,4,1,3,Male,5,1,1,7,At Risk
50565,1,0.0,New (0-3m),STANDARD RISK,0.0,1.0,129.73,5,0,1,Male,5,1,1,7,At Risk
50566,0,4.0,Growing (4-6m),MEDIUM RISK,5.0,8.0,158.55,2,1,1,Female,2,5,3,10,Potential Loyalists
50567,0,13.0,Mature (13-24m),STANDARD RISK,0.0,1.0,136.17,4,1,1,Male,5,1,1,7,At Risk
50568,0,5.0,Growing (4-6m),STANDARD RISK,3.0,6.0,167.25,5,0,1,Female,4,5,3,12,Potential Loyalists
50569,1,0.0,New (0-3m),CRITICAL RISK,7.0,3.0,203.25,2,1,3,Male,2,4,4,10,Potential Loyalists
50570,0,6.0,Growing (4-6m),MEDIUM RISK,4.0,1.0,169.49,2,0,1,Female,3,1,3,7,At Risk
50571,1,0.0,New (0-3m),STANDARD RISK,7.0,11.0,206.09,3,0,3,Male,2,5,4,11,Potential Loyalists
50572,0,18.0,Mature (13-24m),LOW RISK,8.0,1.0,144.47,4,0,1,Male,2,1,2,5,Lost Customers
50573,0,9.0,Established (7-12m),STANDARD RISK,2.0,1.0,121.57,2,0,3,Female,4,1,1,6,Lost Customers
50574,0,8.0,Established (7-12m),STANDARD RISK,0.0,1.0,146.01,3,0,3,Female,5,1,2,8,At Risk
50575,0,25.0,Loyal (25m+),STANDARD RISK,8.0,7.0,270.99,2,0,1,Male,2,5,5,12,Potential Loyalists
50576,1,20.0,Mature (13-24m),STANDARD RISK,0.0,1.0,124.79,3,0,1,Male,5,1,1,7,At Risk
50577,0,26.0,Loyal (25m+),STANDARD RISK,2.0,2.0,248.52,3,0,3,Male,4,2,5,11,Potential Loyalists
50578,0,3.0,New (0-3m),STANDARD RISK,7.0,7.0,172.64,3,0,3,Male,2,5,3,10,Potential Loyalists
50579,0,11.0,Established (7-12m),STANDARD RISK,3.0,1.0,156.66,2,1,3,Female,4,1,3,8,At Risk
50580,0,8.0,Established (7-12m),STANDARD RISK,8.0,1.0,178.23,2,0,3,Male,2,1,4,7,At Risk
50581,0,12.0,Established (7-12m),STANDARD RISK,7.0,1.0,178.8,3,0,3,Male,2,1,4,7,At Risk
50582,1,3.0,New (0-3m),STANDARD RISK,0.0,2.0,231.94,4,1,3,Female,5,2,5,12,Potential Loyalists
50583,0,20.0,Mature (13-24m),STANDARD RISK,7.0,2.0,150.67,3,1,1,Male,2,2,2,6,Lost Customers
50584,0,9.0,Established (7-12m),STANDARD RISK,7.0,1.0,150.79,2,0,3,Male,2,1,2,5,Lost Customers
50585,1,0.0,New (0-3m),STANDARD RISK,2.0,1.0,123.21,5,1,1,Male,4,1,1,6,Lost Customers
50586,0,6.0,Growing (4-6m),STANDARD RISK,0.0,6.0,274.44,3,0,3,Male,5,5,5,15,Loyal Customers
50587,1,0.0,New (0-3m),STANDARD RISK,0.0,1.0,124.04,5,1,1,Female,5,1,1,7,At Risk
50588,0,6.0,Growing (4-6m),MEDIUM RISK,2.0,1.0,134.52,2,0,1,Female,4,1,1,6,Lost Customers
50589,0,9.0,Established (7-12m),STANDARD RISK,2.0,1.0,122.7,2,0,1,Female,4,1,1,6,Lost Customers
50590,0,23.0,Mature (13-24m),STANDARD RISK,3.0,1.0,273.99,2,0,1,Male,4,1,5,10,Potential Loyalists
50591,0,6.0,Growing (4-6m),STANDARD RISK,2.0,1.0,154.88,4,1,1,Female,4,1,3,8,At Risk
50592,0,14.0,Mature (13-24m),STANDARD RISK,11.0,1.0,294.19,3,0,1,Male,1,1,5,7,At Risk
50593,0,0.0,New (0-3m),STANDARD RISK,2.0,2.0,128.11,4,0,1,Female,4,2,1,7,At Risk
50594,0,18.0,Mature (13-24m),STANDARD RISK,8.0,1.0,136.33,5,1,1,Male,2,1,1,4,Lost Customers
50595,0,20.0,Mature (13-24m),STANDARD RISK,7.0,1.0,141.63,2,1,3,Female,2,1,2,5,Lost Customers
50596,1,9.0,Established (7-12m),STANDARD RISK,1.0,1.0,121.32,3,1,1,Female,5,1,1,7,At Risk
50597,0,23.0,Mature (13-24m),STANDARD RISK,5.0,2.0,239.73,3,1,1,Male,2,2,5,9,At Risk
50598,0,11.0,Established (7-12m),STANDARD RISK,2.0,1.0,126.84,3,0,1,Male,4,1,1,6,Lost Customers
50599,0,19.0,Mature (13-24m),STANDARD RISK,7.0,1.0,208.45,3,0,1,Male,2,1,4,7,At Risk
50600,0,0.0,New (0-3m),STANDARD RISK,2.0,3.0,143.77,3,0,1,Female,4,4,2,10,Potential Loyalists
50601,1,0.0,New (0-3m),STANDARD RISK,2.0,1.0,137.43,4,1,1,Male,4,1,1,6,Lost Customers
50602,0,4.0,Growing (4-6m),STANDARD RISK,3.0,1.0,141.48,5,0,1,Female,4,1,2,7,At Risk
50603,0,0.0,New (0-3m),STANDARD RISK,0.0,1.0,110.51,2,0,1,Male,5,1,1,7,At Risk
50604,0,27.0,Loyal (25m+),STANDARD RISK,8.0,1.0,207.39,3,0,1,Female,2,1,4,7,At Risk
50605,0,8.0,Established (7-12m),STANDARD RISK,1.0,10.0,203.88,3,1,1,Female,5,5,4,14,Loyal Customers
50606,0,3.0,New (0-3m),STANDARD RISK,3.0,1.0,214.16000000000005,5,1,1,Female,4,1,5,10,Potential Loyalists
50607,1,0.0,New (0-3m),STANDARD RISK,0.0,1.0,126.0,5,1,1,Female,5,1,1,7,At Risk
50608,1,0.0,New (0-3m),STANDARD RISK,2.0,1.0,124.22,4,0,1,Female,4,1,1,6,Lost Customers
50609,0,0.0,New (0-3m),STANDARD RISK,3.0,1.0,154.72,2,0,1,Male,4,1,3,8,At Risk
50610,0,0.0,New (0-3m),STANDARD RISK,1.0,1.0,124.51,5,0,1,Male,5,1,1,7,At Risk
50611,0,21.0,Mature (13-24m),STANDARD RISK,2.0,2.0,142.4,3,0,1,Male,4,2,2,8,At Risk
50612,0,21.0,Mature (13-24m),STANDARD RISK,3.0,4.0,209.99,3,0,1,Male,4,4,5,13,Loyal Customers
50613,0,14.0,Mature (13-24m),STANDARD RISK,1.0,2.0,150.03,3,0,1,Female,5,2,2,9,At Risk
50614,0,12.0,Established (7-12m),STANDARD RISK,3.0,11.0,227.42,2,0,1,Female,4,5,5,14,Loyal Customers
50615,0,0.0,New (0-3m),STANDARD RISK,2.0,2.0,142.27,2,0,1,Female,4,2,2,8,At Risk
50616,0,8.0,Established (7-12m),STANDARD RISK,2.0,1.0,139.17,2,0,1,Male,4,1,1,6,Lost Customers
50617,0,15.0,Mature (13-24m),STANDARD RISK,0.0,1.0,283.03,3,0,3,Male,5,1,5,11,Potential Loyalists
50618,0,23.0,Mature (13-24m),STANDARD RISK,0.0,1.0,123.8,2,0,1,Male,5,1,1,7,At Risk
50619,0,30.0,Loyal (25m+),STANDARD RISK,3.0,2.0,237.26,2,1,1,Female,4,2,5,11,Potential Loyalists
50620,1,0.0,New (0-3m),STANDARD RISK,0.0,1.0,147.77,4,0,1,Female,5,1,2,8,At Risk
50621,0,28.0,Loyal (25m+),STANDARD RISK,7.0,6.0,163.85,4,1,1,Male,2,5,3,10,Potential Loyalists
50622,0,14.0,Mature (13-24m),STANDARD RISK,10.0,5.0,299.73,3,0,1,Female,1,5,5,11,Potential Loyalists
50623,0,11.0,Established (7-12m),STANDARD RISK,0.0,1.0,168.61,2,1,3,Male,5,1,3,9,At Risk
50624,1,0.0,New (0-3m),STANDARD RISK,2.0,2.0,149.69,5,0,3,Male,4,2,2,8,At Risk
50625,1,15.0,Mature (13-24m),STANDARD RISK,9.0,6.0,298.45,2,0,3,Female,1,5,5,11,Potential Loyalists
50626,0,17.0,Mature (13-24m),STANDARD RISK,11.0,2.0,233.2,2,1,3,Female,1,2,5,8,At Risk
50627,0,23.0,Mature (13-24m),STANDARD RISK,13.0,1.0,163.47,3,0,3,Female,1,1,3,5,Lost Customers
50628,1,0.0,New (0-3m),STANDARD RISK,14.0,15.0,127.43,5,0,1,Female,1,5,1,7,At Risk
50629,0,12.0,Established (7-12m),STANDARD RISK,8.0,2.0,208.8,5,1,1,Female,2,2,4,8,At Risk
50630,0,6.0,Growing (4-6m),MEDIUM RISK,2.0,2.0,123.42,2,0,3,Female,4,2,1,7,At Risk
50631,0,18.0,Mature (13-24m),STANDARD RISK,1.0,1.0,276.5,2,0,3,Female,5,1,5,11,Potential Loyalists
50632,0,5.0,Growing (4-6m),STANDARD RISK,7.0,7.0,140.25,3,0,1,Female,2,5,1,8,At Risk
50633,0,7.0,Established (7-12m),STANDARD RISK,9.0,1.0,197.25,2,0,3,Male,1,1,4,6,Lost Customers
50634,0,30.0,Loyal (25m+),STANDARD RISK,3.0,1.0,219.04,2,1,3,Male,4,1,5,10,Potential Loyalists
50635,0,9.0,Established (7-12m),STANDARD RISK,4.0,1.0,121.77,4,0,2,Male,3,1,1,5,Lost Customers
50636,0,26.0,Loyal (25m+),LOW RISK,12.0,6.0,175.25,4,0,3,Female,1,5,4,10,Potential Loyalists
50637,1,0.0,New (0-3m),STANDARD RISK,0.0,1.0,148.34,3,0,1,Male,5,1,2,8,At Risk
50638,1,9.0,Established (7-12m),STANDARD RISK,2.0,1.0,120.42,5,1,1,Male,4,1,1,6,Lost Customers
50639,0,9.0,Established (7-12m),STANDARD RISK,0.0,1.0,122.2,3,1,3,Female,5,1,1,7,At Risk
50640,0,1.0,New (0-3m),STANDARD RISK,0.0,1.0,110.52,4,0,3,Male,5,1,1,7,At Risk
50641,0,11.0,Established (7-12m),STANDARD RISK,2.0,2.0,128.21,3,0,1,Male,4,2,1,7,At Risk
50642,0,23.0,Mature (13-24m),STANDARD RISK,7.0,7.0,292.37,3,1,1,Male,2,5,5,12,Potential Loyalists
50643,0,10.0,Established (7-12m),STANDARD RISK,1.0,1.0,141.07,4,0,1,Female,5,1,2,8,At Risk
50644,0,13.0,Mature (13-24m),LOW RISK,5.0,7.0,183.96,5,0,3,Male,2,5,4,11,Potential Loyalists
50645,0,9.0,Established (7-12m),STANDARD RISK,3.0,1.0,120.07,3,0,1,Female,4,1,1,6,Lost Customers
50646,0,19.0,Mature (13-24m),STANDARD RISK,2.0,2.0,296.27,2,0,1,Male,4,2,5,11,Potential Loyalists
50647,0,27.0,Loyal (25m+),STANDARD RISK,0.0,7.0,206.86,3,0,3,Female,5,5,4,14,Loyal Customers
50648,0,29.0,Loyal (25m+),STANDARD RISK,3.0,1.0,129.42,3,0,1,Female,4,1,1,6,Lost Customers
50649,0,9.0,Established (7-12m),STANDARD RISK,8.0,7.0,188.58,2,0,1,Female,2,5,4,11,Potential Loyalists
50650,0,28.0,Loyal (25m+),LOW RISK,2.0,6.0,267.56,5,0,1,Male,4,5,5,14,Loyal Customers
50651,0,16.0,Mature (13-24m),STANDARD RISK,0.0,2.0,234.0,2,0,3,Male,5,2,5,12,Potential Loyalists
50652,1,0.0,New (0-3m),CRITICAL RISK,2.0,1.0,123.23,2,1,3,Female,4,1,1,6,Lost Customers
50653,1,9.0,Established (7-12m),STANDARD RISK,0.0,1.0,114.16,5,0,1,Female,5,1,1,7,At Risk
50654,0,19.0,Mature (13-24m),STANDARD RISK,7.0,1.0,146.15,5,1,1,Female,2,1,2,5,Lost Customers
50655,1,14.0,Mature (13-24m),STANDARD RISK,7.0,2.0,124.61,3,1,1,Male,2,2,1,5,Lost Customers
50656,1,0.0,New (0-3m),STANDARD RISK,9.0,1.0,187.22,5,0,1,Male,1,1,4,6,Lost Customers
50657,0,0.0,New (0-3m),STANDARD RISK,3.0,1.0,139.55,5,0,1,Male,4,1,1,6,Lost Customers
50658,0,3.0,New (0-3m),STANDARD RISK,2.0,1.0,199.57,5,0,1,Male,4,1,4,9,At Risk
50659,0,14.0,Mature (13-24m),STANDARD RISK,8.0,1.0,133.76,3,0,1,Female,2,1,1,4,Lost Customers
50660,0,11.0,Established (7-12m),STANDARD RISK,9.0,1.0,188.23,3,0,1,Female,1,1,4,6,Lost Customers
50661,0,13.0,Mature (13-24m),STANDARD RISK,1.0,11.0,203.22,2,0,1,Male,5,5,4,14,Loyal Customers
50662,0,0.0,New (0-3m),STANDARD RISK,2.0,1.0,146.21,3,0,1,Male,4,1,2,7,At Risk
50663,0,28.0,Loyal (25m+),LOW RISK,3.0,1.0,209.76,4,0,1,Male,4,1,5,10,Potential Loyalists
50664,0,1.0,New (0-3m),STANDARD RISK,7.0,1.0,136.6,3,0,1,Female,2,1,1,4,Lost Customers
50665,1,7.0,Established (7-12m),STANDARD RISK,6.0,3.0,204.82,5,0,2,Male,2,4,4,10,Potential Loyalists
50666,0,6.0,Growing (4-6m),MEDIUM RISK,2.0,1.0,171.19,2,0,1,Male,4,1,3,8,At Risk
50667,1,0.0,New (0-3m),STANDARD RISK,7.0,4.0,195.82,5,1,3,Male,2,4,4,10,Potential Loyalists
50668,1,0.0,New (0-3m),STANDARD RISK,8.0,3.0,145.08,3,0,1,Female,2,4,2,8,At Risk
50669,0,9.0,Established (7-12m),STANDARD RISK,2.0,2.0,122.07,3,0,1,Male,4,2,1,7,At Risk
50670,0,7.0,Established (7-12m),STANDARD RISK,4.0,1.0,177.56,2,0,1,Male,3,1,4,8,At Risk
50671,0,10.0,Established (7-12m),STANDARD RISK,0.0,1.0,166.94,2,1,3,Female,5,1,3,9,At Risk
50672,1,0.0,New (0-3m),CRITICAL RISK,6.0,5.0,136.91,2,1,1,Male,2,5,1,8,At Risk
50673,1,0.0,New (0-3m),STANDARD RISK,0.0,1.0,123.77,3,0,1,Male,5,1,1,7,At Risk
50674,1,9.0,Established (7-12m),STANDARD RISK,2.0,2.0,123.13,4,1,1,Male,4,2,1,7,At Risk
50675,0,15.0,Mature (13-24m),LOW RISK,7.0,13.0,276.65,5,0,1,Male,2,5,5,12,Potential Loyalists
50676,1,0.0,New (0-3m),STANDARD RISK,0.0,1.0,125.96,4,0,1,Male,5,1,1,7,At Risk
50677,1,13.0,Mature (13-24m),STANDARD RISK,0.0,1.0,147.28,3,1,3,Male,5,1,2,8,At Risk
50678,0,6.0,Growing (4-6m),STANDARD RISK,2.0,1.0,143.02,4,0,3,Female,4,1,2,7,At Risk
50679,0,7.0,Established (7-12m),STANDARD RISK,0.0,1.0,129.79,2,0,1,Male,5,1,1,7,At Risk
50680,0,21.0,Mature (13-24m),STANDARD RISK,1.0,2.0,268.85,2,0,1,Male,5,2,5,12,Potential Loyalists
50681,0,18.0,Mature (13-24m),STANDARD RISK,12.0,4.0,155.93,3,0,3,Female,1,4,3,8,At Risk
50682,0,25.0,Loyal (25m+),LOW RISK,0.0,4.0,204.45,4,0,1,Male,5,4,4,13,Loyal Customers
50683,0,11.0,Established (7-12m),STANDARD RISK,7.0,2.0,187.4,3,1,3,Male,2,2,4,8,At Risk
50684,0,2.0,New (0-3m),STANDARD RISK,7.0,1.0,125.14,2,0,1,Female,2,1,1,4,Lost Customers
50685,0,1.0,New (0-3m),STANDARD RISK,7.0,1.0,176.55,4,0,1,Female,2,1,4,7,At Risk
50686,0,19.0,Mature (13-24m),STANDARD RISK,9.0,4.0,274.65,3,0,3,Male,1,4,5,10,Potential Loyalists
50687,0,11.0,Established (7-12m),STANDARD RISK,0.0,1.0,173.51,4,0,3,Male,5,1,4,10,Potential Loyalists
50688,0,16.0,Mature (13-24m),LOW RISK,1.0,1.0,208.2,5,0,1,Female,5,1,4,10,Potential Loyalists
50689,1,2.0,New (0-3m),STANDARD RISK,3.0,11.0,221.69,2,0,1,Male,4,5,5,14,Loyal Customers
50690,0,13.0,Mature (13-24m),STANDARD RISK,9.0,4.0,296.26,3,0,1,Male,1,4,5,10,Potential Loyalists
50691,0,9.0,Established (7-12m),STANDARD RISK,2.0,2.0,120.7,4,1,1,Female,4,2,1,7,At Risk
50692,0,12.0,Established (7-12m),STANDARD RISK,3.0,1.0,167.82,4,0,1,Male,4,1,3,8,At Risk
50693,0,9.0,Established (7-12m),STANDARD RISK,9.0,1.0,177.79,2,0,1,Male,1,1,4,6,Lost Customers
50694,0,4.0,Growing (4-6m),MEDIUM RISK,2.0,2.0,127.91,2,0,3,Male,4,2,1,7,At Risk
50695,0,1.0,New (0-3m),STANDARD RISK,4.0,1.0,132.01,4,0,1,Male,3,1,1,5,Lost Customers
50696,0,8.0,Established (7-12m),STANDARD RISK,2.0,1.0,149.68,2,0,3,Male,4,1,2,7,At Risk
50697,0,22.0,Mature (13-24m),LOW RISK,3.0,2.0,231.2,4,0,3,Male,4,2,5,11,Potential Loyalists
50698,0,7.0,Established (7-12m),STANDARD RISK,2.0,1.0,140.33,3,0,1,Male,4,1,1,6,Lost Customers
50699,0,2.0,New (0-3m),STANDARD RISK,1.0,1.0,132.91,4,0,1,Female,5,1,1,7,At Risk
50700,0,15.0,Mature (13-24m),STANDARD RISK,0.0,1.0,142.72,2,0,1,Male,5,1,2,8,At Risk
50701,0,2.0,New (0-3m),CRITICAL RISK,2.0,1.0,150.56,2,1,1,Male,4,1,2,7,At Risk
50702,0,11.0,Established (7-12m),STANDARD RISK,0.0,5.0,128.44,3,0,2,Male,5,5,1,11,Potential Loyalists
50703,0,4.0,Growing (4-6m),STANDARD RISK,2.0,1.0,127.03,3,1,1,Male,4,1,1,6,Lost Customers
50704,1,9.0,Established (7-12m),STANDARD RISK,0.0,1.0,119.04,3,0,1,Male,5,1,1,7,At Risk
50705,1,0.0,New (0-3m),STANDARD RISK,3.0,1.0,182.24,5,1,3,Female,4,1,4,9,At Risk
50706,0,14.0,Mature (13-24m),STANDARD RISK,0.0,1.0,147.66,2,1,1,Male,5,1,2,8,At Risk
50707,1,0.0,New (0-3m),STANDARD RISK,2.0,2.0,126.1,3,0,1,Male,4,2,1,7,At Risk
50708,0,10.0,Established (7-12m),STANDARD RISK,3.0,1.0,157.31,2,0,1,Female,4,1,3,8,At Risk
50709,0,0.0,New (0-3m),STANDARD RISK,2.0,2.0,125.39,3,0,1,Male,4,2,1,7,At Risk
50710,0,7.0,Established (7-12m),STANDARD RISK,3.0,1.0,157.14,3,0,3,Female,4,1,3,8,At Risk
50711,0,8.0,Established (7-12m),STANDARD RISK,4.0,1.0,143.23,3,0,2,Male,3,1,2,6,Lost Customers
50712,1,0.0,New (0-3m),STANDARD RISK,10.0,3.0,173.36,5,0,3,Female,1,4,4,9,At Risk
50713,0,13.0,Mature (13-24m),STANDARD RISK,13.0,2.0,234.99,3,0,1,Female,1,2,5,8,At Risk
50714,1,5.0,Growing (4-6m),STANDARD RISK,14.0,2.0,237.58,5,1,3,Male,1,2,5,8,At Risk
50715,0,15.0,Mature (13-24m),LOW RISK,5.0,1.0,151.55,5,0,3,Male,2,1,2,5,Lost Customers
50716,0,9.0,Established (7-12m),STANDARD RISK,7.0,1.0,122.58,3,0,1,Male,2,1,1,4,Lost Customers
50717,0,0.0,New (0-3m),STANDARD RISK,2.0,1.0,135.97,4,0,1,Male,4,1,1,6,Lost Customers
50718,1,0.0,New (0-3m),CRITICAL RISK,0.0,1.0,125.15,2,1,1,Female,5,1,1,7,At Risk
50719,0,0.0,New (0-3m),STANDARD RISK,7.0,1.0,144.2,2,0,1,Male,2,1,2,5,Lost Customers
50720,0,3.0,New (0-3m),STANDARD RISK,4.0,1.0,165.78,3,0,3,Male,3,1,3,7,At Risk
50721,0,13.0,Mature (13-24m),STANDARD RISK,0.0,1.0,144.22,2,1,1,Female,5,1,2,8,At Risk
50722,0,8.0,Established (7-12m),STANDARD RISK,4.0,6.0,202.74,4,0,1,Male,3,5,4,12,Potential Loyalists
50723,0,7.0,Established (7-12m),STANDARD RISK,9.0,4.0,153.43,5,0,1,Male,1,4,2,7,At Risk
50724,0,8.0,Established (7-12m),STANDARD RISK,2.0,2.0,123.76,2,0,1,Male,4,2,1,7,At Risk
50725,1,6.0,Growing (4-6m),STANDARD RISK,3.0,1.0,153.46,3,0,3,Female,4,1,2,7,At Risk
50726,0,5.0,Growing (4-6m),STANDARD RISK,0.0,1.0,128.27,5,0,3,Female,5,1,1,7,At Risk
50727,0,29.0,Loyal (25m+),LOW RISK,2.0,4.0,299.43,5,0,1,Female,4,4,5,13,Loyal Customers
50728,0,2.0,New (0-3m),STANDARD RISK,8.0,1.0,131.31,2,0,1,Female,2,1,1,4,Lost Customers
50729,0,0.0,New (0-3m),STANDARD RISK,0.0,1.0,125.52,5,0,1,Male,5,1,1,7,At Risk
50730,0,18.0,Mature (13-24m),STANDARD RISK,2.0,1.0,144.77,3,1,1,Female,4,1,2,7,At Risk
50731,0,10.0,Established (7-12m),STANDARD RISK,11.0,3.0,164.74,2,0,1,Female,1,4,3,8,At Risk
50732,0,0.0,New (0-3m),STANDARD RISK,2.0,1.0,130.33,3,0,1,Male,4,1,1,6,Lost Customers
50733,1,7.0,Established (7-12m),STANDARD RISK,2.0,1.0,129.36,3,1,1,Male,4,1,1,6,Lost Customers
50734,0,26.0,Loyal (25m+),STANDARD RISK,7.0,4.0,286.06,3,0,1,Female,2,4,5,11,Potential Loyalists
50735,0,9.0,Established (7-12m),STANDARD RISK,3.0,1.0,121.68,2,1,1,Female,4,1,1,6,Lost Customers
50736,1,0.0,New (0-3m),CRITICAL RISK,0.0,1.0,128.53,2,1,1,Male,5,1,1,7,At Risk
50737,0,19.0,Mature (13-24m),LOW RISK,9.0,15.0,270.48,5,0,3,Female,1,5,5,11,Potential Loyalists
50738,0,9.0,Established (7-12m),STANDARD RISK,0.0,1.0,122.9,3,0,1,Male,5,1,1,7,At Risk
50739,0,6.0,Growing (4-6m),STANDARD RISK,4.0,1.0,136.0,3,0,2,Male,3,1,1,5,Lost Customers
50740,1,9.0,Established (7-12m),STANDARD RISK,0.0,1.0,121.07,5,0,1,Male,5,1,1,7,At Risk
50741,0,3.0,New (0-3m),STANDARD RISK,3.0,1.0,141.15,5,0,3,Male,4,1,2,7,At Risk
50742,0,13.0,Mature (13-24m),LOW RISK,0.0,1.0,143.27,4,0,3,Male,5,1,2,8,At Risk
50743,0,23.0,Mature (13-24m),LOW RISK,2.0,2.0,278.56,5,0,1,Female,4,2,5,11,Potential Loyalists
50744,0,1.0,New (0-3m),STANDARD RISK,3.0,3.0,131.96,5,0,1,Male,4,4,1,9,At Risk
50745,0,19.0,Mature (13-24m),LOW RISK,3.0,1.0,290.81,4,0,1,Male,4,1,5,10,Potential Loyalists
50746,0,8.0,Established (7-12m),STANDARD RISK,7.0,1.0,189.66,5,1,3,Male,2,1,4,7,At Risk
50747,1,9.0,Established (7-12m),STANDARD RISK,0.0,1.0,122.1,4,0,1,Female,5,1,1,7,At Risk
50748,0,6.0,Growing (4-6m),STANDARD RISK,1.0,1.0,145.39,3,0,3,Female,5,1,2,8,At Risk
50749,0,9.0,Established (7-12m),STANDARD RISK,7.0,1.0,127.41,3,0,1,Male,2,1,1,4,Lost Customers
50750,0,3.0,New (0-3m),STANDARD RISK,9.0,8.0,134.91,3,0,1,Male,1,5,1,7,At Risk
50751,0,17.0,Mature (13-24m),STANDARD RISK,17.0,1.0,145.41,2,0,1,Male,1,1,2,4,Lost Customers
50752,0,0.0,New (0-3m),STANDARD RISK,2.0,2.0,126.78,2,0,3,Male,4,2,1,7,At Risk
50753,0,19.0,Mature (13-24m),STANDARD RISK,4.0,1.0,173.79,2,0,1,Male,3,1,4,8,At Risk
50754,0,15.0,Mature (13-24m),LOW RISK,3.0,1.0,162.72,5,0,2,Male,4,1,3,8,At Risk
50755,0,30.0,Loyal (25m+),STANDARD RISK,9.0,1.0,152.2,2,1,3,Male,1,1,2,4,Lost Customers
50756,0,5.0,Growing (4-6m),STANDARD RISK,2.0,2.0,127.43,4,0,1,Female,4,2,1,7,At Risk
50757,0,5.0,Growing (4-6m),STANDARD RISK,7.0,1.0,149.98,3,1,1,Female,2,1,2,5,Lost Customers
50758,0,9.0,Established (7-12m),STANDARD RISK,7.0,7.0,202.52,5,1,1,Female,2,5,4,11,Potential Loyalists
50759,0,6.0,Growing (4-6m),MEDIUM RISK,10.0,4.0,127.81,2,0,1,Male,1,4,1,6,Lost Customers
50760,0,13.0,Mature (13-24m),LOW RISK,3.0,1.0,168.52,4,0,3,Female,4,1,3,8,At Risk
50761,0,0.0,New (0-3m),STANDARD RISK,1.0,1.0,149.5,2,0,3,Male,5,1,2,8,At Risk
50762,0,3.0,New (0-3m),STANDARD RISK,7.0,5.0,135.79,4,1,1,Male,2,5,1,8,At Risk
50763,0,15.0,Mature (13-24m),STANDARD RISK,0.0,2.0,231.91000000000005,5,1,1,Female,5,2,5,12,Potential Loyalists
50764,0,8.0,Established (7-12m),STANDARD RISK,12.0,4.0,203.77,2,1,3,Female,1,4,4,9,At Risk
50765,0,9.0,Established (7-12m),STANDARD RISK,8.0,6.0,122.35,5,1,1,Male,2,5,1,8,At Risk
50766,0,27.0,Loyal (25m+),STANDARD RISK,4.0,1.0,205.02,3,0,1,Female,3,1,4,8,At Risk
50767,0,9.0,Established (7-12m),STANDARD RISK,7.0,7.0,120.11,2,0,1,Female,2,5,1,8,At Risk
50768,1,9.0,Established (7-12m),STANDARD RISK,0.0,1.0,118.59,4,1,1,Female,5,1,1,7,At Risk
50769,0,2.0,New (0-3m),STANDARD RISK,2.0,1.0,137.6,2,0,1,Female,4,1,1,6,Lost Customers
50770,0,27.0,Loyal (25m+),STANDARD RISK,9.0,1.0,277.79,2,0,1,Male,1,1,5,7,At Risk
50771,0,4.0,Growing (4-6m),STANDARD RISK,1.0,1.0,168.33,5,1,1,Male,5,1,3,9,At Risk
50772,0,4.0,Growing (4-6m),STANDARD RISK,8.0,1.0,168.12,5,0,1,Female,2,1,3,6,Lost Customers
50773,0,30.0,Loyal (25m+),STANDARD RISK,5.0,1.0,151.71,2,0,3,Female,2,1,2,5,Lost Customers
50774,0,16.0,Mature (13-24m),STANDARD RISK,7.0,1.0,297.4,2,0,1,Male,2,1,5,8,At Risk
50775,0,22.0,Mature (13-24m),STANDARD RISK,0.0,1.0,287.11,3,0,1,Male,5,1,5,11,Potential Loyalists
50776,0,9.0,Established (7-12m),STANDARD RISK,7.0,1.0,136.92,4,0,1,Male,2,1,1,4,Lost Customers
50777,0,21.0,Mature (13-24m),LOW RISK,0.0,1.0,125.59,4,0,1,Male,5,1,1,7,At Risk
50778,0,0.0,New (0-3m),STANDARD RISK,3.0,1.0,125.17,3,0,1,Male,4,1,1,6,Lost Customers
50779,0,2.0,New (0-3m),CRITICAL RISK,0.0,1.0,166.23,2,1,1,Male,5,1,3,9,At Risk
50780,0,21.0,Mature (13-24m),STANDARD RISK,0.0,1.0,282.65,2,0,1,Male,5,1,5,11,Potential Loyalists
50781,0,2.0,New (0-3m),STANDARD RISK,7.0,1.0,261.24,2,0,1,Female,2,1,5,8,At Risk
50782,0,7.0,Established (7-12m),STANDARD RISK,0.0,1.0,125.85,3,0,1,Female,5,1,1,7,At Risk
50783,0,17.0,Mature (13-24m),LOW RISK,10.0,3.0,282.13,4,0,3,Male,1,4,5,10,Potential Loyalists
50784,0,6.0,Growing (4-6m),STANDARD RISK,8.0,1.0,183.8,3,1,3,Male,2,1,4,7,At Risk
50785,0,0.0,New (0-3m),CRITICAL RISK,1.0,1.0,129.94,2,1,1,Female,5,1,1,7,At Risk
50786,0,9.0,Established (7-12m),STANDARD RISK,1.0,1.0,112.23,3,0,1,Male,5,1,1,7,At Risk
50787,1,0.0,New (0-3m),CRITICAL RISK,0.0,1.0,111.18,2,1,3,Male,5,1,1,7,At Risk
50788,0,0.0,New (0-3m),CRITICAL RISK,2.0,2.0,128.75,2,1,1,Male,4,2,1,7,At Risk
50789,1,8.0,Established (7-12m),STANDARD RISK,11.0,1.0,288.24,4,1,3,Female,1,1,5,7,At Risk
50790,0,28.0,Loyal (25m+),STANDARD RISK,0.0,2.0,235.77,4,1,1,Male,5,2,5,12,Potential Loyalists
50791,1,0.0,New (0-3m),STANDARD RISK,2.0,2.0,126.25,3,0,1,Female,4,2,1,7,At Risk
50792,0,19.0,Mature (13-24m),LOW RISK,8.0,1.0,287.89,4,0,3,Female,2,1,5,8,At Risk
50793,0,7.0,Established (7-12m),STANDARD RISK,2.0,1.0,145.38,5,1,3,Female,4,1,2,7,At Risk
50794,0,24.0,Mature (13-24m),STANDARD RISK,10.0,11.0,298.47,4,1,3,Male,1,5,5,11,Potential Loyalists
50795,0,30.0,Loyal (25m+),STANDARD RISK,4.0,5.0,205.12,2,0,1,Male,3,5,4,12,Potential Loyalists
50796,0,7.0,Established (7-12m),STANDARD RISK,10.0,5.0,144.44,4,0,1,Female,1,5,2,8,At Risk
50797,0,9.0,Established (7-12m),STANDARD RISK,2.0,1.0,121.54,3,1,1,Male,4,1,1,6,Lost Customers
50798,0,17.0,Mature (13-24m),LOW RISK,13.0,14.0,291.9,5,0,1,Male,1,5,5,11,Potential Loyalists
50799,0,7.0,Established (7-12m),STANDARD RISK,8.0,1.0,144.9,4,0,2,Male,2,1,2,5,Lost Customers
50800,0,8.0,Established (7-12m),STANDARD RISK,2.0,2.0,135.06,3,1,1,Male,4,2,1,7,At Risk
50801,0,15.0,Mature (13-24m),STANDARD RISK,0.0,1.0,123.72,4,1,1,Female,5,1,1,7,At Risk
50802,0,16.0,Mature (13-24m),STANDARD RISK,17.0,15.0,202.31,2,0,3,Female,1,5,4,10,Potential Loyalists
50803,0,9.0,Established (7-12m),STANDARD RISK,12.0,5.0,154.1,4,1,1,Female,1,5,3,9,At Risk
50804,1,7.0,Established (7-12m),STANDARD RISK,5.0,1.0,179.78,2,0,1,Female,2,1,4,7,At Risk
50805,0,1.0,New (0-3m),CRITICAL RISK,2.0,2.0,138.67,2,1,1,Male,4,2,1,7,At Risk
50806,0,24.0,Mature (13-24m),STANDARD RISK,7.0,7.0,128.38,3,0,1,Female,2,5,1,8,At Risk
50807,0,3.0,New (0-3m),STANDARD RISK,7.0,1.0,146.95,3,1,1,Female,2,1,2,5,Lost Customers
50808,1,0.0,New (0-3m),STANDARD RISK,7.0,7.0,133.39,3,1,1,Female,2,5,1,8,At Risk
50809,0,9.0,Established (7-12m),STANDARD RISK,2.0,1.0,120.8,5,0,1,Male,4,1,1,6,Lost Customers
50810,0,9.0,Established (7-12m),STANDARD RISK,1.0,2.0,120.96,4,0,1,Female,5,2,1,8,At Risk
50811,0,5.0,Growing (4-6m),MEDIUM RISK,8.0,1.0,162.09,2,0,3,Male,2,1,3,6,Lost Customers
50812,0,18.0,Mature (13-24m),LOW RISK,0.0,1.0,280.61,4,0,1,Female,5,1,5,11,Potential Loyalists
50813,0,12.0,Established (7-12m),STANDARD RISK,2.0,15.0,271.23,4,1,1,Female,4,5,5,14,Loyal Customers
50814,0,30.0,Loyal (25m+),STANDARD RISK,2.0,2.0,123.72,3,0,1,Male,4,2,1,7,At Risk
50815,1,0.0,New (0-3m),STANDARD RISK,1.0,1.0,148.83,3,0,1,Male,5,1,2,8,At Risk
50816,1,2.0,New (0-3m),STANDARD RISK,3.0,1.0,139.04,5,0,1,Male,4,1,1,6,Lost Customers
50817,0,3.0,New (0-3m),STANDARD RISK,7.0,6.0,146.27,2,0,1,Female,2,5,2,9,At Risk
50818,0,9.0,Established (7-12m),STANDARD RISK,7.0,1.0,170.94,3,0,1,Female,2,1,3,6,Lost Customers
50819,0,19.0,Mature (13-24m),LOW RISK,7.0,5.0,134.23,5,0,2,Female,2,5,1,8,At Risk
50820,0,1.0,New (0-3m),STANDARD RISK,5.0,7.0,166.74,2,0,1,Female,2,5,3,10,Potential Loyalists
50821,0,23.0,Mature (13-24m),STANDARD RISK,2.0,1.0,268.8,5,1,1,Female,4,1,5,10,Potential Loyalists
50822,1,3.0,New (0-3m),STANDARD RISK,0.0,1.0,190.94,4,1,3,Male,5,1,4,10,Potential Loyalists
50823,1,15.0,Mature (13-24m),STANDARD RISK,7.0,7.0,184.46,4,1,3,Male,2,5,4,11,Potential Loyalists
50824,0,3.0,New (0-3m),STANDARD RISK,3.0,1.0,219.16000000000005,5,1,1,Female,4,1,5,10,Potential Loyalists
50825,0,12.0,Established (7-12m),STANDARD RISK,7.0,1.0,145.34,3,0,1,Male,2,1,2,5,Lost Customers
50826,0,4.0,Growing (4-6m),STANDARD RISK,6.0,9.0,198.52,3,1,3,Female,2,5,4,11,Potential Loyalists
50827,0,14.0,Mature (13-24m),LOW RISK,9.0,11.0,161.51,4,0,3,Male,1,5,3,9,At Risk
50828,1,9.0,Established (7-12m),STANDARD RISK,2.0,2.0,123.02,4,1,3,Female,4,2,1,7,At Risk
50829,1,7.0,Established (7-12m),STANDARD RISK,2.0,1.0,123.62,5,0,1,Male,4,1,1,6,Lost Customers
50830,0,15.0,Mature (13-24m),STANDARD RISK,10.0,2.0,278.61,3,1,1,Male,1,2,5,8,At Risk
50831,0,28.0,Loyal (25m+),STANDARD RISK,11.0,9.0,291.87,3,0,1,Female,1,5,5,11,Potential Loyalists
50832,0,29.0,Loyal (25m+),LOW RISK,7.0,7.0,297.17,4,0,2,Male,2,5,5,12,Potential Loyalists
50833,0,13.0,Mature (13-24m),STANDARD RISK,0.0,1.0,135.44,3,0,1,Male,5,1,1,7,At Risk
50834,0,7.0,Established (7-12m),STANDARD RISK,6.0,1.0,185.0,2,0,1,Male,2,1,4,7,At Risk
50835,0,13.0,Mature (13-24m),STANDARD RISK,8.0,8.0,146.61,2,0,1,Male,2,5,2,9,At Risk
50836,0,14.0,Mature (13-24m),LOW RISK,7.0,1.0,141.03,5,0,3,Female,2,1,2,5,Lost Customers
50837,0,8.0,Established (7-12m),STANDARD RISK,1.0,1.0,142.49,3,1,1,Male,5,1,2,8,At Risk
50838,0,24.0,Mature (13-24m),STANDARD RISK,10.0,2.0,240.26,4,1,2,Male,1,2,5,8,At Risk
50839,0,11.0,Established (7-12m),STANDARD RISK,7.0,1.0,168.93,5,0,3,Female,2,1,3,6,Lost Customers
50840,0,7.0,Established (7-12m),STANDARD RISK,6.0,9.0,161.25,5,0,3,Female,2,5,3,10,Potential Loyalists
50841,0,0.0,New (0-3m),STANDARD RISK,2.0,1.0,136.69,2,0,1,Male,4,1,1,6,Lost Customers
50842,1,20.0,Mature (13-24m),STANDARD RISK,9.0,5.0,200.08,5,1,1,Female,1,5,4,10,Potential Loyalists
50843,0,13.0,Mature (13-24m),LOW RISK,3.0,1.0,123.87,4,0,1,Male,4,1,1,6,Lost Customers
50844,0,9.0,Established (7-12m),STANDARD RISK,13.0,6.0,146.39,5,0,3,Female,1,5,2,8,At Risk
50845,0,21.0,Mature (13-24m),STANDARD RISK,8.0,1.0,178.98,2,0,1,Male,2,1,4,7,At Risk
50846,0,0.0,New (0-3m),STANDARD RISK,0.0,1.0,125.34,2,0,3,Female,5,1,1,7,At Risk
50847,0,24.0,Mature (13-24m),LOW RISK,3.0,1.0,231.42,4,0,1,Female,4,1,5,10,Potential Loyalists
50848,0,9.0,Established (7-12m),STANDARD RISK,0.0,1.0,116.11,2,0,1,Female,5,1,1,7,At Risk
50849,0,8.0,Established (7-12m),STANDARD RISK,0.0,1.0,153.63,2,0,1,Female,5,1,2,8,At Risk
50850,0,0.0,New (0-3m),STANDARD RISK,0.0,1.0,150.71,2,0,3,Male,5,1,2,8,At Risk
50851,1,18.0,Mature (13-24m),STANDARD RISK,8.0,2.0,236.95,3,1,3,Male,2,2,5,9,At Risk
50852,0,29.0,Loyal (25m+),STANDARD RISK,9.0,2.0,234.02,4,1,1,Male,1,2,5,8,At Risk
50853,0,9.0,Established (7-12m),STANDARD RISK,0.0,1.0,120.29,3,0,1,Female,5,1,1,7,At Risk
50854,0,13.0,Mature (13-24m),STANDARD RISK,8.0,11.0,163.77,3,0,1,Female,2,5,3,10,Potential Loyalists
50855,0,7.0,Established (7-12m),STANDARD RISK,7.0,7.0,154.29,3,0,1,Male,2,5,3,10,Potential Loyalists
50856,1,0.0,New (0-3m),STANDARD RISK,0.0,1.0,127.85,2,0,3,Female,5,1,1,7,At Risk
50857,1,0.0,New (0-3m),STANDARD RISK,2.0,3.0,146.14,3,1,3,Female,4,4,2,10,Potential Loyalists
50858,0,11.0,Established (7-12m),STANDARD RISK,3.0,1.0,126.1,3,0,1,Male,4,1,1,6,Lost Customers
50859,0,7.0,Established (7-12m),STANDARD RISK,11.0,4.0,166.87,2,0,1,Female,1,4,3,8,At Risk
50860,0,1.0,New (0-3m),STANDARD RISK,4.0,1.0,147.24,5,0,3,Male,3,1,2,6,Lost Customers
50861,1,0.0,New (0-3m),STANDARD RISK,7.0,6.0,161.79,3,1,1,Male,2,5,3,10,Potential Loyalists
50862,0,12.0,Established (7-12m),STANDARD RISK,4.0,1.0,161.2,2,1,3,Male,3,1,3,7,At Risk
50863,0,24.0,Mature (13-24m),LOW RISK,2.0,3.0,205.96,4,0,3,Male,4,4,4,12,Potential Loyalists
50864,0,14.0,Mature (13-24m),STANDARD RISK,3.0,3.0,154.67,2,1,1,Female,4,4,3,11,Potential Loyalists
50865,0,10.0,Established (7-12m),STANDARD RISK,3.0,1.0,129.96,3,1,1,Male,4,1,1,6,Lost Customers
50866,0,6.0,Growing (4-6m),MEDIUM RISK,2.0,1.0,199.98,2,0,3,Male,4,1,4,9,At Risk
50867,0,5.0,Growing (4-6m),STANDARD RISK,2.0,1.0,140.78,4,1,3,Male,4,1,1,6,Lost Customers
50868,0,12.0,Established (7-12m),STANDARD RISK,5.0,1.0,209.2,3,0,1,Male,2,1,5,8,At Risk
50869,0,0.0,New (0-3m),STANDARD RISK,2.0,1.0,162.32,3,0,3,Male,4,1,3,8,At Risk
50870,0,25.0,Loyal (25m+),STANDARD RISK,2.0,2.0,232.47000000000003,3,1,1,Female,4,2,5,11,Potential Loyalists
50871,0,16.0,Mature (13-24m),STANDARD RISK,8.0,1.0,140.81,3,1,1,Female,2,1,2,5,Lost Customers
50872,0,0.0,New (0-3m),CRITICAL RISK,4.0,4.0,157.69,2,1,3,Female,3,4,3,10,Potential Loyalists
50873,1,0.0,New (0-3m),STANDARD RISK,7.0,7.0,123.94,3,1,1,Female,2,5,1,8,At Risk
50874,0,0.0,New (0-3m),STANDARD RISK,1.0,1.0,139.04,2,0,1,Male,5,1,1,7,At Risk
50875,0,15.0,Mature (13-24m),LOW RISK,9.0,1.0,267.99,5,0,2,Female,1,1,5,7,At Risk
50876,0,25.0,Loyal (25m+),LOW RISK,4.0,1.0,129.5,5,0,1,Female,3,1,1,5,Lost Customers
50877,0,10.0,Established (7-12m),STANDARD RISK,2.0,1.0,136.29,3,0,1,Female,4,1,1,6,Lost Customers
50878,0,8.0,Established (7-12m),STANDARD RISK,2.0,2.0,193.62,2,0,1,Male,4,2,4,10,Potential Loyalists
50879,0,0.0,New (0-3m),STANDARD RISK,2.0,1.0,132.29,2,0,1,Male,4,1,1,6,Lost Customers
50880,0,0.0,New (0-3m),STANDARD RISK,7.0,1.0,135.78,5,0,1,Male,2,1,1,4,Lost Customers
50881,0,2.0,New (0-3m),STANDARD RISK,9.0,1.0,179.88,5,0,2,Male,1,1,4,6,Lost Customers
50882,1,0.0,New (0-3m),STANDARD RISK,3.0,1.0,142.84,5,0,1,Male,4,1,2,7,At Risk
50883,1,0.0,New (0-3m),CRITICAL RISK,7.0,7.0,175.53,2,1,1,Female,2,5,4,11,Potential Loyalists
50884,0,27.0,Loyal (25m+),STANDARD RISK,7.0,12.0,273.28,2,0,1,Female,2,5,5,12,Potential Loyalists
50885,0,30.0,Loyal (25m+),STANDARD RISK,5.0,1.0,297.01,5,1,1,Female,2,1,5,8,At Risk
50886,0,28.0,Loyal (25m+),STANDARD RISK,0.0,2.0,247.32,2,0,1,Male,5,2,5,12,Potential Loyalists
50887,0,9.0,Established (7-12m),STANDARD RISK,1.0,1.0,192.78,4,1,3,Female,5,1,4,10,Potential Loyalists
50888,1,9.0,Established (7-12m),STANDARD RISK,0.0,1.0,113.59,3,0,3,Female,5,1,1,7,At Risk
50889,0,3.0,New (0-3m),STANDARD RISK,2.0,1.0,147.79,5,0,3,Female,4,1,2,7,At Risk
50890,0,4.0,Growing (4-6m),STANDARD RISK,0.0,1.0,264.22,4,0,1,Female,5,1,5,11,Potential Loyalists
50891,0,7.0,Established (7-12m),STANDARD RISK,3.0,1.0,129.96,5,0,1,Male,4,1,1,6,Lost Customers
50892,1,9.0,Established (7-12m),STANDARD RISK,0.0,1.0,112.61,4,0,1,Female,5,1,1,7,At Risk
50893,0,9.0,Established (7-12m),STANDARD RISK,4.0,1.0,120.99,5,0,1,Male,3,1,1,5,Lost Customers
50894,0,9.0,Established (7-12m),STANDARD RISK,8.0,1.0,158.1,2,0,1,Male,2,1,3,6,Lost Customers
50895,0,9.0,Established (7-12m),STANDARD RISK,2.0,1.0,156.47,5,0,3,Female,4,1,3,8,At Risk
50896,0,20.0,Mature (13-24m),STANDARD RISK,2.0,1.0,134.2,2,0,1,Male,4,1,1,6,Lost Customers
50897,1,0.0,New (0-3m),STANDARD RISK,2.0,2.0,144.0,5,0,3,Male,4,2,2,8,At Risk
50898,0,10.0,Established (7-12m),STANDARD RISK,3.0,1.0,135.0,3,0,1,Male,4,1,1,6,Lost Customers
50899,0,9.0,Established (7-12m),STANDARD RISK,0.0,1.0,120.66,5,0,1,Female,5,1,1,7,At Risk
50900,0,20.0,Mature (13-24m),STANDARD RISK,6.0,5.0,271.69,3,0,1,Female,2,5,5,12,Potential Loyalists
50901,0,0.0,New (0-3m),STANDARD RISK,3.0,1.0,141.62,3,1,3,Female,4,1,2,7,At Risk
50902,0,5.0,Growing (4-6m),MEDIUM RISK,3.0,1.0,192.04,2,0,3,Male,4,1,4,9,At Risk
50903,0,7.0,Established (7-12m),STANDARD RISK,2.0,1.0,132.94,4,0,1,Female,4,1,1,6,Lost Customers
50904,0,9.0,Established (7-12m),STANDARD RISK,3.0,1.0,121.27,3,1,1,Male,4,1,1,6,Lost Customers
50905,0,13.0,Mature (13-24m),STANDARD RISK,7.0,1.0,139.75,3,0,1,Male,2,1,1,4,Lost Customers
50906,0,4.0,Growing (4-6m),MEDIUM RISK,9.0,9.0,207.93,2,0,3,Male,1,5,4,10,Potential Loyalists
50907,1,9.0,Established (7-12m),STANDARD RISK,3.0,4.0,200.96,1,0,3,Male,4,4,4,12,Potential Loyalists
50908,1,2.0,New (0-3m),STANDARD RISK,0.0,1.0,136.46,5,1,1,Female,5,1,1,7,At Risk
50909,1,0.0,New (0-3m),STANDARD RISK,7.0,4.0,174.46,4,0,1,Female,2,4,4,10,Potential Loyalists
50910,0,18.0,Mature (13-24m),STANDARD RISK,7.0,1.0,208.51,5,1,1,Male,2,1,4,7,At Risk
50911,0,9.0,Established (7-12m),STANDARD RISK,2.0,1.0,121.09,4,0,2,Female,4,1,1,6,Lost Customers
50912,1,0.0,New (0-3m),CRITICAL RISK,2.0,2.0,137.22,1,1,1,Male,4,2,1,7,At Risk
50913,0,18.0,Mature (13-24m),STANDARD RISK,2.0,1.0,193.8,1,1,1,Male,4,1,4,9,At Risk
50914,0,21.0,Mature (13-24m),LOW RISK,2.0,2.0,154.86,5,0,3,Male,4,2,3,9,At Risk
50915,1,0.0,New (0-3m),STANDARD RISK,2.0,2.0,127.42,3,0,2,Female,4,2,1,7,At Risk
50916,0,13.0,Mature (13-24m),LOW RISK,8.0,2.0,237.57,4,0,1,Male,2,2,5,9,At Risk
50917,0,1.0,New (0-3m),STANDARD RISK,3.0,1.0,184.63,5,0,3,Male,4,1,4,9,At Risk
50918,0,17.0,Mature (13-24m),STANDARD RISK,3.0,1.0,131.62,3,0,1,Male,4,1,1,6,Lost Customers
50919,0,26.0,Loyal (25m+),LOW RISK,8.0,8.0,265.98,4,0,1,Male,2,5,5,12,Potential Loyalists
50920,0,22.0,Mature (13-24m),STANDARD RISK,2.0,1.0,166.51,3,0,1,Male,4,1,3,8,At Risk
50921,0,13.0,Mature (13-24m),STANDARD RISK,2.0,1.0,123.45,3,0,1,Male,4,1,1,6,Lost Customers
50922,0,17.0,Mature (13-24m),LOW RISK,3.0,1.0,134.2,4,0,1,Male,4,1,1,6,Lost Customers
50923,0,6.0,Growing (4-6m),STANDARD RISK,3.0,1.0,143.73,5,0,3,Male,4,1,2,7,At Risk
50924,0,7.0,Established (7-12m),STANDARD RISK,12.0,3.0,147.59,5,0,3,Male,1,4,2,7,At Risk
50925,0,3.0,New (0-3m),STANDARD RISK,2.0,2.0,153.01,3,0,3,Male,4,2,2,8,At Risk
50926,0,15.0,Mature (13-24m),STANDARD RISK,8.0,5.0,136.73,1,0,1,Female,2,5,1,8,At Risk
50927,0,17.0,Mature (13-24m),STANDARD RISK,0.0,1.0,147.68,3,0,3,Female,5,1,2,8,At Risk
50928,0,9.0,Established (7-12m),STANDARD RISK,0.0,1.0,112.74,3,0,1,Male,5,1,1,7,At Risk
50929,0,50.0,Loyal (25m+),STANDARD RISK,8.0,2.0,149.0,3,0,1,Male,2,2,2,6,Lost Customers
50930,0,22.0,Mature (13-24m),LOW RISK,7.0,1.0,204.66,4,0,1,Male,2,1,4,7,At Risk
50931,0,7.0,Established (7-12m),STANDARD RISK,9.0,6.0,270.07,5,0,1,Male,1,5,5,11,Potential Loyalists
50932,1,0.0,New (0-3m),STANDARD RISK,2.0,1.0,129.09,3,0,3,Male,4,1,1,6,Lost Customers
50933,1,0.0,New (0-3m),STANDARD RISK,0.0,1.0,157.65,4,0,3,Female,5,1,3,9,At Risk
50934,1,0.0,New (0-3m),STANDARD RISK,10.0,10.0,145.99,4,1,3,Female,1,5,2,8,At Risk
50935,0,8.0,Established (7-12m),STANDARD RISK,0.0,1.0,124.04,3,0,3,Male,5,1,1,7,At Risk
50936,1,0.0,New (0-3m),STANDARD RISK,0.0,1.0,131.72,5,1,1,Male,5,1,1,7,At Risk
50937,0,9.0,Established (7-12m),STANDARD RISK,0.0,1.0,120.33,4,0,3,Female,5,1,1,7,At Risk
50938,0,17.0,Mature (13-24m),STANDARD RISK,2.0,2.0,202.09,3,1,1,Male,4,2,4,10,Potential Loyalists
50939,0,2.0,New (0-3m),STANDARD RISK,4.0,1.0,186.2,3,0,3,Male,3,1,4,8,At Risk
50940,0,9.0,Established (7-12m),STANDARD RISK,3.0,1.0,120.64,3,0,2,Male,4,1,1,6,Lost Customers
50941,0,28.0,Loyal (25m+),STANDARD RISK,2.0,1.0,140.35,3,1,1,Male,4,1,1,6,Lost Customers
50942,0,6.0,Growing (4-6m),STANDARD RISK,2.0,1.0,138.38,4,0,1,Female,4,1,1,6,Lost Customers
50943,0,20.0,Mature (13-24m),STANDARD RISK,2.0,1.0,145.91,3,1,3,Female,4,1,2,7,At Risk
50944,1,0.0,New (0-3m),STANDARD RISK,0.0,1.0,125.61,5,0,1,Male,5,1,1,7,At Risk
50945,0,9.0,Established (7-12m),STANDARD RISK,0.0,1.0,115.63,3,0,1,Male,5,1,1,7,At Risk
50946,0,1.0,New (0-3m),STANDARD RISK,3.0,1.0,148.98,5,0,3,Male,4,1,2,7,At Risk
50947,0,22.0,Mature (13-24m),LOW RISK,2.0,1.0,147.89,5,0,1,Female,4,1,2,7,At Risk
50948,0,2.0,New (0-3m),STANDARD RISK,2.0,1.0,131.8,4,0,1,Female,4,1,1,6,Lost Customers
50949,0,1.0,New (0-3m),STANDARD RISK,7.0,1.0,165.49,4,0,1,Male,2,1,3,6,Lost Customers
50950,0,6.0,Growing (4-6m),STANDARD RISK,0.0,1.0,163.88,3,1,1,Male,5,1,3,9,At Risk
50951,0,5.0,Growing (4-6m),MEDIUM RISK,3.0,1.0,212.44,1,0,1,Male,4,1,5,10,Potential Loyalists
50952,0,27.0,Loyal (25m+),STANDARD RISK,12.0,2.0,260.32,1,0,1,Female,1,2,5,8,At Risk
50953,1,0.0,New (0-3m),STANDARD RISK,7.0,1.0,123.62,5,0,1,Male,2,1,1,4,Lost Customers
50954,0,17.0,Mature (13-24m),LOW RISK,17.0,14.0,263.28,5,0,1,Male,1,5,5,11,Potential Loyalists
50955,0,12.0,Established (7-12m),STANDARD RISK,2.0,2.0,183.76,4,0,1,Female,4,2,4,10,Potential Loyalists
50956,0,19.0,Mature (13-24m),LOW RISK,1.0,5.0,266.06,4,0,3,Female,5,5,5,15,Loyal Customers
50957,0,8.0,Established (7-12m),STANDARD RISK,3.0,3.0,186.06,4,0,1,Female,4,4,4,12,Potential Loyalists
50958,0,9.0,Established (7-12m),STANDARD RISK,2.0,1.0,122.72,3,0,1,Male,4,1,1,6,Lost Customers
50959,1,9.0,Established (7-12m),STANDARD RISK,0.0,1.0,120.18,5,0,1,Male,5,1,1,7,At Risk
50960,0,7.0,Established (7-12m),STANDARD RISK,6.0,8.0,170.83,3,1,3,Male,2,5,3,10,Potential Loyalists
50961,1,0.0,New (0-3m),STANDARD RISK,7.0,7.0,140.84,3,0,1,Female,2,5,2,9,At Risk
50962,0,23.0,Mature (13-24m),STANDARD RISK,9.0,2.0,244.11,1,1,1,Male,1,2,5,8,At Risk
50963,0,9.0,Established (7-12m),STANDARD RISK,7.0,5.0,123.08,3,1,3,Male,2,5,1,8,At Risk
50964,0,15.0,Mature (13-24m),LOW RISK,0.0,1.0,148.41,4,0,1,Male,5,1,2,8,At Risk
50965,0,10.0,Established (7-12m),STANDARD RISK,7.0,3.0,142.85,1,0,1,Male,2,4,2,8,At Risk
50966,0,2.0,New (0-3m),STANDARD RISK,7.0,1.0,197.15,5,0,1,Female,2,1,4,7,At Risk
50967,0,6.0,Growing (4-6m),STANDARD RISK,2.0,1.0,143.2,4,0,1,Male,4,1,2,7,At Risk
50968,0,9.0,Established (7-12m),STANDARD RISK,3.0,1.0,121.32,1,0,1,Male,4,1,1,6,Lost Customers
50969,0,15.0,Mature (13-24m),STANDARD RISK,9.0,13.0,201.24,1,1,1,Male,1,5,4,10,Potential Loyalists
50970,0,13.0,Mature (13-24m),LOW RISK,1.0,7.0,154.73,5,0,3,Male,5,5,3,13,Loyal Customers
50971,0,6.0,Growing (4-6m),STANDARD RISK,7.0,5.0,152.07,3,1,1,Male,2,5,2,9,At Risk
50972,0,13.0,Mature (13-24m),STANDARD RISK,7.0,7.0,264.37,1,1,2,Male,2,5,5,12,Potential Loyalists
50973,0,9.0,Established (7-12m),STANDARD RISK,0.0,1.0,122.96,5,0,1,Male,5,1,1,7,At Risk
50974,0,13.0,Mature (13-24m),STANDARD RISK,2.0,2.0,140.69,1,1,1,Male,4,2,1,7,At Risk
50975,0,18.0,Mature (13-24m),LOW RISK,7.0,7.0,174.41,4,0,1,Male,2,5,4,11,Potential Loyalists
50976,0,8.0,Established (7-12m),STANDARD RISK,2.0,4.0,124.3,3,0,3,Female,4,4,1,9,At Risk
50977,0,5.0,Growing (4-6m),STANDARD RISK,5.0,2.0,158.78,4,0,1,Female,2,2,3,7,At Risk
50978,0,9.0,Established (7-12m),STANDARD RISK,2.0,1.0,126.44,1,1,3,Male,4,1,1,6,Lost Customers
50979,0,21.0,Mature (13-24m),STANDARD RISK,7.0,7.0,164.39,3,0,3,Female,2,5,3,10,Potential Loyalists
50980,0,2.0,New (0-3m),STANDARD RISK,0.0,1.0,124.51,3,0,1,Male,5,1,1,7,At Risk
50981,0,6.0,Growing (4-6m),STANDARD RISK,2.0,2.0,163.92,5,0,3,Male,4,2,3,9,At Risk
50982,1,0.0,New (0-3m),STANDARD RISK,7.0,6.0,197.14,5,0,3,Male,2,5,4,11,Potential Loyalists
50983,0,11.0,Established (7-12m),STANDARD RISK,2.0,1.0,160.77,3,0,2,Male,4,1,3,8,At Risk
50984,0,8.0,Established (7-12m),STANDARD RISK,2.0,1.0,124.5,5,0,1,Male,4,1,1,6,Lost Customers
50985,0,3.0,New (0-3m),STANDARD RISK,3.0,1.0,192.5,4,0,3,Male,4,1,4,9,At Risk
50986,1,9.0,Established (7-12m),STANDARD RISK,0.0,1.0,120.74,5,1,1,Female,5,1,1,7,At Risk
50987,1,16.0,Mature (13-24m),STANDARD RISK,9.0,1.0,201.69,1,0,1,Female,1,1,4,6,Lost Customers
50988,1,1.0,New (0-3m),STANDARD RISK,4.0,1.0,148.55,4,0,1,Male,3,1,2,6,Lost Customers
50989,0,5.0,Growing (4-6m),STANDARD RISK,2.0,1.0,140.87,5,0,1,Male,4,1,2,7,At Risk
50990,0,21.0,Mature (13-24m),LOW RISK,6.0,7.0,123.67,5,0,1,Female,2,5,1,8,At Risk
50991,0,7.0,Established (7-12m),STANDARD RISK,0.0,1.0,129.72,1,0,1,Male,5,1,1,7,At Risk
50992,0,28.0,Loyal (25m+),STANDARD RISK,13.0,2.0,295.86,1,0,3,Male,1,2,5,8,At Risk
50993,0,7.0,Established (7-12m),STANDARD RISK,1.0,2.0,154.84,1,0,1,Male,5,2,3,10,Potential Loyalists
50994,0,9.0,Established (7-12m),STANDARD RISK,0.0,1.0,120.61,1,0,1,Female,5,1,1,7,At Risk
50995,0,11.0,Established (7-12m),STANDARD RISK,7.0,7.0,199.24,4,0,3,Male,2,5,4,11,Potential Loyalists
50996,0,11.0,Established (7-12m),STANDARD RISK,2.0,1.0,141.98,4,0,3,Female,4,1,2,7,At Risk
50997,0,9.0,Established (7-12m),STANDARD RISK,0.0,1.0,168.15,3,0,3,Female,5,1,3,9,At Risk
50998,0,2.0,New (0-3m),STANDARD RISK,5.0,1.0,147.23,5,1,1,Male,2,1,2,5,Lost Customers
50999,0,8.0,Established (7-12m),STANDARD RISK,4.0,1.0,161.42,3,1,1,Female,3,1,3,7,At Risk
51000,0,12.0,Established (7-12m),STANDARD RISK,6.0,7.0,182.37,3,0,3,Male,2,5,4,11,Potential Loyalists
51001,0,2.0,New (0-3m),STANDARD RISK,3.0,1.0,188.53,1,0,1,Male,4,1,4,9,At Risk
51002,0,23.0,Mature (13-24m),STANDARD RISK,0.0,1.0,293.31,3,1,3,Male,5,1,5,11,Potential Loyalists
51003,0,9.0,Established (7-12m),STANDARD RISK,2.0,2.0,120.73,3,0,1,Male,4,2,1,7,At Risk
51004,0,9.0,Established (7-12m),STANDARD RISK,2.0,1.0,155.62,5,1,1,Male,4,1,3,8,At Risk
51005,0,15.0,Mature (13-24m),STANDARD RISK,1.0,1.0,296.13,1,0,1,Male,5,1,5,11,Potential Loyalists
51006,0,8.0,Established (7-12m),STANDARD RISK,8.0,6.0,134.07,3,0,1,Male,2,5,1,8,At Risk
51007,0,7.0,Established (7-12m),STANDARD RISK,7.0,7.0,150.63,3,0,1,Male,2,5,2,9,At Risk
51008,0,13.0,Mature (13-24m),LOW RISK,2.0,1.0,146.39,5,0,3,Female,4,1,2,7,At Risk
51009,0,16.0,Mature (13-24m),LOW RISK,2.0,1.0,148.76,4,0,1,Male,4,1,2,7,At Risk
51010,0,8.0,Established (7-12m),STANDARD RISK,1.0,1.0,126.9,1,0,1,Male,5,1,1,7,At Risk
51011,0,19.0,Mature (13-24m),LOW RISK,12.0,1.0,275.67,5,0,3,Male,1,1,5,7,At Risk
51012,1,0.0,New (0-3m),STANDARD RISK,0.0,1.0,124.08,4,1,1,Male,5,1,1,7,At Risk
51013,0,0.0,New (0-3m),STANDARD RISK,3.0,1.0,128.14,3,1,1,Female,4,1,1,6,Lost Customers
51014,0,23.0,Mature (13-24m),STANDARD RISK,3.0,12.0,212.45,3,1,1,Male,4,5,5,14,Loyal Customers
51015,0,5.0,Growing (4-6m),MEDIUM RISK,2.0,1.0,133.12,1,0,1,Female,4,1,1,6,Lost Customers
51016,0,17.0,Mature (13-24m),STANDARD RISK,10.0,1.0,290.49,1,1,1,Female,1,1,5,7,At Risk
51017,0,9.0,Established (7-12m),STANDARD RISK,1.0,1.0,121.41,4,0,1,Male,5,1,1,7,At Risk
51018,0,18.0,Mature (13-24m),STANDARD RISK,4.0,1.0,157.69,5,1,1,Female,3,1,3,7,At Risk
51019,0,18.0,Mature (13-24m),LOW RISK,5.0,4.0,143.85,5,0,3,Male,2,4,2,8,At Risk
51020,0,4.0,Growing (4-6m),STANDARD RISK,3.0,1.0,153.32,5,0,3,Male,4,1,2,7,At Risk
51021,0,9.0,Established (7-12m),STANDARD RISK,1.0,1.0,146.63,3,1,1,Female,5,1,2,8,At Risk
51022,0,7.0,Established (7-12m),STANDARD RISK,2.0,7.0,147.24,1,0,1,Male,4,5,2,11,Potential Loyalists
51023,0,22.0,Mature (13-24m),LOW RISK,4.0,1.0,132.11,5,0,1,Female,3,1,1,5,Lost Customers
51024,0,12.0,Established (7-12m),STANDARD RISK,7.0,7.0,153.77,5,0,1,Male,2,5,3,10,Potential Loyalists
51025,0,0.0,New (0-3m),STANDARD RISK,7.0,1.0,140.66,5,0,1,Male,2,1,1,4,Lost Customers
51026,0,8.0,Established (7-12m),STANDARD RISK,10.0,1.0,152.08,5,0,1,Male,1,1,2,4,Lost Customers
51027,0,1.0,New (0-3m),STANDARD RISK,0.0,1.0,0.0,5,0,1,Female,5,1,1,7,At Risk
51028,0,0.0,New (0-3m),STANDARD RISK,2.0,2.0,131.17,1,0,1,Male,4,2,1,7,At Risk
51029,1,9.0,Established (7-12m),STANDARD RISK,0.0,1.0,115.69,1,1,3,Female,5,1,1,7,At Risk
51030,0,20.0,Mature (13-24m),STANDARD RISK,0.0,1.0,296.58,3,0,2,Female,5,1,5,11,Potential Loyalists
51031,0,12.0,Established (7-12m),STANDARD RISK,7.0,1.0,130.69,3,0,1,Male,2,1,1,4,Lost Customers
51032,0,13.0,Mature (13-24m),STANDARD RISK,12.0,14.0,204.35,3,0,1,Female,1,5,4,10,Potential Loyalists
51033,0,8.0,Established (7-12m),STANDARD RISK,9.0,2.0,141.48,3,0,1,Female,1,2,2,5,Lost Customers
51034,0,10.0,Established (7-12m),STANDARD RISK,2.0,1.0,157.68,3,0,1,Male,4,1,3,8,At Risk
51035,0,12.0,Established (7-12m),STANDARD RISK,8.0,3.0,150.42,3,0,1,Female,2,4,2,8,At Risk
51036,0,18.0,Mature (13-24m),STANDARD RISK,9.0,3.0,157.7,1,0,1,Female,1,4,3,8,At Risk
51037,0,11.0,Established (7-12m),STANDARD RISK,2.0,1.0,177.56,3,1,1,Female,4,1,4,9,At Risk
51038,1,0.0,New (0-3m),STANDARD RISK,0.0,6.0,203.06,5,0,3,Male,5,5,4,14,Loyal Customers
51039,0,10.0,Established (7-12m),STANDARD RISK,7.0,7.0,139.36,4,0,1,Female,2,5,1,8,At Risk
51040,0,13.0,Mature (13-24m),STANDARD RISK,3.0,3.0,179.45,1,1,1,Female,4,4,4,12,Potential Loyalists
51041,0,17.0,Mature (13-24m),STANDARD RISK,2.0,1.0,157.43,1,1,2,Male,4,1,3,8,At Risk
51042,0,21.0,Mature (13-24m),STANDARD RISK,2.0,2.0,252.02,1,0,1,Male,4,2,5,11,Potential Loyalists
51043,1,0.0,New (0-3m),CRITICAL RISK,2.0,2.0,154.4,1,1,3,Male,4,2,3,9,At Risk
51044,0,0.0,New (0-3m),CRITICAL RISK,3.0,1.0,137.6,1,1,1,Female,4,1,1,6,Lost Customers
51045,0,0.0,New (0-3m),STANDARD RISK,2.0,1.0,135.17,3,0,1,Female,4,1,1,6,Lost Customers
51046,0,0.0,New (0-3m),STANDARD RISK,2.0,1.0,125.8,1,0,1,Male,4,1,1,6,Lost Customers
51047,1,9.0,Established (7-12m),STANDARD RISK,3.0,1.0,121.66,5,1,1,Male,4,1,1,6,Lost Customers
51048,0,2.0,New (0-3m),STANDARD RISK,4.0,1.0,158.69,3,0,3,Male,3,1,3,7,At Risk
51049,0,9.0,Established (7-12m),STANDARD RISK,2.0,1.0,180.08,5,0,1,Female,4,1,4,9,At Risk
51050,0,0.0,New (0-3m),STANDARD RISK,7.0,1.0,152.06,3,0,1,Male,2,1,2,5,Lost Customers
51051,0,12.0,Established (7-12m),STANDARD RISK,0.0,1.0,152.95,4,0,1,Male,5,1,2,8,At Risk
51052,0,22.0,Mature (13-24m),LOW RISK,2.0,1.0,264.13,4,0,1,Female,4,1,5,10,Potential Loyalists
51053,0,23.0,Mature (13-24m),LOW RISK,11.0,2.0,232.69,5,0,1,Female,1,2,5,8,At Risk
51054,0,0.0,New (0-3m),STANDARD RISK,2.0,2.0,127.83,3,0,3,Female,4,2,1,7,At Risk
51055,0,7.0,Established (7-12m),STANDARD RISK,9.0,7.0,154.33,4,0,1,Female,1,5,3,9,At Risk
51056,0,9.0,Established (7-12m),STANDARD RISK,3.0,1.0,120.13,4,0,1,Male,4,1,1,6,Lost Customers
51057,0,22.0,Mature (13-24m),STANDARD RISK,12.0,2.0,239.66000000000005,3,1,1,Female,1,2,5,8,At Risk
51058,0,9.0,Established (7-12m),STANDARD RISK,2.0,1.0,143.74,3,0,1,Female,4,1,2,7,At Risk
51059,0,9.0,Established (7-12m),STANDARD RISK,4.0,1.0,168.42,5,0,1,Male,3,1,3,7,At Risk
51060,0,27.0,Loyal (25m+),STANDARD RISK,7.0,4.0,274.26,3,0,1,Female,2,4,5,11,Potential Loyalists
51061,0,16.0,Mature (13-24m),STANDARD RISK,11.0,6.0,276.03,3,0,1,Male,1,5,5,11,Potential Loyalists
51062,1,0.0,New (0-3m),CRITICAL RISK,7.0,6.0,145.81,1,1,3,Male,2,5,2,9,At Risk
51063,0,11.0,Established (7-12m),STANDARD RISK,9.0,2.0,147.35,1,0,1,Male,1,2,2,5,Lost Customers
51064,0,2.0,New (0-3m),STANDARD RISK,9.0,1.0,141.87,4,1,3,Male,1,1,2,4,Lost Customers
51065,0,6.0,Growing (4-6m),MEDIUM RISK,4.0,1.0,155.05,1,0,3,Male,3,1,3,7,At Risk
51066,0,5.0,Growing (4-6m),STANDARD RISK,6.0,1.0,154.7,4,0,1,Male,2,1,3,6,Lost Customers
51067,0,4.0,Growing (4-6m),MEDIUM RISK,2.0,1.0,154.76,1,0,3,Female,4,1,3,8,At Risk
51068,0,22.0,Mature (13-24m),STANDARD RISK,2.0,2.0,125.87,5,1,1,Female,4,2,1,7,At Risk
51069,0,11.0,Established (7-12m),STANDARD RISK,3.0,3.0,124.4,4,0,1,Female,4,4,1,9,At Risk
51070,0,20.0,Mature (13-24m),LOW RISK,2.0,2.0,259.72,4,0,3,Female,4,2,5,11,Potential Loyalists
51071,0,22.0,Mature (13-24m),STANDARD RISK,0.0,2.0,253.79,3,0,1,Male,5,2,5,12,Potential Loyalists
51072,0,14.0,Mature (13-24m),STANDARD RISK,2.0,1.0,170.82,3,1,3,Male,4,1,3,8,At Risk
51073,0,0.0,New (0-3m),STANDARD RISK,2.0,1.0,127.28,5,0,3,Male,4,1,1,6,Lost Customers
51074,0,6.0,Growing (4-6m),MEDIUM RISK,2.0,1.0,153.68,1,1,3,Female,4,1,3,8,At Risk
51075,0,9.0,Established (7-12m),STANDARD RISK,2.0,1.0,153.47,3,0,1,Male,4,1,2,7,At Risk
51076,0,17.0,Mature (13-24m),STANDARD RISK,2.0,2.0,131.95,1,1,2,Female,4,2,1,7,At Risk
51077,1,0.0,New (0-3m),STANDARD RISK,2.0,1.0,139.89,3,1,1,Male,4,1,1,6,Lost Customers
51078,0,11.0,Established (7-12m),STANDARD RISK,0.0,1.0,133.06,3,0,1,Female,5,1,1,7,At Risk
51079,0,26.0,Loyal (25m+),STANDARD RISK,2.0,1.0,170.05,1,0,1,Male,4,1,3,8,At Risk
51080,1,11.0,Established (7-12m),STANDARD RISK,7.0,7.0,126.55,3,1,3,Female,2,5,1,8,At Risk
51081,1,9.0,Established (7-12m),STANDARD RISK,0.0,1.0,113.93,4,0,1,Male,5,1,1,7,At Risk
51082,0,0.0,New (0-3m),STANDARD RISK,7.0,5.0,125.7,1,0,1,Male,2,5,1,8,At Risk
51083,0,28.0,Loyal (25m+),LOW RISK,2.0,1.0,135.37,4,0,1,Male,4,1,1,6,Lost Customers
51084,0,7.0,Established (7-12m),STANDARD RISK,13.0,4.0,139.86,1,0,1,Male,1,4,1,6,Lost Customers
51085,0,30.0,Loyal (25m+),STANDARD RISK,0.0,1.0,208.83,1,0,1,Male,5,1,5,11,Potential Loyalists
51086,0,9.0,Established (7-12m),STANDARD RISK,13.0,2.0,120.28,4,0,1,Male,1,2,1,4,Lost Customers
51087,0,10.0,Established (7-12m),STANDARD RISK,3.0,1.0,195.25,1,0,3,Male,4,1,4,9,At Risk
51088,0,7.0,Established (7-12m),STANDARD RISK,7.0,8.0,129.29,1,0,1,Female,2,5,1,8,At Risk
51089,1,9.0,Established (7-12m),STANDARD RISK,2.0,1.0,122.75,1,1,3,Male,4,1,1,6,Lost Customers
51090,0,17.0,Mature (13-24m),STANDARD RISK,7.0,6.0,178.79,1,1,1,Female,2,5,4,11,Potential Loyalists
51091,0,8.0,Established (7-12m),STANDARD RISK,4.0,1.0,149.3,1,1,1,Male,3,1,2,6,Lost Customers
51092,0,16.0,Mature (13-24m),STANDARD RISK,8.0,8.0,178.47,1,1,3,Male,2,5,4,11,Potential Loyalists
51093,0,0.0,New (0-3m),STANDARD RISK,4.0,1.0,144.01,3,0,1,Male,3,1,2,6,Lost Customers
51094,0,14.0,Mature (13-24m),STANDARD RISK,7.0,8.0,192.41,3,0,3,Male,2,5,4,11,Potential Loyalists
51095,0,2.0,New (0-3m),STANDARD RISK,2.0,1.0,129.74,3,0,1,Female,4,1,1,6,Lost Customers
51096,0,9.0,Established (7-12m),STANDARD RISK,7.0,6.0,145.02,1,0,3,Female,2,5,2,9,At Risk
51097,0,18.0,Mature (13-24m),STANDARD RISK,4.0,14.0,207.48,3,0,1,Male,3,5,4,12,Potential Loyalists
51098,1,9.0,Established (7-12m),STANDARD RISK,0.0,1.0,115.55,3,0,2,Male,5,1,1,7,At Risk
51099,1,10.0,Established (7-12m),STANDARD RISK,3.0,14.0,229.36,3,0,3,Male,4,5,5,14,Loyal Customers
51100,0,9.0,Established (7-12m),STANDARD RISK,2.0,1.0,123.05,3,0,1,Male,4,1,1,6,Lost Customers
51101,0,18.0,Mature (13-24m),LOW RISK,6.0,8.0,267.04,4,0,1,Female,2,5,5,12,Potential Loyalists
51102,0,5.0,Growing (4-6m),STANDARD RISK,3.0,1.0,134.33,3,0,1,Male,4,1,1,6,Lost Customers
51103,0,4.0,Growing (4-6m),STANDARD RISK,3.0,1.0,134.77,3,0,1,Male,4,1,1,6,Lost Customers
51104,0,14.0,Mature (13-24m),LOW RISK,2.0,1.0,164.3,4,0,2,Male,4,1,3,8,At Risk
51105,0,13.0,Mature (13-24m),STANDARD RISK,0.0,1.0,165.16,5,1,1,Female,5,1,3,9,At Risk
51106,0,0.0,New (0-3m),STANDARD RISK,2.0,1.0,139.07,5,0,1,Male,4,1,1,6,Lost Customers
51107,0,19.0,Mature (13-24m),LOW RISK,9.0,1.0,155.62,4,0,1,Male,1,1,3,5,Lost Customers
51108,0,8.0,Established (7-12m),STANDARD RISK,7.0,1.0,168.83,3,0,1,Male,2,1,3,6,Lost Customers
51109,0,3.0,New (0-3m),STANDARD RISK,8.0,1.0,128.62,1,0,1,Male,2,1,1,4,Lost Customers
51110,0,20.0,Mature (13-24m),LOW RISK,0.0,1.0,149.78,4,0,3,Male,5,1,2,8,At Risk
51111,0,19.0,Mature (13-24m),STANDARD RISK,3.0,1.0,203.68,1,1,3,Male,4,1,4,9,At Risk
51112,1,0.0,New (0-3m),STANDARD RISK,2.0,2.0,161.34,5,1,3,Male,4,2,3,9,At Risk
51113,1,0.0,New (0-3m),STANDARD RISK,0.0,1.0,167.35,4,0,3,Male,5,1,3,9,At Risk
51114,0,0.0,New (0-3m),STANDARD RISK,2.0,1.0,132.95,4,0,1,Female,4,1,1,6,Lost Customers
51115,0,4.0,Growing (4-6m),MEDIUM RISK,4.0,1.0,152.38,1,0,1,Female,3,1,2,6,Lost Customers
51116,0,12.0,Established (7-12m),STANDARD RISK,8.0,5.0,164.72,1,1,1,Male,2,5,3,10,Potential Loyalists
51117,0,5.0,Growing (4-6m),STANDARD RISK,2.0,1.0,196.1,3,0,3,Male,4,1,4,9,At Risk
51118,0,13.0,Mature (13-24m),LOW RISK,8.0,12.0,298.33,4,0,3,Male,2,5,5,12,Potential Loyalists
51119,0,18.0,Mature (13-24m),STANDARD RISK,3.0,1.0,197.56,3,0,2,Female,4,1,4,9,At Risk
51120,0,3.0,New (0-3m),STANDARD RISK,7.0,1.0,149.68,5,0,1,Female,2,1,2,5,Lost Customers
51121,0,9.0,Established (7-12m),STANDARD RISK,1.0,2.0,121.45,1,0,2,Male,5,2,1,8,At Risk
51122,1,9.0,Established (7-12m),STANDARD RISK,2.0,1.0,121.8,1,0,2,Female,4,1,1,6,Lost Customers
51123,0,4.0,Growing (4-6m),STANDARD RISK,2.0,1.0,183.46,3,0,3,Male,4,1,4,9,At Risk
51124,0,0.0,New (0-3m),STANDARD RISK,4.0,1.0,134.45,1,0,1,Female,3,1,1,5,Lost Customers
51125,1,0.0,New (0-3m),STANDARD RISK,2.0,2.0,127.6,4,0,3,Female,4,2,1,7,At Risk
51126,0,2.0,New (0-3m),STANDARD RISK,2.0,1.0,162.94,3,1,1,Male,4,1,3,8,At Risk
51127,0,3.0,New (0-3m),STANDARD RISK,7.0,1.0,171.4,5,0,3,Male,2,1,3,6,Lost Customers
51128,0,7.0,Established (7-12m),STANDARD RISK,2.0,1.0,129.32,1,1,1,Male,4,1,1,6,Lost Customers
51129,0,6.0,Growing (4-6m),STANDARD RISK,7.0,1.0,151.47,4,0,3,Female,2,1,2,5,Lost Customers
51130,0,22.0,Mature (13-24m),STANDARD RISK,4.0,1.0,145.07,1,0,3,Female,3,1,2,6,Lost Customers
51131,1,0.0,New (0-3m),STANDARD RISK,0.0,1.0,185.64,5,1,3,Female,5,1,4,10,Potential Loyalists
51132,0,11.0,Established (7-12m),STANDARD RISK,5.0,1.0,124.68,4,0,1,Female,2,1,1,4,Lost Customers
51133,1,0.0,New (0-3m),STANDARD RISK,0.0,1.0,181.61,3,0,3,Male,5,1,4,10,Potential Loyalists
51134,0,9.0,Established (7-12m),STANDARD RISK,0.0,1.0,121.09,5,0,1,Female,5,1,1,7,At Risk
51135,0,0.0,New (0-3m),STANDARD RISK,7.0,1.0,152.94,3,0,1,Male,2,1,2,5,Lost Customers
51136,0,5.0,Growing (4-6m),STANDARD RISK,7.0,1.0,127.18,4,0,1,Male,2,1,1,4,Lost Customers
51137,0,11.0,Established (7-12m),STANDARD RISK,0.0,1.0,158.11,1,1,1,Male,5,1,3,9,At Risk
51138,1,6.0,Growing (4-6m),STANDARD RISK,0.0,1.0,124.37,3,1,1,Male,5,1,1,7,At Risk
51139,0,15.0,Mature (13-24m),LOW RISK,4.0,1.0,127.66,4,0,1,Male,3,1,1,5,Lost Customers
51140,0,28.0,Loyal (25m+),LOW RISK,0.0,1.0,290.38,5,0,1,Male,5,1,5,11,Potential Loyalists
51141,0,6.0,Growing (4-6m),STANDARD RISK,7.0,1.0,130.55,4,0,1,Male,2,1,1,4,Lost Customers
51142,0,9.0,Established (7-12m),STANDARD RISK,4.0,1.0,122.89,5,0,1,Male,3,1,1,5,Lost Customers
51143,0,7.0,Established (7-12m),STANDARD RISK,7.0,1.0,140.01,3,1,3,Male,2,1,1,4,Lost Customers
51144,0,26.0,Loyal (25m+),STANDARD RISK,3.0,1.0,229.65,3,1,1,Female,4,1,5,10,Potential Loyalists
51145,0,16.0,Mature (13-24m),STANDARD RISK,8.0,1.0,135.39,1,0,2,Male,2,1,1,4,Lost Customers
51146,0,7.0,Established (7-12m),STANDARD RISK,2.0,2.0,160.29,1,0,3,Female,4,2,3,9,At Risk
51147,1,0.0,New (0-3m),STANDARD RISK,0.0,1.0,126.79,4,0,3,Male,5,1,1,7,At Risk
51148,0,11.0,Established (7-12m),STANDARD RISK,4.0,1.0,137.02,3,0,1,Female,3,1,1,5,Lost Customers
51149,1,0.0,New (0-3m),STANDARD RISK,0.0,1.0,123.98,5,1,1,Female,5,1,1,7,At Risk
51150,0,4.0,Growing (4-6m),MEDIUM RISK,7.0,5.0,154.68,1,0,3,Female,2,5,3,10,Potential Loyalists
51151,0,24.0,Mature (13-24m),STANDARD RISK,3.0,2.0,231.16000000000005,3,0,1,Female,4,2,5,11,Potential Loyalists
51152,0,10.0,Established (7-12m),STANDARD RISK,3.0,1.0,141.89,4,0,3,Male,4,1,2,7,At Risk
51153,0,19.0,Mature (13-24m),STANDARD RISK,2.0,2.0,293.28,1,1,1,Male,4,2,5,11,Potential Loyalists
51154,0,9.0,Established (7-12m),STANDARD RISK,7.0,5.0,183.21,5,1,1,Male,2,5,4,11,Potential Loyalists
51155,1,7.0,Established (7-12m),STANDARD RISK,3.0,2.0,123.42,4,1,1,Male,4,2,1,7,At Risk
51156,0,10.0,Established (7-12m),STANDARD RISK,7.0,4.0,140.71,4,0,2,Male,2,4,1,7,At Risk
51157,1,0.0,New (0-3m),CRITICAL RISK,7.0,7.0,158.13,1,1,3,Male,2,5,3,10,Potential Loyalists
51158,0,6.0,Growing (4-6m),STANDARD RISK,6.0,7.0,131.43,5,0,1,Male,2,5,1,8,At Risk
51159,0,9.0,Established (7-12m),STANDARD RISK,3.0,1.0,120.44,1,0,1,Male,4,1,1,6,Lost Customers
51160,0,12.0,Established (7-12m),STANDARD RISK,2.0,2.0,234.64,3,0,1,Male,4,2,5,11,Potential Loyalists
51161,0,19.0,Mature (13-24m),LOW RISK,2.0,2.0,179.91,4,0,3,Male,4,2,4,10,Potential Loyalists
51162,0,13.0,Mature (13-24m),LOW RISK,2.0,1.0,133.77,5,0,1,Female,4,1,1,6,Lost Customers
51163,0,15.0,Mature (13-24m),LOW RISK,0.0,1.0,155.38,5,0,1,Male,5,1,3,9,At Risk
51164,0,8.0,Established (7-12m),STANDARD RISK,7.0,1.0,157.62,1,0,1,Male,2,1,3,6,Lost Customers
51165,0,11.0,Established (7-12m),STANDARD RISK,8.0,3.0,125.92,4,0,2,Male,2,4,1,7,At Risk
51166,1,0.0,New (0-3m),STANDARD RISK,7.0,1.0,153.46,5,0,1,Male,2,1,2,5,Lost Customers
51167,1,0.0,New (0-3m),STANDARD RISK,8.0,1.0,142.13,5,0,1,Male,2,1,2,5,Lost Customers
51168,0,12.0,Established (7-12m),STANDARD RISK,2.0,2.0,141.27,1,0,3,Male,4,2,2,8,At Risk
51169,0,16.0,Mature (13-24m),STANDARD RISK,2.0,1.0,124.38,3,0,1,Male,4,1,1,6,Lost Customers
51170,0,14.0,Mature (13-24m),LOW RISK,2.0,1.0,168.7,4,0,1,Male,4,1,3,8,At Risk
51171,0,14.0,Mature (13-24m),STANDARD RISK,5.0,13.0,204.47,3,1,3,Female,2,5,4,11,Potential Loyalists
51172,0,3.0,New (0-3m),STANDARD RISK,2.0,1.0,196.67,3,0,1,Female,4,1,4,9,At Risk
51173,1,9.0,Established (7-12m),STANDARD RISK,4.0,1.0,121.48,4,1,2,Female,3,1,1,5,Lost Customers
51174,1,9.0,Established (7-12m),STANDARD RISK,7.0,3.0,189.26,4,0,1,Female,2,4,4,10,Potential Loyalists
51175,0,13.0,Mature (13-24m),STANDARD RISK,3.0,1.0,165.13,1,0,1,Female,4,1,3,8,At Risk
51176,0,7.0,Established (7-12m),STANDARD RISK,8.0,4.0,167.99,3,0,3,Male,2,4,3,9,At Risk
51177,0,30.0,Loyal (25m+),LOW RISK,14.0,14.0,0.0,4,0,3,Male,1,5,1,7,At Risk
51178,0,8.0,Established (7-12m),STANDARD RISK,3.0,1.0,127.05,3,0,1,Male,4,1,1,6,Lost Customers
51179,0,20.0,Mature (13-24m),STANDARD RISK,10.0,14.0,203.33,4,1,1,Female,1,5,4,10,Potential Loyalists
51180,0,13.0,Mature (13-24m),LOW RISK,7.0,7.0,144.48,5,0,1,Female,2,5,2,9,At Risk
51181,0,27.0,Loyal (25m+),STANDARD RISK,7.0,1.0,168.54,1,0,1,Female,2,1,3,6,Lost Customers
51182,0,4.0,Growing (4-6m),STANDARD RISK,2.0,2.0,196.37,5,0,3,Female,4,2,4,10,Potential Loyalists
51183,0,1.0,New (0-3m),STANDARD RISK,2.0,1.0,135.91,5,0,1,Female,4,1,1,6,Lost Customers
51184,0,11.0,Established (7-12m),STANDARD RISK,3.0,1.0,154.05,1,1,3,Female,4,1,3,8,At Risk
51185,0,0.0,New (0-3m),STANDARD RISK,2.0,1.0,146.84,1,0,3,Male,4,1,2,7,At Risk
51186,0,30.0,Loyal (25m+),STANDARD RISK,2.0,2.0,257.87,3,1,1,Male,4,2,5,11,Potential Loyalists
51187,0,9.0,Established (7-12m),STANDARD RISK,0.0,1.0,115.14,3,0,1,Female,5,1,1,7,At Risk
51188,1,0.0,New (0-3m),STANDARD RISK,0.0,1.0,129.56,5,0,2,Male,5,1,1,7,At Risk
51189,1,0.0,New (0-3m),STANDARD RISK,0.0,2.0,123.35,5,1,2,Male,5,2,1,8,At Risk
51190,0,18.0,Mature (13-24m),STANDARD RISK,7.0,5.0,151.54,3,0,3,Female,2,5,2,9,At Risk
51191,0,9.0,Established (7-12m),STANDARD RISK,0.0,1.0,169.62,4,1,1,Female,5,1,3,9,At Risk
51192,0,16.0,Mature (13-24m),STANDARD RISK,7.0,7.0,156.75,1,0,3,Male,2,5,3,10,Potential Loyalists
51193,0,0.0,New (0-3m),CRITICAL RISK,2.0,1.0,123.79,1,1,1,Female,4,1,1,6,Lost Customers
51194,0,2.0,New (0-3m),STANDARD RISK,10.0,3.0,138.12,1,0,1,Male,1,4,1,6,Lost Customers
51195,0,5.0,Growing (4-6m),MEDIUM RISK,0.0,1.0,146.48,1,0,3,Male,5,1,2,8,At Risk
51196,0,15.0,Mature (13-24m),STANDARD RISK,3.0,3.0,129.36,3,0,1,Male,4,4,1,9,At Risk
51197,0,9.0,Established (7-12m),STANDARD RISK,0.0,2.0,121.05,3,0,1,Female,5,2,1,8,At Risk
51198,0,19.0,Mature (13-24m),STANDARD RISK,7.0,4.0,185.78,1,0,1,Male,2,4,4,10,Potential Loyalists
51199,0,1.0,New (0-3m),STANDARD RISK,2.0,2.0,127.06,1,0,2,Male,4,2,1,7,At Risk
51200,0,2.0,New (0-3m),STANDARD RISK,6.0,1.0,163.84,3,0,1,Male,2,1,3,6,Lost Customers
51201,0,15.0,Mature (13-24m),STANDARD RISK,0.0,1.0,139.68,3,0,1,Male,5,1,1,7,At Risk
51202,1,0.0,New (0-3m),STANDARD RISK,2.0,2.0,199.07,4,1,3,Male,4,2,4,10,Potential Loyalists
51203,0,19.0,Mature (13-24m),LOW RISK,8.0,2.0,232.25,5,0,3,Female,2,2,5,9,At Risk
51204,0,0.0,New (0-3m),STANDARD RISK,8.0,5.0,135.4,3,0,3,Female,2,5,1,8,At Risk
51205,0,2.0,New (0-3m),STANDARD RISK,0.0,1.0,128.04,4,0,2,Male,5,1,1,7,At Risk
51206,0,16.0,Mature (13-24m),STANDARD RISK,14.0,6.0,293.92,3,0,1,Female,1,5,5,11,Potential Loyalists
51207,0,21.0,Mature (13-24m),LOW RISK,9.0,12.0,296.65,4,0,1,Male,1,5,5,11,Potential Loyalists
51208,1,0.0,New (0-3m),CRITICAL RISK,0.0,1.0,124.39,1,1,1,Male,5,1,1,7,At Risk
51209,1,9.0,Established (7-12m),STANDARD RISK,7.0,1.0,173.14,4,0,3,Female,2,1,4,7,At Risk
51210,0,0.0,New (0-3m),STANDARD RISK,3.0,7.0,147.74,5,0,1,Female,4,5,2,11,Potential Loyalists
51211,0,12.0,Established (7-12m),STANDARD RISK,2.0,2.0,139.02,1,0,1,Male,4,2,1,7,At Risk
51212,0,28.0,Loyal (25m+),STANDARD RISK,4.0,1.0,126.62,1,0,1,Male,3,1,1,5,Lost Customers
51213,0,1.0,New (0-3m),STANDARD RISK,0.0,1.0,128.56,4,0,3,Female,5,1,1,7,At Risk
51214,1,0.0,New (0-3m),STANDARD RISK,0.0,1.0,110.81,1,0,3,Male,5,1,1,7,At Risk
51215,1,0.0,New (0-3m),STANDARD RISK,0.0,1.0,124.72,4,1,1,Male,5,1,1,7,At Risk
51216,0,9.0,Established (7-12m),STANDARD RISK,7.0,1.0,156.73,3,1,3,Female,2,1,3,6,Lost Customers
51217,0,4.0,Growing (4-6m),STANDARD RISK,2.0,1.0,141.97,3,0,1,Male,4,1,2,7,At Risk
51218,0,7.0,Established (7-12m),STANDARD RISK,0.0,1.0,197.13,1,1,3,Male,5,1,4,10,Potential Loyalists
51219,0,9.0,Established (7-12m),STANDARD RISK,2.0,1.0,120.62,5,0,1,Male,4,1,1,6,Lost Customers
51220,0,10.0,Established (7-12m),STANDARD RISK,4.0,1.0,142.84,5,1,1,Male,3,1,2,6,Lost Customers
51221,0,8.0,Established (7-12m),STANDARD RISK,2.0,1.0,147.88,4,1,1,Female,4,1,2,7,At Risk
51222,0,18.0,Mature (13-24m),STANDARD RISK,8.0,3.0,159.06,1,0,1,Female,2,4,3,9,At Risk
51223,0,9.0,Established (7-12m),STANDARD RISK,8.0,1.0,138.86,1,0,2,Male,2,1,1,4,Lost Customers
51224,0,13.0,Mature (13-24m),LOW RISK,16.0,11.0,268.23,5,0,1,Male,1,5,5,11,Potential Loyalists
51225,0,0.0,New (0-3m),STANDARD RISK,0.0,1.0,129.33,3,1,1,Female,5,1,1,7,At Risk
51226,0,0.0,New (0-3m),STANDARD RISK,7.0,1.0,165.0,3,0,3,Female,2,1,3,6,Lost Customers
51227,0,21.0,Mature (13-24m),STANDARD RISK,7.0,4.0,271.74,1,0,1,Female,2,4,5,11,Potential Loyalists
51228,0,17.0,Mature (13-24m),LOW RISK,2.0,2.0,150.33,5,0,1,Male,4,2,2,8,At Risk
51229,1,9.0,Established (7-12m),STANDARD RISK,0.0,3.0,123.07,5,1,1,Male,5,4,1,10,Potential Loyalists
51230,1,19.0,Mature (13-24m),STANDARD RISK,0.0,1.0,125.87,1,0,1,Male,5,1,1,7,At Risk
51231,0,9.0,Established (7-12m),STANDARD RISK,3.0,1.0,155.07,4,0,3,Male,4,1,3,8,At Risk
51232,0,14.0,Mature (13-24m),LOW RISK,4.0,1.0,143.93,4,0,3,Female,3,1,2,6,Lost Customers
51233,0,15.0,Mature (13-24m),LOW RISK,7.0,2.0,233.48,5,0,1,Male,2,2,5,9,At Risk
51234,0,4.0,Growing (4-6m),MEDIUM RISK,4.0,1.0,165.83,1,1,3,Female,3,1,3,7,At Risk
51235,0,7.0,Established (7-12m),STANDARD RISK,1.0,1.0,181.03,1,1,3,Female,5,1,4,10,Potential Loyalists
51236,0,4.0,Growing (4-6m),STANDARD RISK,2.0,2.0,139.78,3,0,1,Female,4,2,1,7,At Risk
51237,0,0.0,New (0-3m),STANDARD RISK,7.0,7.0,125.44,1,0,1,Male,2,5,1,8,At Risk
51238,0,18.0,Mature (13-24m),STANDARD RISK,3.0,1.0,153.99,3,0,1,Male,4,1,3,8,At Risk
51239,0,6.0,Growing (4-6m),STANDARD RISK,9.0,1.0,154.87,3,0,3,Male,1,1,3,5,Lost Customers
51240,0,1.0,New (0-3m),CRITICAL RISK,7.0,1.0,168.34,1,1,3,Male,2,1,3,6,Lost Customers
51241,1,0.0,New (0-3m),STANDARD RISK,0.0,1.0,110.91,5,0,3,Male,5,1,1,7,At Risk
51242,0,12.0,Established (7-12m),STANDARD RISK,2.0,1.0,157.36,3,0,3,Female,4,1,3,8,At Risk
51243,0,9.0,Established (7-12m),STANDARD RISK,2.0,1.0,122.26,4,0,1,Male,4,1,1,6,Lost Customers
51244,0,7.0,Established (7-12m),STANDARD RISK,11.0,6.0,157.47,1,1,1,Male,1,5,3,9,At Risk
51245,1,0.0,New (0-3m),STANDARD RISK,2.0,2.0,198.54,3,1,3,Female,4,2,4,10,Potential Loyalists
51246,0,20.0,Mature (13-24m),LOW RISK,7.0,1.0,154.67,4,0,1,Male,2,1,3,6,Lost Customers
51247,0,29.0,Loyal (25m+),LOW RISK,0.0,1.0,153.8,5,0,3,Female,5,1,3,9,At Risk
51248,0,12.0,Established (7-12m),STANDARD RISK,9.0,7.0,151.51,5,0,1,Male,1,5,2,8,At Risk
51249,0,9.0,Established (7-12m),STANDARD RISK,7.0,1.0,121.33,4,1,1,Female,2,1,1,4,Lost Customers
51250,0,30.0,Loyal (25m+),STANDARD RISK,0.0,1.0,278.75,1,1,3,Female,5,1,5,11,Potential Loyalists
51251,1,0.0,New (0-3m),STANDARD RISK,3.0,1.0,124.32,3,1,1,Female,4,1,1,6,Lost Customers
51252,0,11.0,Established (7-12m),STANDARD RISK,3.0,1.0,147.71,1,0,1,Male,4,1,2,7,At Risk
51253,0,22.0,Mature (13-24m),STANDARD RISK,3.0,4.0,291.61,1,0,1,Male,4,4,5,13,Loyal Customers
51254,0,15.0,Mature (13-24m),STANDARD RISK,0.0,1.0,150.87,1,1,3,Male,5,1,2,8,At Risk
51255,1,0.0,New (0-3m),STANDARD RISK,0.0,1.0,128.63,4,0,2,Female,5,1,1,7,At Risk
51256,0,8.0,Established (7-12m),STANDARD RISK,4.0,1.0,0.0,5,0,3,Male,3,1,1,5,Lost Customers
51257,0,9.0,Established (7-12m),STANDARD RISK,4.0,1.0,121.44,3,0,1,Male,3,1,1,5,Lost Customers
51258,0,4.0,Growing (4-6m),STANDARD RISK,3.0,2.0,130.65,5,1,1,Male,4,2,1,7,At Risk
51259,0,9.0,Established (7-12m),STANDARD RISK,2.0,1.0,128.1,4,0,1,Male,4,1,1,6,Lost Customers
51260,0,7.0,Established (7-12m),STANDARD RISK,1.0,2.0,198.88,1,0,3,Male,5,2,4,11,Potential Loyalists
51261,0,7.0,Established (7-12m),STANDARD RISK,1.0,1.0,186.28,3,0,3,Male,5,1,4,10,Potential Loyalists
51262,0,0.0,New (0-3m),STANDARD RISK,6.0,7.0,128.67,5,0,1,Male,2,5,1,8,At Risk
51263,0,2.0,New (0-3m),STANDARD RISK,2.0,1.0,153.73,5,0,1,Male,4,1,3,8,At Risk
51264,0,5.0,Growing (4-6m),MEDIUM RISK,2.0,1.0,166.67,1,0,1,Female,4,1,3,8,At Risk
51265,0,4.0,Growing (4-6m),STANDARD RISK,7.0,8.0,150.03,5,0,1,Male,2,5,2,9,At Risk
51266,1,0.0,New (0-3m),STANDARD RISK,3.0,1.0,123.67,1,0,1,Male,4,1,1,6,Lost Customers
51267,0,11.0,Established (7-12m),STANDARD RISK,0.0,1.0,128.58,5,0,3,Male,5,1,1,7,At Risk
51268,0,8.0,Established (7-12m),STANDARD RISK,9.0,1.0,152.04,1,1,3,Female,1,1,2,4,Lost Customers
51269,0,0.0,New (0-3m),STANDARD RISK,7.0,1.0,141.05,1,0,3,Male,2,1,2,5,Lost Customers
51270,0,5.0,Growing (4-6m),MEDIUM RISK,0.0,1.0,196.79,1,0,1,Male,5,1,4,10,Potential Loyalists
51271,1,0.0,New (0-3m),CRITICAL RISK,8.0,1.0,156.17,1,1,3,Male,2,1,3,6,Lost Customers
51272,1,16.0,Mature (13-24m),STANDARD RISK,2.0,2.0,204.48,5,1,3,Male,4,2,4,10,Potential Loyalists
51273,0,27.0,Loyal (25m+),STANDARD RISK,3.0,2.0,128.97,3,0,1,Female,4,2,1,7,At Risk
51274,0,6.0,Growing (4-6m),STANDARD RISK,8.0,2.0,159.68,3,0,1,Male,2,2,3,7,At Risk
51275,0,16.0,Mature (13-24m),STANDARD RISK,9.0,1.0,175.1,3,0,1,Male,1,1,4,6,Lost Customers
51276,0,11.0,Established (7-12m),STANDARD RISK,2.0,1.0,129.91,4,1,2,Male,4,1,1,6,Lost Customers
51277,0,28.0,Loyal (25m+),STANDARD RISK,4.0,1.0,296.36,4,1,2,Male,3,1,5,9,At Risk
51278,0,4.0,Growing (4-6m),MEDIUM RISK,0.0,1.0,111.29,1,1,1,Female,5,1,1,7,At Risk
51279,0,12.0,Established (7-12m),STANDARD RISK,10.0,2.0,233.41000000000005,5,0,3,Male,1,2,5,8,At Risk
51280,0,15.0,Mature (13-24m),STANDARD RISK,7.0,3.0,143.32,3,0,1,Male,2,4,2,8,At Risk
51281,0,4.0,Growing (4-6m),STANDARD RISK,3.0,4.0,210.31,3,0,1,Female,4,4,5,13,Loyal Customers
51282,0,27.0,Loyal (25m+),STANDARD RISK,4.0,1.0,144.4,5,1,1,Female,3,1,2,6,Lost Customers
51283,0,0.0,New (0-3m),STANDARD RISK,2.0,1.0,146.17,3,0,1,Male,4,1,2,7,At Risk
51284,0,0.0,New (0-3m),STANDARD RISK,4.0,1.0,126.47,1,0,1,Male,3,1,1,5,Lost Customers
51285,0,13.0,Mature (13-24m),STANDARD RISK,4.0,9.0,163.23,3,0,1,Female,3,5,3,11,Potential Loyalists
51286,0,13.0,Mature (13-24m),LOW RISK,10.0,5.0,156.77,4,0,3,Female,1,5,3,9,At Risk
51287,0,9.0,Established (7-12m),STANDARD RISK,2.0,1.0,121.87,4,0,2,Female,4,1,1,6,Lost Customers
51288,0,3.0,New (0-3m),STANDARD RISK,7.0,1.0,137.48,4,0,1,Male,2,1,1,4,Lost Customers
51289,0,0.0,New (0-3m),STANDARD RISK,2.0,1.0,139.77,3,1,1,Male,4,1,1,6,Lost Customers
51290,0,20.0,Mature (13-24m),STANDARD RISK,11.0,12.0,186.33,3,0,1,Male,1,5,4,10,Potential Loyalists
51291,0,9.0,Established (7-12m),STANDARD RISK,0.0,1.0,120.08,3,0,1,Male,5,1,1,7,At Risk
51292,0,11.0,Established (7-12m),STANDARD RISK,8.0,5.0,144.4,4,0,3,Male,2,5,2,9,At Risk
51293,0,4.0,Growing (4-6m),STANDARD RISK,2.0,1.0,130.67,3,0,3,Male,4,1,1,6,Lost Customers
51294,0,11.0,Established (7-12m),STANDARD RISK,7.0,7.0,153.21,3,0,1,Male,2,5,2,9,At Risk
51295,0,15.0,Mature (13-24m),STANDARD RISK,2.0,1.0,154.1,5,1,1,Male,4,1,3,8,At Risk
51296,0,14.0,Mature (13-24m),STANDARD RISK,0.0,1.0,127.82,1,0,1,Male,5,1,1,7,At Risk
51297,0,20.0,Mature (13-24m),LOW RISK,3.0,5.0,219.57,4,0,1,Female,4,5,5,14,Loyal Customers
51298,0,8.0,Established (7-12m),STANDARD RISK,2.0,2.0,126.6,3,1,1,Male,4,2,1,7,At Risk
51299,0,0.0,New (0-3m),STANDARD RISK,2.0,1.0,133.75,3,0,1,Male,4,1,1,6,Lost Customers
51300,0,8.0,Established (7-12m),STANDARD RISK,8.0,1.0,150.98,3,0,1,Male,2,1,2,5,Lost Customers
51301,0,6.0,Growing (4-6m),MEDIUM RISK,1.0,8.0,12.0,1,1,1,Female,5,5,1,11,Potential Loyalists
51302,0,5.0,Growing (4-6m),STANDARD RISK,1.0,4.0,128.37,4,0,1,Female,5,4,1,10,Potential Loyalists
51303,0,13.0,Mature (13-24m),STANDARD RISK,0.0,1.0,124.06,1,0,1,Male,5,1,1,7,At Risk
51304,0,9.0,Established (7-12m),STANDARD RISK,2.0,2.0,122.69,4,0,3,Male,4,2,1,7,At Risk
51305,0,12.0,Established (7-12m),STANDARD RISK,7.0,1.0,141.08,1,0,1,Male,2,1,2,5,Lost Customers
51306,0,11.0,Established (7-12m),STANDARD RISK,11.0,2.0,232.06,3,0,1,Female,1,2,5,8,At Risk
51307,0,5.0,Growing (4-6m),MEDIUM RISK,7.0,5.0,204.22,1,0,3,Female,2,5,4,11,Potential Loyalists
51308,0,10.0,Established (7-12m),STANDARD RISK,8.0,2.0,237.44,1,1,1,Female,2,2,5,9,At Risk
51309,0,0.0,New (0-3m),STANDARD RISK,4.0,1.0,149.07,3,1,3,Female,3,1,2,6,Lost Customers
51310,0,25.0,Loyal (25m+),STANDARD RISK,0.0,1.0,134.82,1,0,3,Male,5,1,1,7,At Risk
51311,0,17.0,Mature (13-24m),STANDARD RISK,2.0,1.0,124.36,1,1,1,Male,4,1,1,6,Lost Customers
51312,0,0.0,New (0-3m),STANDARD RISK,2.0,1.0,123.8,5,1,3,Male,4,1,1,6,Lost Customers
51313,0,12.0,Established (7-12m),STANDARD RISK,3.0,1.0,294.31,1,0,1,Male,4,1,5,10,Potential Loyalists
51314,1,9.0,Established (7-12m),STANDARD RISK,0.0,1.0,117.9,5,0,3,Male,5,1,1,7,At Risk
51315,0,9.0,Established (7-12m),STANDARD RISK,4.0,3.0,176.44,1,0,3,Female,3,4,4,11,Potential Loyalists
51316,0,9.0,Established (7-12m),STANDARD RISK,2.0,1.0,151.31,4,0,1,Female,4,1,2,7,At Risk
51317,0,29.0,Loyal (25m+),STANDARD RISK,9.0,1.0,163.06,3,0,1,Male,1,1,3,5,Lost Customers
51318,1,0.0,New (0-3m),CRITICAL RISK,2.0,2.0,147.87,1,1,1,Male,4,2,2,8,At Risk
51319,0,15.0,Mature (13-24m),STANDARD RISK,14.0,4.0,288.8,3,0,1,Male,1,4,5,10,Potential Loyalists
51320,1,19.0,Mature (13-24m),STANDARD RISK,8.0,9.0,123.39,3,0,1,Male,2,5,1,8,At Risk
51321,0,14.0,Mature (13-24m),LOW RISK,10.0,2.0,235.7,4,0,1,Female,1,2,5,8,At Risk
51322,0,7.0,Established (7-12m),STANDARD RISK,7.0,1.0,167.12,3,0,3,Female,2,1,3,6,Lost Customers
51323,0,9.0,Established (7-12m),STANDARD RISK,11.0,11.0,154.06,1,0,3,Male,1,5,3,9,At Risk
51324,0,14.0,Mature (13-24m),LOW RISK,4.0,1.0,189.38,4,0,3,Male,3,1,4,8,At Risk
51325,0,5.0,Growing (4-6m),STANDARD RISK,2.0,1.0,124.39,5,0,1,Male,4,1,1,6,Lost Customers
51326,0,8.0,Established (7-12m),STANDARD RISK,7.0,1.0,188.37,1,1,2,Female,2,1,4,7,At Risk
51327,0,11.0,Established (7-12m),STANDARD RISK,9.0,1.0,153.43,1,0,3,Female,1,1,2,4,Lost Customers
51328,1,13.0,Mature (13-24m),STANDARD RISK,1.0,1.0,167.28,3,0,3,Male,5,1,3,9,At Risk
51329,0,9.0,Established (7-12m),STANDARD RISK,0.0,1.0,166.52,1,0,3,Female,5,1,3,9,At Risk
51330,0,18.0,Mature (13-24m),STANDARD RISK,1.0,1.0,148.5,3,0,3,Female,5,1,2,8,At Risk
51331,0,13.0,Mature (13-24m),STANDARD RISK,2.0,2.0,128.09,3,0,1,Male,4,2,1,7,At Risk
51332,0,8.0,Established (7-12m),STANDARD RISK,2.0,1.0,156.89,3,1,1,Male,4,1,3,8,At Risk
51333,0,9.0,Established (7-12m),STANDARD RISK,2.0,1.0,120.01,3,0,1,Female,4,1,1,6,Lost Customers
51334,0,8.0,Established (7-12m),STANDARD RISK,1.0,1.0,129.77,1,0,1,Female,5,1,1,7,At Risk
51335,0,2.0,New (0-3m),STANDARD RISK,3.0,1.0,140.25,4,1,1,Male,4,1,1,6,Lost Customers
51336,0,2.0,New (0-3m),STANDARD RISK,4.0,1.0,137.85,5,0,1,Female,3,1,1,5,Lost Customers
51337,1,13.0,Mature (13-24m),STANDARD RISK,0.0,2.0,208.54,5,1,3,Male,5,2,4,11,Potential Loyalists
51338,0,12.0,Established (7-12m),STANDARD RISK,3.0,9.0,220.31,1,0,3,Female,4,5,5,14,Loyal Customers
51339,0,4.0,Growing (4-6m),STANDARD RISK,7.0,1.0,199.36,5,0,1,Male,2,1,4,7,At Risk
51340,0,0.0,New (0-3m),STANDARD RISK,0.0,1.0,129.66,3,0,3,Female,5,1,1,7,At Risk
51341,0,9.0,Established (7-12m),STANDARD RISK,3.0,1.0,125.71,1,0,1,Male,4,1,1,6,Lost Customers
51342,0,12.0,Established (7-12m),STANDARD RISK,7.0,1.0,199.91,5,0,1,Male,2,1,4,7,At Risk
51343,0,0.0,New (0-3m),STANDARD RISK,3.0,1.0,161.42,4,1,1,Male,4,1,3,8,At Risk
51344,0,22.0,Mature (13-24m),LOW RISK,8.0,1.0,153.9,4,0,3,Male,2,1,3,6,Lost Customers
51345,0,7.0,Established (7-12m),STANDARD RISK,2.0,1.0,144.04,3,0,1,Male,4,1,2,7,At Risk
51346,1,4.0,Growing (4-6m),MEDIUM RISK,5.0,1.0,159.93,1,1,3,Female,2,1,3,6,Lost Customers
51347,0,22.0,Mature (13-24m),LOW RISK,7.0,1.0,151.3,4,0,1,Male,2,1,2,5,Lost Customers
51348,1,9.0,Established (7-12m),STANDARD RISK,0.0,1.0,120.9,3,1,1,Male,5,1,1,7,At Risk
51349,0,6.0,Growing (4-6m),STANDARD RISK,0.0,3.0,129.09,3,1,1,Female,5,4,1,10,Potential Loyalists
51350,0,0.0,New (0-3m),STANDARD RISK,2.0,2.0,134.68,4,0,1,Male,4,2,1,7,At Risk
51351,0,5.0,Growing (4-6m),MEDIUM RISK,6.0,3.0,130.68,1,0,1,Male,2,4,1,7,At Risk
51352,0,30.0,Loyal (25m+),STANDARD RISK,0.0,1.0,126.7,5,1,1,Female,5,1,1,7,At Risk
51353,0,3.0,New (0-3m),STANDARD RISK,0.0,1.0,126.93,3,0,1,Male,5,1,1,7,At Risk
51354,0,11.0,Established (7-12m),STANDARD RISK,8.0,1.0,195.26,3,0,1,Male,2,1,4,7,At Risk
51355,0,9.0,Established (7-12m),STANDARD RISK,7.0,7.0,152.37,3,0,1,Male,2,5,2,9,At Risk
51356,0,8.0,Established (7-12m),STANDARD RISK,3.0,1.0,124.26,4,0,1,Male,4,1,1,6,Lost Customers
51357,0,2.0,New (0-3m),STANDARD RISK,8.0,1.0,141.93,3,1,1,Female,2,1,2,5,Lost Customers
51358,0,4.0,Growing (4-6m),STANDARD RISK,3.0,4.0,129.11,3,0,1,Male,4,4,1,9,At Risk
51359,0,7.0,Established (7-12m),STANDARD RISK,2.0,1.0,126.61,1,0,1,Male,4,1,1,6,Lost Customers
51360,1,9.0,Established (7-12m),STANDARD RISK,3.0,1.0,120.28,3,1,1,Male,4,1,1,6,Lost Customers
51361,0,2.0,New (0-3m),STANDARD RISK,8.0,8.0,199.8,5,0,1,Female,2,5,4,11,Potential Loyalists
51362,0,5.0,Growing (4-6m),STANDARD RISK,5.0,1.0,132.98,4,1,1,Male,2,1,1,4,Lost Customers
51363,0,0.0,New (0-3m),CRITICAL RISK,0.0,1.0,129.35,1,1,1,Male,5,1,1,7,At Risk
51364,0,26.0,Loyal (25m+),STANDARD RISK,7.0,2.0,254.27,1,0,3,Female,2,2,5,9,At Risk
51365,0,11.0,Established (7-12m),STANDARD RISK,2.0,1.0,139.44,1,1,1,Male,4,1,1,6,Lost Customers
51366,0,0.0,New (0-3m),STANDARD RISK,3.0,1.0,140.11,3,0,1,Female,4,1,1,6,Lost Customers
51367,1,0.0,New (0-3m),STANDARD RISK,3.0,1.0,134.07,5,0,3,Male,4,1,1,6,Lost Customers
51368,0,7.0,Established (7-12m),STANDARD RISK,3.0,2.0,219.94,4,0,1,Female,4,2,5,11,Potential Loyalists
51369,0,9.0,Established (7-12m),STANDARD RISK,0.0,1.0,112.32,1,0,1,Male,5,1,1,7,At Risk
51370,1,0.0,New (0-3m),STANDARD RISK,3.0,1.0,129.6,5,0,1,Male,4,1,1,6,Lost Customers
51371,0,26.0,Loyal (25m+),STANDARD RISK,8.0,4.0,290.94,3,0,1,Female,2,4,5,11,Potential Loyalists
51372,1,0.0,New (0-3m),STANDARD RISK,7.0,6.0,139.19,5,1,1,Female,2,5,1,8,At Risk
51373,0,15.0,Mature (13-24m),LOW RISK,2.0,4.0,168.25,4,0,3,Male,4,4,3,11,Potential Loyalists
51374,0,17.0,Mature (13-24m),STANDARD RISK,17.0,5.0,202.48,1,0,1,Female,1,5,4,10,Potential Loyalists
51375,0,19.0,Mature (13-24m),LOW RISK,1.0,2.0,289.47,5,0,3,Female,5,2,5,12,Potential Loyalists
51376,0,6.0,Growing (4-6m),MEDIUM RISK,0.0,1.0,124.96,1,0,1,Male,5,1,1,7,At Risk
51377,0,17.0,Mature (13-24m),STANDARD RISK,3.0,1.0,164.65,1,1,1,Male,4,1,3,8,At Risk
51378,0,9.0,Established (7-12m),STANDARD RISK,8.0,1.0,122.06,3,0,1,Male,2,1,1,4,Lost Customers
51379,1,9.0,Established (7-12m),STANDARD RISK,0.0,1.0,120.86,1,0,3,Male,5,1,1,7,At Risk
51380,1,9.0,Established (7-12m),STANDARD RISK,0.0,2.0,122.93,1,1,1,Male,5,2,1,8,At Risk
51381,0,16.0,Mature (13-24m),STANDARD RISK,4.0,1.0,126.45,3,0,1,Female,3,1,1,5,Lost Customers
51382,1,13.0,Mature (13-24m),STANDARD RISK,2.0,1.0,126.83,3,1,3,Male,4,1,1,6,Lost Customers
51383,0,9.0,Established (7-12m),STANDARD RISK,2.0,2.0,120.14,1,0,3,Female,4,2,1,7,At Risk
51384,0,9.0,Established (7-12m),STANDARD RISK,0.0,1.0,134.19,5,1,1,Female,5,1,1,7,At Risk
51385,0,6.0,Growing (4-6m),STANDARD RISK,3.0,1.0,153.76,5,0,3,Female,4,1,3,8,At Risk
51386,0,9.0,Established (7-12m),STANDARD RISK,0.0,1.0,119.51,1,0,1,Male,5,1,1,7,At Risk
51387,0,0.0,New (0-3m),STANDARD RISK,0.0,1.0,123.41,5,0,1,Female,5,1,1,7,At Risk
51388,1,9.0,Established (7-12m),STANDARD RISK,1.0,1.0,122.93,3,0,1,Male,5,1,1,7,At Risk
51389,0,0.0,New (0-3m),STANDARD RISK,7.0,1.0,187.26,3,0,3,Male,2,1,4,7,At Risk
51390,0,3.0,New (0-3m),STANDARD RISK,7.0,3.0,140.11,1,0,1,Female,2,4,1,7,At Risk
51391,1,4.0,Growing (4-6m),STANDARD RISK,8.0,15.0,295.45,3,0,1,Female,2,5,5,12,Potential Loyalists
51392,0,7.0,Established (7-12m),STANDARD RISK,7.0,8.0,145.68,3,0,3,Male,2,5,2,9,At Risk
51393,0,10.0,Established (7-12m),STANDARD RISK,0.0,1.0,130.22,4,0,1,Male,5,1,1,7,At Risk
51394,0,19.0,Mature (13-24m),STANDARD RISK,8.0,1.0,157.72,1,1,3,Male,2,1,3,6,Lost Customers
51395,0,9.0,Established (7-12m),STANDARD RISK,1.0,1.0,122.69,1,0,1,Male,5,1,1,7,At Risk
51396,1,11.0,Established (7-12m),STANDARD RISK,0.0,1.0,153.81,3,1,1,Male,5,1,3,9,At Risk
51397,1,0.0,New (0-3m),STANDARD RISK,2.0,2.0,134.41,3,1,1,Male,4,2,1,7,At Risk
51398,0,17.0,Mature (13-24m),STANDARD RISK,3.0,1.0,154.54,5,1,3,Female,4,1,3,8,At Risk
51399,0,8.0,Established (7-12m),STANDARD RISK,3.0,2.0,198.84,5,1,1,Male,4,2,4,10,Potential Loyalists
51400,0,0.0,New (0-3m),CRITICAL RISK,0.0,1.0,141.57,1,1,3,Female,5,1,2,8,At Risk
51401,0,6.0,Growing (4-6m),MEDIUM RISK,12.0,2.0,234.58,1,1,1,Female,1,2,5,8,At Risk
51402,0,8.0,Established (7-12m),STANDARD RISK,8.0,1.0,190.69,5,0,3,Male,2,1,4,7,At Risk
51403,0,8.0,Established (7-12m),STANDARD RISK,2.0,2.0,140.14,5,1,1,Female,4,2,1,7,At Risk
51404,0,4.0,Growing (4-6m),MEDIUM RISK,7.0,1.0,159.15,1,0,1,Male,2,1,3,6,Lost Customers
51405,0,10.0,Established (7-12m),STANDARD RISK,7.0,1.0,159.93,3,0,1,Male,2,1,3,6,Lost Customers
51406,0,5.0,Growing (4-6m),MEDIUM RISK,8.0,7.0,161.62,1,1,1,Male,2,5,3,10,Potential Loyalists
51407,0,11.0,Established (7-12m),STANDARD RISK,9.0,9.0,124.06,1,0,1,Female,1,5,1,7,At Risk
51408,0,23.0,Mature (13-24m),STANDARD RISK,8.0,13.0,287.4,3,1,1,Female,2,5,5,12,Potential Loyalists
51409,0,30.0,Loyal (25m+),LOW RISK,9.0,7.0,176.37,5,0,3,Female,1,5,4,10,Potential Loyalists
51410,0,9.0,Established (7-12m),STANDARD RISK,8.0,12.0,200.96,3,0,1,Female,2,5,4,11,Potential Loyalists
51411,0,28.0,Loyal (25m+),STANDARD RISK,2.0,2.0,247.56,3,1,1,Female,4,2,5,11,Potential Loyalists
51412,0,9.0,Established (7-12m),STANDARD RISK,3.0,1.0,164.99,4,0,1,Male,4,1,3,8,At Risk
51413,0,18.0,Mature (13-24m),LOW RISK,0.0,1.0,197.24,5,0,1,Male,5,1,4,10,Potential Loyalists
51414,0,9.0,Established (7-12m),STANDARD RISK,2.0,1.0,121.94,5,0,1,Male,4,1,1,6,Lost Customers
51415,1,0.0,New (0-3m),STANDARD RISK,0.0,1.0,133.88,3,1,1,Male,5,1,1,7,At Risk
51416,0,30.0,Loyal (25m+),STANDARD RISK,3.0,1.0,154.73,3,0,3,Female,4,1,3,8,At Risk
51417,0,2.0,New (0-3m),STANDARD RISK,4.0,1.0,127.03,4,0,1,Male,3,1,1,5,Lost Customers
51418,0,4.0,Growing (4-6m),STANDARD RISK,0.0,1.0,125.01,4,0,1,Male,5,1,1,7,At Risk
51419,0,5.0,Growing (4-6m),STANDARD RISK,9.0,1.0,162.2,4,0,1,Male,1,1,3,5,Lost Customers
51420,0,9.0,Established (7-12m),STANDARD RISK,0.0,1.0,130.38,1,0,1,Female,5,1,1,7,At Risk
51421,0,4.0,Growing (4-6m),MEDIUM RISK,8.0,1.0,144.24,1,0,1,Female,2,1,2,5,Lost Customers
51422,0,8.0,Established (7-12m),STANDARD RISK,8.0,2.0,143.12,5,0,3,Male,2,2,2,6,Lost Customers
51423,0,18.0,Mature (13-24m),STANDARD RISK,0.0,2.0,232.45,5,1,1,Male,5,2,5,12,Potential Loyalists
51424,0,10.0,Established (7-12m),STANDARD RISK,2.0,2.0,236.64,3,0,1,Male,4,2,5,11,Potential Loyalists
51425,0,19.0,Mature (13-24m),STANDARD RISK,2.0,1.0,150.21,4,1,2,Male,4,1,2,7,At Risk
51426,0,3.0,New (0-3m),CRITICAL RISK,0.0,3.0,151.26,1,1,1,Male,5,4,2,11,Potential Loyalists
51427,0,8.0,Established (7-12m),STANDARD RISK,4.0,1.0,128.59,3,0,1,Male,3,1,1,5,Lost Customers
51428,0,28.0,Loyal (25m+),STANDARD RISK,0.0,1.0,202.39,1,0,3,Male,5,1,4,10,Potential Loyalists
51429,0,11.0,Established (7-12m),STANDARD RISK,9.0,1.0,153.29,1,1,1,Female,1,1,2,4,Lost Customers
51430,0,7.0,Established (7-12m),STANDARD RISK,3.0,1.0,143.25,4,0,1,Male,4,1,2,7,At Risk
51431,0,29.0,Loyal (25m+),STANDARD RISK,2.0,1.0,172.6,1,0,1,Male,4,1,3,8,At Risk
51432,0,0.0,New (0-3m),STANDARD RISK,0.0,1.0,123.22,5,0,3,Male,5,1,1,7,At Risk
51433,0,9.0,Established (7-12m),STANDARD RISK,3.0,1.0,120.75,1,0,1,Male,4,1,1,6,Lost Customers
51434,0,3.0,New (0-3m),STANDARD RISK,8.0,10.0,141.52,1,0,1,Male,2,5,2,9,At Risk
51435,1,9.0,Established (7-12m),STANDARD RISK,7.0,4.0,196.19,1,0,3,Male,2,4,4,10,Potential Loyalists
51436,0,13.0,Mature (13-24m),LOW RISK,11.0,2.0,235.03,4,0,1,Male,1,2,5,8,At Risk
51437,0,24.0,Mature (13-24m),STANDARD RISK,0.0,1.0,154.41,1,1,3,Male,5,1,3,9,At Risk
51438,0,3.0,New (0-3m),STANDARD RISK,7.0,2.0,152.09,4,1,3,Female,2,2,2,6,Lost Customers
51439,0,19.0,Mature (13-24m),STANDARD RISK,5.0,9.0,206.73,5,1,1,Male,2,5,4,11,Potential Loyalists
51440,0,5.0,Growing (4-6m),STANDARD RISK,7.0,5.0,150.1,3,0,3,Male,2,5,2,9,At Risk
51441,0,27.0,Loyal (25m+),STANDARD RISK,3.0,2.0,235.49,3,0,1,Female,4,2,5,11,Potential Loyalists
51442,0,0.0,New (0-3m),STANDARD RISK,2.0,1.0,149.99,3,0,3,Female,4,1,2,7,At Risk
51443,0,1.0,New (0-3m),STANDARD RISK,4.0,1.0,142.21,3,0,3,Male,3,1,2,6,Lost Customers
51444,0,30.0,Loyal (25m+),STANDARD RISK,8.0,2.0,238.72000000000003,3,0,3,Male,2,2,5,9,At Risk
51445,0,9.0,Established (7-12m),STANDARD RISK,2.0,1.0,120.42,4,0,1,Male,4,1,1,6,Lost Customers
51446,1,9.0,Established (7-12m),STANDARD RISK,2.0,1.0,120.73,5,1,2,Male,4,1,1,6,Lost Customers
51447,0,5.0,Growing (4-6m),STANDARD RISK,0.0,1.0,129.56,5,0,1,Male,5,1,1,7,At Risk
51448,1,0.0,New (0-3m),CRITICAL RISK,0.0,1.0,129.26,1,1,1,Female,5,1,1,7,At Risk
51449,0,7.0,Established (7-12m),STANDARD RISK,10.0,2.0,148.09,3,0,1,Female,1,2,2,5,Lost Customers
51450,0,10.0,Established (7-12m),STANDARD RISK,0.0,1.0,151.63,1,0,1,Male,5,1,2,8,At Risk
51451,0,30.0,Loyal (25m+),STANDARD RISK,2.0,2.0,288.44,1,0,2,Female,4,2,5,11,Potential Loyalists
51452,0,23.0,Mature (13-24m),STANDARD RISK,7.0,1.0,281.72,4,1,1,Female,2,1,5,8,At Risk
51453,1,0.0,New (0-3m),STANDARD RISK,3.0,1.0,157.44,3,1,3,Male,4,1,3,8,At Risk
51454,0,0.0,New (0-3m),STANDARD RISK,1.0,2.0,128.89,1,0,1,Male,5,2,1,8,At Risk
51455,0,0.0,New (0-3m),STANDARD RISK,0.0,1.0,128.71,1,0,1,Female,5,1,1,7,At Risk
51456,0,24.0,Mature (13-24m),LOW RISK,8.0,12.0,174.84,5,0,1,Female,2,5,4,11,Potential Loyalists
51457,1,0.0,New (0-3m),STANDARD RISK,6.0,1.0,160.74,3,1,1,Male,2,1,3,6,Lost Customers
51458,0,27.0,Loyal (25m+),STANDARD RISK,4.0,4.0,273.28,1,1,2,Female,3,4,5,12,Potential Loyalists
51459,0,0.0,New (0-3m),STANDARD RISK,2.0,1.0,127.74,3,0,1,Male,4,1,1,6,Lost Customers
51460,0,7.0,Established (7-12m),STANDARD RISK,0.0,1.0,145.05,4,0,1,Female,5,1,2,8,At Risk
51461,0,10.0,Established (7-12m),STANDARD RISK,3.0,1.0,174.28,1,0,3,Male,4,1,4,9,At Risk
51462,0,7.0,Established (7-12m),STANDARD RISK,3.0,5.0,216.31,5,0,1,Female,4,5,5,14,Loyal Customers
51463,0,9.0,Established (7-12m),STANDARD RISK,8.0,2.0,197.38,1,0,3,Female,2,2,4,8,At Risk
51464,0,9.0,Established (7-12m),STANDARD RISK,0.0,1.0,128.35,1,0,1,Female,5,1,1,7,At Risk
51465,0,16.0,Mature (13-24m),STANDARD RISK,12.0,4.0,269.59,1,1,3,Male,1,4,5,10,Potential Loyalists
51466,0,3.0,New (0-3m),STANDARD RISK,9.0,1.0,126.13,3,0,1,Male,1,1,1,3,Lost Customers
51467,0,6.0,Growing (4-6m),STANDARD RISK,7.0,1.0,161.46,4,0,3,Male,2,1,3,6,Lost Customers
51468,1,19.0,Mature (13-24m),STANDARD RISK,3.0,4.0,149.63,4,1,1,Female,4,4,2,10,Potential Loyalists
51469,0,24.0,Mature (13-24m),STANDARD RISK,15.0,15.0,295.37,3,0,1,Male,1,5,5,11,Potential Loyalists
51470,1,0.0,New (0-3m),STANDARD RISK,7.0,7.0,161.72,3,1,3,Male,2,5,3,10,Potential Loyalists
51471,0,0.0,New (0-3m),STANDARD RISK,3.0,4.0,123.68,4,0,1,Female,4,4,1,9,At Risk
51472,1,20.0,Mature (13-24m),STANDARD RISK,6.0,15.0,203.12,1,0,1,Female,2,5,4,11,Potential Loyalists
51473,1,9.0,Established (7-12m),STANDARD RISK,0.0,1.0,116.75,3,1,3,Male,5,1,1,7,At Risk
51474,0,0.0,New (0-3m),STANDARD RISK,1.0,2.0,125.23,1,0,1,Male,5,2,1,8,At Risk
51475,0,22.0,Mature (13-24m),LOW RISK,11.0,5.0,165.67,5,0,1,Female,1,5,3,9,At Risk
51476,0,16.0,Mature (13-24m),STANDARD RISK,2.0,1.0,147.39,3,0,1,Female,4,1,2,7,At Risk
51477,0,23.0,Mature (13-24m),STANDARD RISK,1.0,2.0,192.08,1,0,3,Female,5,2,4,11,Potential Loyalists
51478,1,0.0,New (0-3m),STANDARD RISK,2.0,2.0,145.59,3,1,3,Female,4,2,2,8,At Risk
51479,0,14.0,Mature (13-24m),STANDARD RISK,7.0,1.0,181.89,3,1,3,Male,2,1,4,7,At Risk
51480,0,0.0,New (0-3m),STANDARD RISK,7.0,5.0,129.42,3,0,2,Female,2,5,1,8,At Risk
51481,0,9.0,Established (7-12m),STANDARD RISK,1.0,1.0,149.41,4,0,1,Male,5,1,2,8,At Risk
51482,1,14.0,Mature (13-24m),STANDARD RISK,3.0,1.0,206.5,1,0,1,Male,4,1,4,9,At Risk
51483,0,12.0,Established (7-12m),STANDARD RISK,9.0,5.0,159.02,3,0,3,Female,1,5,3,9,At Risk
51484,0,0.0,New (0-3m),STANDARD RISK,2.0,2.0,186.39,3,0,3,Male,4,2,4,10,Potential Loyalists
51485,0,3.0,New (0-3m),CRITICAL RISK,7.0,4.0,163.47,1,1,2,Male,2,4,3,9,At Risk
51486,1,0.0,New (0-3m),STANDARD RISK,4.0,1.0,142.0,5,0,1,Female,3,1,2,6,Lost Customers
51487,0,18.0,Mature (13-24m),STANDARD RISK,3.0,1.0,134.52,1,0,1,Male,4,1,1,6,Lost Customers
51488,0,11.0,Established (7-12m),STANDARD RISK,2.0,2.0,143.17,3,1,1,Female,4,2,2,8,At Risk
51489,0,3.0,New (0-3m),STANDARD RISK,4.0,1.0,126.32,3,0,1,Female,3,1,1,5,Lost Customers
51490,0,5.0,Growing (4-6m),MEDIUM RISK,7.0,1.0,146.68,1,0,3,Male,2,1,2,5,Lost Customers
51491,0,3.0,New (0-3m),STANDARD RISK,30.0,2.0,132.04,5,0,1,Female,1,2,1,4,Lost Customers
51492,0,3.0,New (0-3m),STANDARD RISK,2.0,1.0,127.2,1,0,1,Male,4,1,1,6,Lost Customers
51493,0,14.0,Mature (13-24m),LOW RISK,7.0,7.0,271.81,5,0,1,Male,2,5,5,12,Potential Loyalists
51494,0,9.0,Established (7-12m),STANDARD RISK,4.0,1.0,122.38,5,0,1,Male,3,1,1,5,Lost Customers
51495,0,9.0,Established (7-12m),STANDARD RISK,0.0,1.0,114.83,4,0,1,Female,5,1,1,7,At Risk
51496,0,13.0,Mature (13-24m),LOW RISK,13.0,2.0,156.05,4,0,1,Female,1,2,3,6,Lost Customers
51497,0,8.0,Established (7-12m),STANDARD RISK,6.0,1.0,172.95,4,0,3,Male,2,1,3,6,Lost Customers
51498,0,9.0,Established (7-12m),STANDARD RISK,5.0,4.0,123.06,3,1,3,Male,2,4,1,7,At Risk
51499,0,18.0,Mature (13-24m),LOW RISK,15.0,1.0,123.48,4,0,1,Male,1,1,1,3,Lost Customers
51500,0,5.0,Growing (4-6m),MEDIUM RISK,7.0,3.0,189.98,1,0,3,Female,2,4,4,10,Potential Loyalists
51501,0,2.0,New (0-3m),STANDARD RISK,9.0,1.0,143.19,3,0,1,Male,1,1,2,4,Lost Customers
51502,0,24.0,Mature (13-24m),STANDARD RISK,0.0,1.0,161.32,3,0,1,Male,5,1,3,9,At Risk
51503,0,30.0,Loyal (25m+),STANDARD RISK,0.0,1.0,133.46,4,1,1,Female,5,1,1,7,At Risk
51504,0,13.0,Mature (13-24m),STANDARD RISK,11.0,2.0,208.55,1,0,3,Male,1,2,4,7,At Risk
51505,0,9.0,Established (7-12m),STANDARD RISK,2.0,1.0,122.31,3,0,3,Female,4,1,1,6,Lost Customers
51506,0,0.0,New (0-3m),STANDARD RISK,2.0,2.0,123.23,1,0,1,Male,4,2,1,7,At Risk
51507,0,9.0,Established (7-12m),STANDARD RISK,2.0,2.0,120.24,4,0,1,Male,4,2,1,7,At Risk
51508,0,1.0,New (0-3m),STANDARD RISK,2.0,1.0,127.13,1,0,1,Male,4,1,1,6,Lost Customers
51509,0,30.0,Loyal (25m+),STANDARD RISK,4.0,1.0,194.39,1,1,1,Male,3,1,4,8,At Risk
51510,0,0.0,New (0-3m),STANDARD RISK,1.0,1.0,125.66,3,1,1,Male,5,1,1,7,At Risk
51511,0,23.0,Mature (13-24m),LOW RISK,4.0,4.0,299.26,4,0,1,Female,3,4,5,12,Potential Loyalists
51512,0,14.0,Mature (13-24m),STANDARD RISK,8.0,1.0,124.51,3,0,1,Male,2,1,1,4,Lost Customers
51513,0,3.0,New (0-3m),STANDARD RISK,4.0,7.0,194.19,1,0,3,Female,3,5,4,12,Potential Loyalists
51514,0,11.0,Established (7-12m),STANDARD RISK,7.0,1.0,186.86,1,0,3,Female,2,1,4,7,At Risk
51515,0,5.0,Growing (4-6m),STANDARD RISK,4.0,1.0,130.38,3,0,1,Male,3,1,1,5,Lost Customers
51516,0,0.0,New (0-3m),STANDARD RISK,1.0,1.0,130.58,4,1,1,Male,5,1,1,7,At Risk
51517,1,0.0,New (0-3m),STANDARD RISK,0.0,1.0,123.25,5,0,3,Female,5,1,1,7,At Risk
51518,0,9.0,Established (7-12m),STANDARD RISK,2.0,7.0,120.88,4,0,1,Male,4,5,1,10,Potential Loyalists
51519,0,3.0,New (0-3m),STANDARD RISK,10.0,6.0,130.72,5,0,1,Male,1,5,1,7,At Risk
51520,0,18.0,Mature (13-24m),STANDARD RISK,3.0,1.0,150.06,5,1,3,Female,4,1,2,7,At Risk
51521,0,29.0,Loyal (25m+),STANDARD RISK,2.0,2.0,142.57,5,1,1,Female,4,2,2,8,At Risk
51522,0,6.0,Growing (4-6m),MEDIUM RISK,2.0,1.0,125.0,1,0,1,Male,4,1,1,6,Lost Customers
51523,1,0.0,New (0-3m),STANDARD RISK,0.0,1.0,111.02,1,0,1,Male,5,1,1,7,At Risk
51524,0,19.0,Mature (13-24m),LOW RISK,7.0,15.0,204.53,5,0,3,Female,2,5,4,11,Potential Loyalists
51525,0,9.0,Established (7-12m),STANDARD RISK,1.0,2.0,122.88,1,0,1,Female,5,2,1,8,At Risk
51526,0,4.0,Growing (4-6m),MEDIUM RISK,2.0,1.0,139.29,1,1,1,Female,4,1,1,6,Lost Customers
51527,0,9.0,Established (7-12m),STANDARD RISK,2.0,1.0,123.11,4,0,1,Female,4,1,1,6,Lost Customers
51528,1,4.0,Growing (4-6m),STANDARD RISK,2.0,1.0,131.4,4,1,3,Female,4,1,1,6,Lost Customers
51529,0,23.0,Mature (13-24m),STANDARD RISK,2.0,1.0,136.9,3,0,1,Male,4,1,1,6,Lost Customers
51530,0,26.0,Loyal (25m+),LOW RISK,3.0,1.0,144.5,5,0,1,Female,4,1,2,7,At Risk
51531,0,6.0,Growing (4-6m),STANDARD RISK,6.0,1.0,127.56,4,0,1,Female,2,1,1,4,Lost Customers
51532,0,13.0,Mature (13-24m),STANDARD RISK,9.0,9.0,290.33,3,0,1,Female,1,5,5,11,Potential Loyalists
51533,0,28.0,Loyal (25m+),LOW RISK,15.0,2.0,287.22,4,0,1,Male,1,2,5,8,At Risk
51534,0,7.0,Established (7-12m),STANDARD RISK,9.0,1.0,195.47,3,0,1,Male,1,1,4,6,Lost Customers
51535,0,24.0,Mature (13-24m),LOW RISK,0.0,2.0,237.34,4,0,1,Female,5,2,5,12,Potential Loyalists
51536,0,25.0,Loyal (25m+),STANDARD RISK,9.0,11.0,299.99,3,0,1,Male,1,5,5,11,Potential Loyalists
51537,0,9.0,Established (7-12m),STANDARD RISK,3.0,1.0,122.79,4,0,1,Female,4,1,1,6,Lost Customers
51538,1,0.0,New (0-3m),STANDARD RISK,1.0,1.0,159.16,3,1,1,Male,5,1,3,9,At Risk
51539,0,9.0,Established (7-12m),STANDARD RISK,2.0,2.0,120.89,1,0,1,Male,4,2,1,7,At Risk
51540,0,18.0,Mature (13-24m),STANDARD RISK,8.0,11.0,267.92,1,0,1,Male,2,5,5,12,Potential Loyalists
51541,0,10.0,Established (7-12m),STANDARD RISK,7.0,1.0,135.64,5,1,1,Male,2,1,1,4,Lost Customers
51542,0,8.0,Established (7-12m),STANDARD RISK,2.0,1.0,144.25,4,0,1,Female,4,1,2,7,At Risk
51543,0,15.0,Mature (13-24m),STANDARD RISK,2.0,1.0,152.65,3,0,1,Female,4,1,2,7,At Risk
51544,0,11.0,Established (7-12m),STANDARD RISK,0.0,1.0,165.53,3,0,1,Male,5,1,3,9,At Risk
51545,0,11.0,Established (7-12m),STANDARD RISK,7.0,1.0,162.61,1,0,1,Male,2,1,3,6,Lost Customers
51546,0,0.0,New (0-3m),STANDARD RISK,0.0,2.0,142.98,5,0,1,Male,5,2,2,9,At Risk
51547,0,22.0,Mature (13-24m),STANDARD RISK,7.0,1.0,168.04,1,1,1,Male,2,1,3,6,Lost Customers
51548,0,7.0,Established (7-12m),STANDARD RISK,0.0,2.0,138.15,3,1,1,Male,5,2,1,8,At Risk
51549,0,13.0,Mature (13-24m),STANDARD RISK,7.0,3.0,127.41,1,1,1,Male,2,4,1,7,At Risk
51550,1,1.0,New (0-3m),STANDARD RISK,0.0,1.0,166.73,5,1,1,Male,5,1,3,9,At Risk
51551,1,0.0,New (0-3m),STANDARD RISK,9.0,1.0,176.39,1,0,3,Female,1,1,4,6,Lost Customers
51552,0,0.0,New (0-3m),STANDARD RISK,2.0,2.0,123.28,4,1,1,Male,4,2,1,7,At Risk
51553,0,9.0,Established (7-12m),STANDARD RISK,7.0,1.0,121.53,1,0,1,Female,2,1,1,4,Lost Customers
51554,0,13.0,Mature (13-24m),STANDARD RISK,2.0,1.0,148.76,1,0,1,Male,4,1,2,7,At Risk
51555,0,19.0,Mature (13-24m),LOW RISK,3.0,1.0,193.96,5,0,1,Male,4,1,4,9,At Risk
51556,1,0.0,New (0-3m),STANDARD RISK,8.0,9.0,204.0,1,0,3,Male,2,5,4,11,Potential Loyalists
51557,0,3.0,New (0-3m),STANDARD RISK,8.0,5.0,184.74,3,0,1,Male,2,5,4,11,Potential Loyalists
51558,0,0.0,New (0-3m),STANDARD RISK,7.0,1.0,199.81,3,0,3,Female,2,1,4,7,At Risk
51559,0,24.0,Mature (13-24m),LOW RISK,3.0,4.0,224.9,4,0,1,Male,4,4,5,13,Loyal Customers
51560,1,0.0,New (0-3m),STANDARD RISK,4.0,1.0,126.57,5,1,1,Female,3,1,1,5,Lost Customers
51561,0,14.0,Mature (13-24m),STANDARD RISK,0.0,2.0,235.91000000000005,1,1,3,Female,5,2,5,12,Potential Loyalists
51562,1,0.0,New (0-3m),STANDARD RISK,1.0,1.0,166.96,5,0,3,Female,5,1,3,9,At Risk
51563,1,9.0,Established (7-12m),STANDARD RISK,5.0,1.0,120.58,3,0,1,Male,2,1,1,4,Lost Customers
51564,0,18.0,Mature (13-24m),STANDARD RISK,8.0,12.0,188.65,1,0,3,Female,2,5,4,11,Potential Loyalists
51565,0,27.0,Loyal (25m+),LOW RISK,5.0,1.0,159.4,5,0,3,Female,2,1,3,6,Lost Customers
51566,0,9.0,Established (7-12m),STANDARD RISK,7.0,3.0,159.14,4,0,1,Male,2,4,3,9,At Risk
51567,0,6.0,Growing (4-6m),STANDARD RISK,1.0,1.0,126.22,4,0,1,Female,5,1,1,7,At Risk
51568,0,10.0,Established (7-12m),STANDARD RISK,3.0,1.0,221.85,1,1,1,Male,4,1,5,10,Potential Loyalists
51569,0,11.0,Established (7-12m),STANDARD RISK,13.0,5.0,206.09,3,0,3,Male,1,5,4,10,Potential Loyalists
51570,0,4.0,Growing (4-6m),STANDARD RISK,4.0,1.0,143.45,3,0,1,Male,3,1,2,6,Lost Customers
51571,0,9.0,Established (7-12m),STANDARD RISK,0.0,1.0,121.77,1,0,1,Male,5,1,1,7,At Risk
51572,0,10.0,Established (7-12m),STANDARD RISK,8.0,5.0,127.93,1,0,3,Male,2,5,1,8,At Risk
51573,0,2.0,New (0-3m),STANDARD RISK,1.0,4.0,179.18,1,0,3,Female,5,4,4,13,Loyal Customers
51574,0,8.0,Established (7-12m),STANDARD RISK,8.0,1.0,187.89,3,0,3,Female,2,1,4,7,At Risk
51575,1,0.0,New (0-3m),CRITICAL RISK,1.0,1.0,123.89,1,1,1,Male,5,1,1,7,At Risk
51576,0,25.0,Loyal (25m+),STANDARD RISK,2.0,2.0,132.12,1,0,1,Female,4,2,1,7,At Risk
51577,0,15.0,Mature (13-24m),STANDARD RISK,15.0,11.0,292.32,1,0,1,Male,1,5,5,11,Potential Loyalists
51578,0,9.0,Established (7-12m),STANDARD RISK,2.0,2.0,122.67,3,0,2,Male,4,2,1,7,At Risk
51579,0,23.0,Mature (13-24m),STANDARD RISK,6.0,1.0,295.17,1,0,3,Female,2,1,5,8,At Risk
51580,1,0.0,New (0-3m),CRITICAL RISK,4.0,1.0,124.36,1,1,1,Male,3,1,1,5,Lost Customers
51581,0,16.0,Mature (13-24m),STANDARD RISK,9.0,2.0,260.64,1,1,3,Female,1,2,5,8,At Risk
51582,1,0.0,New (0-3m),STANDARD RISK,7.0,1.0,127.07,5,0,1,Female,2,1,1,4,Lost Customers
51583,0,25.0,Loyal (25m+),STANDARD RISK,12.0,15.0,290.68,3,1,3,Male,1,5,5,11,Potential Loyalists
51584,0,5.0,Growing (4-6m),STANDARD RISK,2.0,1.0,139.31,4,0,3,Female,4,1,1,6,Lost Customers
51585,1,0.0,New (0-3m),STANDARD RISK,2.0,1.0,137.3,3,1,1,Male,4,1,1,6,Lost Customers
51586,0,9.0,Established (7-12m),STANDARD RISK,2.0,1.0,122.32,3,0,1,Female,4,1,1,6,Lost Customers
51587,0,5.0,Growing (4-6m),MEDIUM RISK,2.0,2.0,144.65,1,0,3,Male,4,2,2,8,At Risk
51588,0,14.0,Mature (13-24m),LOW RISK,0.0,1.0,130.72,5,0,1,Male,5,1,1,7,At Risk
51589,0,13.0,Mature (13-24m),STANDARD RISK,7.0,4.0,133.19,1,0,1,Male,2,4,1,7,At Risk
51590,0,18.0,Mature (13-24m),STANDARD RISK,7.0,1.0,292.02,1,0,1,Male,2,1,5,8,At Risk
51591,0,4.0,Growing (4-6m),STANDARD RISK,2.0,2.0,236.75,3,0,1,Male,4,2,5,11,Potential Loyalists
51592,0,6.0,Growing (4-6m),MEDIUM RISK,2.0,1.0,129.11,1,0,1,Female,4,1,1,6,Lost Customers
51593,0,7.0,Established (7-12m),STANDARD RISK,9.0,5.0,159.57,5,0,1,Male,1,5,3,9,At Risk
51594,0,10.0,Established (7-12m),STANDARD RISK,2.0,1.0,139.2,5,0,1,Female,4,1,1,6,Lost Customers
51595,0,18.0,Mature (13-24m),STANDARD RISK,2.0,1.0,164.34,3,0,1,Male,4,1,3,8,At Risk
51596,1,0.0,New (0-3m),STANDARD RISK,0.0,1.0,200.48,3,0,1,Male,5,1,4,10,Potential Loyalists
51597,0,12.0,Established (7-12m),STANDARD RISK,3.0,11.0,209.38,3,0,1,Female,4,5,5,14,Loyal Customers
51598,0,2.0,New (0-3m),STANDARD RISK,5.0,1.0,123.4,1,0,1,Male,2,1,1,4,Lost Customers
51599,0,15.0,Mature (13-24m),STANDARD RISK,2.0,1.0,165.45,5,1,1,Female,4,1,3,8,At Risk
51600,0,2.0,New (0-3m),STANDARD RISK,2.0,1.0,169.31,1,0,3,Male,4,1,3,8,At Risk
51601,0,0.0,New (0-3m),STANDARD RISK,2.0,1.0,148.98,3,0,1,Female,4,1,2,7,At Risk
51602,0,15.0,Mature (13-24m),STANDARD RISK,8.0,7.0,125.93,5,1,1,Female,2,5,1,8,At Risk
51603,0,13.0,Mature (13-24m),STANDARD RISK,9.0,3.0,294.36,3,0,1,Male,1,4,5,10,Potential Loyalists
51604,0,24.0,Mature (13-24m),STANDARD RISK,0.0,1.0,127.23,1,0,1,Male,5,1,1,7,At Risk
51605,1,0.0,New (0-3m),STANDARD RISK,4.0,1.0,134.79,4,0,1,Male,3,1,1,5,Lost Customers
51606,0,5.0,Growing (4-6m),STANDARD RISK,3.0,1.0,127.94,4,0,1,Male,4,1,1,6,Lost Customers
51607,0,11.0,Established (7-12m),STANDARD RISK,5.0,7.0,152.49,1,0,3,Male,2,5,2,9,At Risk
51608,0,9.0,Established (7-12m),STANDARD RISK,4.0,1.0,121.76,5,0,1,Male,3,1,1,5,Lost Customers
51609,0,19.0,Mature (13-24m),STANDARD RISK,7.0,7.0,268.72,4,1,3,Female,2,5,5,12,Potential Loyalists
51610,1,0.0,New (0-3m),STANDARD RISK,0.0,1.0,134.85,3,0,1,Male,5,1,1,7,At Risk
51611,0,2.0,New (0-3m),STANDARD RISK,0.0,1.0,166.44,4,0,3,Male,5,1,3,9,At Risk
51612,0,4.0,Growing (4-6m),MEDIUM RISK,8.0,7.0,155.82,1,0,1,Male,2,5,3,10,Potential Loyalists
51613,0,0.0,New (0-3m),STANDARD RISK,5.0,1.0,140.0,5,0,1,Male,2,1,1,4,Lost Customers
51614,0,18.0,Mature (13-24m),STANDARD RISK,10.0,2.0,234.96,1,1,1,Male,1,2,5,8,At Risk
51615,0,9.0,Established (7-12m),STANDARD RISK,11.0,10.0,132.1,1,0,1,Male,1,5,1,7,At Risk
51616,0,28.0,Loyal (25m+),STANDARD RISK,13.0,4.0,290.45,5,1,1,Male,1,4,5,10,Potential Loyalists
51617,1,10.0,Established (7-12m),STANDARD RISK,3.0,9.0,218.49,4,1,1,Male,4,5,5,14,Loyal Customers
51618,0,9.0,Established (7-12m),STANDARD RISK,4.0,1.0,120.7,1,0,1,Male,3,1,1,5,Lost Customers
51619,0,10.0,Established (7-12m),STANDARD RISK,1.0,1.0,165.02,1,0,3,Male,5,1,3,9,At Risk
51620,0,0.0,New (0-3m),STANDARD RISK,0.0,1.0,132.3,3,0,1,Male,5,1,1,7,At Risk
51621,0,10.0,Established (7-12m),STANDARD RISK,2.0,2.0,236.03,1,1,1,Female,4,2,5,11,Potential Loyalists
51622,0,8.0,Established (7-12m),STANDARD RISK,3.0,6.0,219.96,4,0,1,Female,4,5,5,14,Loyal Customers
51623,0,11.0,Established (7-12m),STANDARD RISK,7.0,7.0,156.05,5,1,3,Female,2,5,3,10,Potential Loyalists
51624,0,0.0,New (0-3m),STANDARD RISK,4.0,1.0,163.97,4,0,1,Female,3,1,3,7,At Risk
51625,0,23.0,Mature (13-24m),LOW RISK,6.0,1.0,291.44,4,0,1,Male,2,1,5,8,At Risk
51626,0,26.0,Loyal (25m+),STANDARD RISK,3.0,1.0,275.84,3,1,1,Male,4,1,5,10,Potential Loyalists
51627,0,15.0,Mature (13-24m),STANDARD RISK,6.0,11.0,149.07,3,0,3,Male,2,5,2,9,At Risk
51628,0,2.0,New (0-3m),STANDARD RISK,9.0,1.0,145.54,1,0,3,Male,1,1,2,4,Lost Customers
51629,0,28.0,Loyal (25m+),STANDARD RISK,8.0,1.0,154.15,1,1,1,Male,2,1,3,6,Lost Customers
51630,0,0.0,New (0-3m),STANDARD RISK,3.0,3.0,147.41,5,1,1,Male,4,4,2,10,Potential Loyalists
51631,0,9.0,Established (7-12m),STANDARD RISK,7.0,5.0,121.15,1,0,1,Female,2,5,1,8,At Risk
51632,1,7.0,Established (7-12m),STANDARD RISK,0.0,1.0,131.61,3,1,1,Male,5,1,1,7,At Risk
51633,0,11.0,Established (7-12m),STANDARD RISK,2.0,1.0,157.45,1,0,1,Male,4,1,3,8,At Risk
51634,1,0.0,New (0-3m),STANDARD RISK,2.0,1.0,123.73,4,1,1,Male,4,1,1,6,Lost Customers
51635,0,1.0,New (0-3m),STANDARD RISK,2.0,1.0,133.1,1,0,1,Female,4,1,1,6,Lost Customers
51636,0,22.0,Mature (13-24m),STANDARD RISK,2.0,1.0,286.65,5,1,1,Female,4,1,5,10,Potential Loyalists
51637,0,9.0,Established (7-12m),STANDARD RISK,7.0,7.0,144.85,4,0,1,Male,2,5,2,9,At Risk
51638,0,4.0,Growing (4-6m),STANDARD RISK,2.0,2.0,127.89,4,0,3,Female,4,2,1,7,At Risk
51639,1,0.0,New (0-3m),CRITICAL RISK,4.0,7.0,158.28,1,1,3,Male,3,5,3,11,Potential Loyalists
51640,0,10.0,Established (7-12m),STANDARD RISK,2.0,1.0,123.26,1,1,1,Male,4,1,1,6,Lost Customers
51641,0,15.0,Mature (13-24m),LOW RISK,8.0,2.0,235.25,4,0,3,Female,2,2,5,9,At Risk
51642,1,9.0,Established (7-12m),STANDARD RISK,0.0,1.0,114.2,3,0,1,Male,5,1,1,7,At Risk
51643,0,8.0,Established (7-12m),STANDARD RISK,9.0,6.0,180.2,4,0,3,Male,1,5,4,10,Potential Loyalists
51644,0,9.0,Established (7-12m),STANDARD RISK,0.0,1.0,136.88,1,0,1,Male,5,1,1,7,At Risk
51645,0,24.0,Mature (13-24m),LOW RISK,2.0,1.0,154.82,4,0,1,Male,4,1,3,8,At Risk
51646,0,14.0,Mature (13-24m),LOW RISK,4.0,2.0,260.15,4,0,3,Male,3,2,5,10,Potential Loyalists
51647,0,9.0,Established (7-12m),STANDARD RISK,0.0,1.0,112.0,3,0,3,Female,5,1,1,7,At Risk
51648,0,1.0,New (0-3m),STANDARD RISK,7.0,1.0,156.61,5,0,1,Male,2,1,3,6,Lost Customers
51649,0,4.0,Growing (4-6m),MEDIUM RISK,7.0,7.0,169.29,1,0,3,Male,2,5,3,10,Potential Loyalists
51650,0,12.0,Established (7-12m),STANDARD RISK,7.0,3.0,196.13,1,0,1,Male,2,4,4,10,Potential Loyalists
51651,0,9.0,Established (7-12m),STANDARD RISK,8.0,1.0,156.74,4,0,1,Female,2,1,3,6,Lost Customers
51652,0,5.0,Growing (4-6m),STANDARD RISK,8.0,4.0,154.84,3,0,3,Male,2,4,3,9,At Risk
51653,0,11.0,Established (7-12m),STANDARD RISK,3.0,1.0,220.61,4,0,1,Female,4,1,5,10,Potential Loyalists
51654,0,30.0,Loyal (25m+),STANDARD RISK,2.0,1.0,156.6,3,1,1,Male,4,1,3,8,At Risk
51655,0,4.0,Growing (4-6m),MEDIUM RISK,3.0,1.0,148.21,1,1,1,Male,4,1,2,7,At Risk
51656,0,4.0,Growing (4-6m),STANDARD RISK,0.0,1.0,164.1,5,0,2,Male,5,1,3,9,At Risk
51657,0,18.0,Mature (13-24m),LOW RISK,11.0,9.0,152.1,5,0,1,Male,1,5,2,8,At Risk
51658,0,4.0,Growing (4-6m),MEDIUM RISK,2.0,2.0,126.95,1,1,1,Male,4,2,1,7,At Risk
51659,0,6.0,Growing (4-6m),STANDARD RISK,3.0,8.0,218.78,4,0,1,Female,4,5,5,14,Loyal Customers
51660,0,0.0,New (0-3m),STANDARD RISK,10.0,11.0,270.68,5,1,1,Male,1,5,5,11,Potential Loyalists
51661,0,16.0,Mature (13-24m),STANDARD RISK,7.0,1.0,124.55,1,0,1,Female,2,1,1,4,Lost Customers
51662,0,22.0,Mature (13-24m),STANDARD RISK,7.0,2.0,239.64,3,1,1,Female,2,2,5,9,At Risk
51663,1,15.0,Mature (13-24m),LOW RISK,7.0,7.0,149.41,4,0,1,Male,2,5,2,9,At Risk
51664,0,0.0,New (0-3m),STANDARD RISK,2.0,1.0,124.78,4,1,1,Female,4,1,1,6,Lost Customers
51665,0,5.0,Growing (4-6m),STANDARD RISK,9.0,11.0,152.28,4,1,3,Female,1,5,2,8,At Risk
51666,0,0.0,New (0-3m),STANDARD RISK,4.0,1.0,144.78,3,1,3,Male,3,1,2,6,Lost Customers
51667,0,4.0,Growing (4-6m),MEDIUM RISK,7.0,1.0,175.47,1,0,3,Male,2,1,4,7,At Risk
51668,0,5.0,Growing (4-6m),MEDIUM RISK,7.0,1.0,150.55,1,0,1,Female,2,1,2,5,Lost Customers
51669,1,0.0,New (0-3m),CRITICAL RISK,2.0,2.0,134.64,1,1,1,Male,4,2,1,7,At Risk
51670,0,3.0,New (0-3m),STANDARD RISK,9.0,1.0,157.75,1,0,1,Female,1,1,3,5,Lost Customers
51671,0,4.0,Growing (4-6m),STANDARD RISK,9.0,8.0,189.43,3,0,1,Female,1,5,4,10,Potential Loyalists
51672,0,12.0,Established (7-12m),STANDARD RISK,3.0,13.0,292.72,1,0,1,Male,4,5,5,14,Loyal Customers
51673,1,2.0,New (0-3m),STANDARD RISK,0.0,1.0,152.38,3,1,3,Female,5,1,2,8,At Risk
51674,0,6.0,Growing (4-6m),MEDIUM RISK,1.0,1.0,146.82,1,0,3,Male,5,1,2,8,At Risk
51675,0,20.0,Mature (13-24m),STANDARD RISK,1.0,1.0,283.0,3,0,1,Male,5,1,5,11,Potential Loyalists
51676,0,16.0,Mature (13-24m),STANDARD RISK,0.0,1.0,152.57,3,0,1,Female,5,1,2,8,At Risk
51677,0,0.0,New (0-3m),STANDARD RISK,4.0,1.0,163.49,4,1,3,Male,3,1,3,7,At Risk
51678,0,27.0,Loyal (25m+),STANDARD RISK,3.0,1.0,148.69,3,0,1,Female,4,1,2,7,At Risk
51679,0,16.0,Mature (13-24m),LOW RISK,0.0,1.0,199.85,5,0,1,Female,5,1,4,10,Potential Loyalists
51680,0,18.0,Mature (13-24m),STANDARD RISK,8.0,9.0,136.97,1,0,1,Male,2,5,1,8,At Risk
51681,0,13.0,Mature (13-24m),STANDARD RISK,2.0,1.0,174.57,1,1,3,Male,4,1,4,9,At Risk
51682,1,9.0,Established (7-12m),STANDARD RISK,7.0,1.0,121.19,5,1,1,Male,2,1,1,4,Lost Customers
51683,0,2.0,New (0-3m),STANDARD RISK,2.0,2.0,139.83,1,0,1,Male,4,2,1,7,At Risk
51684,0,3.0,New (0-3m),STANDARD RISK,2.0,1.0,161.18,3,0,3,Female,4,1,3,8,At Risk
51685,0,0.0,New (0-3m),STANDARD RISK,7.0,1.0,162.14,4,0,3,Female,2,1,3,6,Lost Customers
51686,0,10.0,Established (7-12m),STANDARD RISK,4.0,1.0,163.47,1,0,1,Male,3,1,3,7,At Risk
51687,0,11.0,Established (7-12m),STANDARD RISK,3.0,2.0,215.1,1,1,1,Male,4,2,5,11,Potential Loyalists
51688,0,4.0,Growing (4-6m),MEDIUM RISK,10.0,4.0,171.43,1,1,1,Female,1,4,3,8,At Risk
51689,0,2.0,New (0-3m),STANDARD RISK,7.0,1.0,182.68,4,1,3,Female,2,1,4,7,At Risk
51690,0,8.0,Established (7-12m),STANDARD RISK,13.0,1.0,180.95,4,0,1,Male,1,1,4,6,Lost Customers
51691,0,0.0,New (0-3m),STANDARD RISK,2.0,1.0,129.04,1,0,1,Male,4,1,1,6,Lost Customers
51692,0,14.0,Mature (13-24m),STANDARD RISK,2.0,1.0,160.32,4,1,1,Male,4,1,3,8,At Risk
51693,0,20.0,Mature (13-24m),STANDARD RISK,0.0,1.0,129.76,3,0,3,Male,5,1,1,7,At Risk
51694,0,15.0,Mature (13-24m),STANDARD RISK,0.0,2.0,259.92,1,0,1,Female,5,2,5,12,Potential Loyalists
51695,0,2.0,New (0-3m),STANDARD RISK,2.0,1.0,146.49,3,0,3,Male,4,1,2,7,At Risk
51696,0,15.0,Mature (13-24m),STANDARD RISK,0.0,1.0,126.96,3,1,2,Male,5,1,1,7,At Risk
51697,0,5.0,Growing (4-6m),STANDARD RISK,7.0,1.0,123.7,4,0,1,Female,2,1,1,4,Lost Customers
51698,0,21.0,Mature (13-24m),STANDARD RISK,3.0,1.0,225.04,3,0,3,Female,4,1,5,10,Potential Loyalists
51699,0,10.0,Established (7-12m),STANDARD RISK,7.0,6.0,159.74,5,1,1,Male,2,5,3,10,Potential Loyalists
51700,0,3.0,New (0-3m),STANDARD RISK,2.0,2.0,147.36,3,1,3,Female,4,2,2,8,At Risk
51701,0,0.0,New (0-3m),STANDARD RISK,7.0,7.0,152.96,3,0,3,Male,2,5,2,9,At Risk
51702,0,15.0,Mature (13-24m),STANDARD RISK,0.0,1.0,167.81,1,0,1,Male,5,1,3,9,At Risk
51703,1,9.0,Established (7-12m),STANDARD RISK,2.0,1.0,121.74,4,1,3,Female,4,1,1,6,Lost Customers
51704,0,9.0,Established (7-12m),STANDARD RISK,0.0,1.0,166.53,1,0,3,Female,5,1,3,9,At Risk
51705,0,9.0,Established (7-12m),STANDARD RISK,12.0,1.0,196.99,1,0,3,Male,1,1,4,6,Lost Customers
51706,0,30.0,Loyal (25m+),STANDARD RISK,2.0,1.0,167.55,3,0,1,Male,4,1,3,8,At Risk
51707,0,9.0,Established (7-12m),STANDARD RISK,7.0,1.0,122.13,3,1,1,Female,2,1,1,4,Lost Customers
51708,0,0.0,New (0-3m),STANDARD RISK,2.0,2.0,126.1,1,0,3,Male,4,2,1,7,At Risk
51709,1,0.0,New (0-3m),STANDARD RISK,0.0,1.0,128.51,3,1,3,Female,5,1,1,7,At Risk
51710,0,10.0,Established (7-12m),STANDARD RISK,3.0,1.0,134.52,5,0,1,Female,4,1,1,6,Lost Customers
51711,0,19.0,Mature (13-24m),STANDARD RISK,0.0,1.0,152.58,3,0,1,Female,5,1,2,8,At Risk
51712,1,4.0,Growing (4-6m),STANDARD RISK,7.0,7.0,193.55,4,0,3,Male,2,5,4,11,Potential Loyalists
51713,0,23.0,Mature (13-24m),STANDARD RISK,3.0,1.0,204.96,1,0,1,Male,4,1,4,9,At Risk
51714,1,3.0,New (0-3m),STANDARD RISK,0.0,1.0,163.8,3,1,3,Male,5,1,3,9,At Risk
51715,0,4.0,Growing (4-6m),STANDARD RISK,2.0,2.0,126.57,4,1,1,Male,4,2,1,7,At Risk
51716,1,0.0,New (0-3m),STANDARD RISK,0.0,1.0,127.16,4,0,3,Female,5,1,1,7,At Risk
51717,0,9.0,Established (7-12m),STANDARD RISK,2.0,1.0,122.01,1,0,1,Male,4,1,1,6,Lost Customers
51718,0,8.0,Established (7-12m),STANDARD RISK,0.0,1.0,165.4,4,0,1,Male,5,1,3,9,At Risk
51719,0,0.0,New (0-3m),STANDARD RISK,4.0,1.0,138.16,4,0,1,Male,3,1,1,5,Lost Customers
51720,0,1.0,New (0-3m),STANDARD RISK,7.0,1.0,152.53,1,0,3,Male,2,1,2,5,Lost Customers
51721,0,22.0,Mature (13-24m),STANDARD RISK,3.0,1.0,209.65,3,0,1,Male,4,1,5,10,Potential Loyalists
51722,0,24.0,Mature (13-24m),STANDARD RISK,7.0,1.0,149.36,1,0,3,Female,2,1,2,5,Lost Customers
51723,0,9.0,Established (7-12m),STANDARD RISK,2.0,2.0,125.43,3,0,1,Female,4,2,1,7,At Risk
51724,1,0.0,New (0-3m),CRITICAL RISK,4.0,1.0,153.04,1,1,3,Male,3,1,2,6,Lost Customers
51725,0,28.0,Loyal (25m+),STANDARD RISK,2.0,1.0,266.59,1,1,1,Female,4,1,5,10,Potential Loyalists
51726,0,0.0,New (0-3m),STANDARD RISK,3.0,1.0,142.6,3,1,3,Female,4,1,2,7,At Risk
51727,0,3.0,New (0-3m),STANDARD RISK,0.0,1.0,124.76,4,0,3,Male,5,1,1,7,At Risk
51728,1,0.0,New (0-3m),STANDARD RISK,4.0,1.0,131.02,5,0,1,Male,3,1,1,5,Lost Customers
51729,0,9.0,Established (7-12m),STANDARD RISK,2.0,1.0,122.44,4,0,1,Female,4,1,1,6,Lost Customers
51730,0,9.0,Established (7-12m),STANDARD RISK,0.0,9.0,175.96,3,0,3,Male,5,5,4,14,Loyal Customers
51731,1,9.0,Established (7-12m),STANDARD RISK,0.0,1.0,122.85,1,1,1,Male,5,1,1,7,At Risk
51732,0,10.0,Established (7-12m),STANDARD RISK,17.0,12.0,130.34,5,0,1,Female,1,5,1,7,At Risk
51733,0,13.0,Mature (13-24m),LOW RISK,3.0,1.0,157.15,4,0,3,Female,4,1,3,8,At Risk
51734,0,15.0,Mature (13-24m),LOW RISK,2.0,1.0,125.76,5,0,1,Female,4,1,1,6,Lost Customers
51735,0,10.0,Established (7-12m),STANDARD RISK,1.0,1.0,141.97,4,1,1,Male,5,1,2,8,At Risk
51736,0,16.0,Mature (13-24m),LOW RISK,9.0,2.0,243.36,4,0,1,Male,1,2,5,8,At Risk
51737,0,13.0,Mature (13-24m),STANDARD RISK,0.0,1.0,134.48,3,0,1,Female,5,1,1,7,At Risk
51738,0,27.0,Loyal (25m+),LOW RISK,2.0,1.0,294.06,5,0,1,Male,4,1,5,10,Potential Loyalists
51739,0,7.0,Established (7-12m),STANDARD RISK,2.0,1.0,165.38,3,0,3,Female,4,1,3,8,At Risk
51740,0,4.0,Growing (4-6m),STANDARD RISK,12.0,3.0,143.06,5,0,1,Female,1,4,2,7,At Risk
51741,0,9.0,Established (7-12m),STANDARD RISK,2.0,1.0,122.58,1,0,1,Male,4,1,1,6,Lost Customers
51742,0,16.0,Mature (13-24m),STANDARD RISK,2.0,1.0,145.22,3,1,1,Female,4,1,2,7,At Risk
51743,0,0.0,New (0-3m),CRITICAL RISK,3.0,1.0,144.87,1,1,3,Female,4,1,2,7,At Risk
51744,0,10.0,Established (7-12m),STANDARD RISK,7.0,10.0,144.49,3,1,1,Female,2,5,2,9,At Risk
51745,0,9.0,Established (7-12m),STANDARD RISK,2.0,3.0,122.18,5,0,1,Male,4,4,1,9,At Risk
51746,0,12.0,Established (7-12m),STANDARD RISK,6.0,1.0,291.97,3,1,1,Male,2,1,5,8,At Risk
51747,0,29.0,Loyal (25m+),LOW RISK,7.0,2.0,232.12,5,0,3,Female,2,2,5,9,At Risk
51748,0,3.0,New (0-3m),STANDARD RISK,4.0,4.0,165.77,3,0,3,Female,3,4,3,10,Potential Loyalists
51749,0,14.0,Mature (13-24m),LOW RISK,7.0,1.0,183.92,5,0,3,Male,2,1,4,7,At Risk
51750,0,1.0,New (0-3m),STANDARD RISK,8.0,1.0,145.58,5,0,1,Male,2,1,2,5,Lost Customers
51751,1,0.0,New (0-3m),STANDARD RISK,2.0,1.0,140.31,5,0,1,Male,4,1,1,6,Lost Customers
51752,0,25.0,Loyal (25m+),STANDARD RISK,4.0,1.0,179.69,3,1,1,Male,3,1,4,8,At Risk
51753,0,18.0,Mature (13-24m),STANDARD RISK,2.0,1.0,126.54,1,0,1,Male,4,1,1,6,Lost Customers
51754,0,25.0,Loyal (25m+),STANDARD RISK,4.0,1.0,265.55,1,0,1,Female,3,1,5,9,At Risk
51755,0,15.0,Mature (13-24m),STANDARD RISK,2.0,1.0,145.56,3,0,1,Female,4,1,2,7,At Risk
51756,0,3.0,New (0-3m),STANDARD RISK,2.0,1.0,160.91,1,0,1,Female,4,1,3,8,At Risk
51757,0,30.0,Loyal (25m+),LOW RISK,10.0,11.0,295.66,5,0,1,Female,1,5,5,11,Potential Loyalists
51758,0,19.0,Mature (13-24m),STANDARD RISK,8.0,1.0,148.1,3,0,1,Female,2,1,2,5,Lost Customers
51759,0,15.0,Mature (13-24m),STANDARD RISK,4.0,1.0,145.23,1,0,1,Female,3,1,2,6,Lost Customers
51760,1,0.0,New (0-3m),STANDARD RISK,4.0,1.0,132.02,4,1,3,Female,3,1,1,5,Lost Customers
51761,1,0.0,New (0-3m),STANDARD RISK,0.0,1.0,123.51,3,0,3,Female,5,1,1,7,At Risk
51762,0,9.0,Established (7-12m),STANDARD RISK,0.0,1.0,117.02,1,1,1,Male,5,1,1,7,At Risk
51763,0,13.0,Mature (13-24m),STANDARD RISK,12.0,1.0,280.41,3,0,3,Female,1,1,5,7,At Risk
51764,0,0.0,New (0-3m),STANDARD RISK,2.0,1.0,128.86,1,0,1,Female,4,1,1,6,Lost Customers
51765,0,9.0,Established (7-12m),STANDARD RISK,4.0,1.0,120.97,1,0,1,Male,3,1,1,5,Lost Customers
51766,0,2.0,New (0-3m),STANDARD RISK,3.0,1.0,219.35,3,0,1,Male,4,1,5,10,Potential Loyalists
51767,1,0.0,New (0-3m),STANDARD RISK,1.0,1.0,125.46,4,0,1,Female,5,1,1,7,At Risk
51768,1,0.0,New (0-3m),STANDARD RISK,0.0,1.0,125.64,1,0,2,Male,5,1,1,7,At Risk
51769,0,3.0,New (0-3m),STANDARD RISK,8.0,7.0,184.12,5,0,3,Female,2,5,4,11,Potential Loyalists
51770,0,30.0,Loyal (25m+),STANDARD RISK,0.0,2.0,241.18,1,0,3,Male,5,2,5,12,Potential Loyalists
51771,0,23.0,Mature (13-24m),STANDARD RISK,7.0,15.0,270.46,3,0,1,Male,2,5,5,12,Potential Loyalists
51772,0,3.0,New (0-3m),STANDARD RISK,7.0,6.0,125.64,1,0,1,Female,2,5,1,8,At Risk
51773,0,30.0,Loyal (25m+),LOW RISK,11.0,13.0,202.66,5,0,3,Female,1,5,4,10,Potential Loyalists
51774,0,20.0,Mature (13-24m),STANDARD RISK,4.0,1.0,150.7,1,0,1,Female,3,1,2,6,Lost Customers
51775,0,19.0,Mature (13-24m),STANDARD RISK,1.0,1.0,278.61,3,0,1,Male,5,1,5,11,Potential Loyalists
51776,0,8.0,Established (7-12m),STANDARD RISK,3.0,4.0,142.3,3,0,1,Male,4,4,2,10,Potential Loyalists
51777,0,27.0,Loyal (25m+),STANDARD RISK,0.0,1.0,137.8,3,0,1,Female,5,1,1,7,At Risk
51778,0,7.0,Established (7-12m),STANDARD RISK,7.0,5.0,127.68,3,0,1,Male,2,5,1,8,At Risk
51779,0,5.0,Growing (4-6m),MEDIUM RISK,2.0,1.0,190.71,1,1,3,Female,4,1,4,9,At Risk
51780,0,4.0,Growing (4-6m),STANDARD RISK,8.0,1.0,206.48,4,0,1,Male,2,1,4,7,At Risk
51781,1,0.0,New (0-3m),STANDARD RISK,7.0,2.0,236.1,3,1,1,Male,2,2,5,9,At Risk
51782,1,0.0,New (0-3m),STANDARD RISK,3.0,1.0,134.08,1,0,1,Male,4,1,1,6,Lost Customers
51783,0,3.0,New (0-3m),STANDARD RISK,2.0,1.0,129.83,4,0,3,Male,4,1,1,6,Lost Customers
51784,0,8.0,Established (7-12m),STANDARD RISK,0.0,1.0,176.32,3,1,1,Male,5,1,4,10,Potential Loyalists
51785,1,0.0,New (0-3m),STANDARD RISK,0.0,1.0,198.24,3,0,1,Male,5,1,4,10,Potential Loyalists
51786,1,0.0,New (0-3m),STANDARD RISK,2.0,1.0,199.5,5,1,2,Female,4,1,4,9,At Risk
51787,0,9.0,Established (7-12m),STANDARD RISK,0.0,2.0,120.93,3,0,1,Male,5,2,1,8,At Risk
51788,0,9.0,Established (7-12m),STANDARD RISK,7.0,9.0,199.8,1,0,3,Male,2,5,4,11,Potential Loyalists
51789,1,0.0,New (0-3m),STANDARD RISK,2.0,1.0,138.94,3,0,1,Male,4,1,1,6,Lost Customers
51790,0,21.0,Mature (13-24m),STANDARD RISK,7.0,6.0,140.51,1,0,3,Female,2,5,1,8,At Risk
51791,0,28.0,Loyal (25m+),LOW RISK,8.0,7.0,268.35,4,0,3,Female,2,5,5,12,Potential Loyalists
51792,0,14.0,Mature (13-24m),STANDARD RISK,10.0,1.0,162.3,1,0,3,Male,1,1,3,5,Lost Customers
51793,0,8.0,Established (7-12m),STANDARD RISK,9.0,6.0,147.17,3,0,3,Male,1,5,2,8,At Risk
51794,0,13.0,Mature (13-24m),STANDARD RISK,13.0,2.0,232.37,3,0,1,Female,1,2,5,8,At Risk
51795,0,12.0,Established (7-12m),STANDARD RISK,7.0,1.0,137.55,3,0,1,Female,2,1,1,4,Lost Customers
51796,0,4.0,Growing (4-6m),MEDIUM RISK,5.0,1.0,165.82,1,1,3,Male,2,1,3,6,Lost Customers
51797,0,15.0,Mature (13-24m),STANDARD RISK,8.0,5.0,174.06,5,1,1,Male,2,5,4,11,Potential Loyalists
51798,0,18.0,Mature (13-24m),LOW RISK,7.0,3.0,148.05,4,0,3,Male,2,4,2,8,At Risk
51799,1,0.0,New (0-3m),STANDARD RISK,0.0,1.0,127.41,3,1,2,Female,5,1,1,7,At Risk
51800,0,2.0,New (0-3m),STANDARD RISK,2.0,1.0,142.62,1,0,1,Male,4,1,2,7,At Risk
51801,0,6.0,Growing (4-6m),STANDARD RISK,5.0,1.0,261.84,3,0,1,Female,2,1,5,8,At Risk
51802,0,4.0,Growing (4-6m),MEDIUM RISK,3.0,1.0,215.57,1,0,3,Male,4,1,5,10,Potential Loyalists
51803,1,9.0,Established (7-12m),STANDARD RISK,0.0,1.0,118.78,4,1,3,Male,5,1,1,7,At Risk
51804,0,13.0,Mature (13-24m),LOW RISK,3.0,1.0,209.32,5,0,3,Male,4,1,5,10,Potential Loyalists
51805,0,14.0,Mature (13-24m),STANDARD RISK,7.0,1.0,168.11,3,1,1,Female,2,1,3,6,Lost Customers
51806,0,0.0,New (0-3m),STANDARD RISK,0.0,1.0,143.06,3,0,3,Male,5,1,2,8,At Risk
51807,0,8.0,Established (7-12m),STANDARD RISK,3.0,1.0,148.59,3,0,3,Female,4,1,2,7,At Risk
51808,0,7.0,Established (7-12m),STANDARD RISK,7.0,5.0,153.37,1,0,3,Male,2,5,2,9,At Risk
51809,1,0.0,New (0-3m),CRITICAL RISK,0.0,1.0,123.4,1,1,1,Male,5,2,1,8,At Risk
51810,0,10.0,Established (7-12m),STANDARD RISK,2.0,1.0,174.91,1,0,1,Female,4,2,4,10,Potential Loyalists
51811,0,19.0,Mature (13-24m),STANDARD RISK,2.0,1.0,205.27,3,0,1,Female,4,2,4,10,Potential Loyalists
51812,0,14.0,Mature (13-24m),LOW RISK,8.0,11.0,265.95,5,0,3,Female,2,5,5,12,Potential Loyalists
51813,0,10.0,Established (7-12m),STANDARD RISK,7.0,7.0,188.34,4,0,3,Male,2,5,4,11,Potential Loyalists
51814,0,25.0,Loyal (25m+),STANDARD RISK,9.0,6.0,155.77,5,1,1,Male,1,5,3,9,At Risk
51815,1,0.0,New (0-3m),STANDARD RISK,2.0,1.0,147.07,3,0,3,Male,4,2,2,8,At Risk
51816,0,0.0,New (0-3m),STANDARD RISK,1.0,2.0,124.0,1,0,3,Male,5,2,1,8,At Risk
51817,0,11.0,Established (7-12m),STANDARD RISK,0.0,1.0,198.24,3,0,1,Female,5,2,4,11,Potential Loyalists
51818,0,10.0,Established (7-12m),STANDARD RISK,3.0,4.0,164.47,4,0,1,Female,4,4,3,11,Potential Loyalists
51819,0,22.0,Mature (13-24m),STANDARD RISK,9.0,1.0,295.02,3,1,1,Male,1,2,5,8,At Risk
51820,0,0.0,New (0-3m),CRITICAL RISK,4.0,1.0,127.25,1,1,1,Male,3,2,1,6,Lost Customers
51821,0,0.0,New (0-3m),STANDARD RISK,4.0,1.0,162.72,4,0,3,Male,3,2,3,8,At Risk
51822,0,9.0,Established (7-12m),STANDARD RISK,0.0,1.0,121.27,4,0,1,Male,5,2,1,8,At Risk
51823,0,23.0,Mature (13-24m),LOW RISK,7.0,10.0,282.0,4,0,2,Male,2,5,5,12,Potential Loyalists
51824,0,9.0,Established (7-12m),STANDARD RISK,6.0,1.0,120.96,3,0,3,Male,2,2,1,5,Lost Customers
51825,1,0.0,New (0-3m),STANDARD RISK,2.0,1.0,128.86,3,1,1,Female,4,2,1,7,At Risk
51826,1,9.0,Established (7-12m),STANDARD RISK,0.0,1.0,120.33,5,0,3,Male,5,2,1,8,At Risk
51827,0,7.0,Established (7-12m),STANDARD RISK,3.0,1.0,136.22,1,1,1,Male,4,2,1,7,At Risk
51828,1,0.0,New (0-3m),STANDARD RISK,2.0,1.0,142.33,5,0,3,Male,4,2,2,8,At Risk
51829,0,8.0,Established (7-12m),STANDARD RISK,2.0,1.0,136.81,1,0,1,Male,4,2,1,7,At Risk
51830,0,4.0,Growing (4-6m),MEDIUM RISK,7.0,5.0,154.6,1,0,3,Male,2,5,3,10,Potential Loyalists
51831,0,9.0,Established (7-12m),STANDARD RISK,3.0,1.0,121.87,3,0,1,Female,4,2,1,7,At Risk
51832,0,10.0,Established (7-12m),STANDARD RISK,0.0,1.0,196.02,3,1,3,Male,5,2,4,11,Potential Loyalists
51833,0,0.0,New (0-3m),STANDARD RISK,0.0,1.0,128.36,4,0,1,Female,5,2,1,8,At Risk
51834,0,15.0,Mature (13-24m),STANDARD RISK,2.0,2.0,140.89,1,0,1,Female,4,2,2,8,At Risk
51835,0,16.0,Mature (13-24m),STANDARD RISK,0.0,1.0,266.27,1,1,1,Male,5,2,5,12,Potential Loyalists
51836,0,11.0,Established (7-12m),STANDARD RISK,0.0,1.0,126.19,5,0,1,Female,5,2,1,8,At Risk
51837,0,16.0,Mature (13-24m),STANDARD RISK,7.0,4.0,156.79,3,1,1,Male,2,4,3,9,At Risk
51838,0,21.0,Mature (13-24m),LOW RISK,2.0,2.0,254.02,5,0,1,Female,4,2,5,11,Potential Loyalists
51839,0,17.0,Mature (13-24m),STANDARD RISK,2.0,1.0,159.85,3,0,2,Female,4,2,3,9,At Risk
51840,0,7.0,Established (7-12m),STANDARD RISK,6.0,1.0,125.79,3,1,3,Female,2,2,1,5,Lost Customers
51841,1,0.0,New (0-3m),STANDARD RISK,2.0,1.0,130.41,5,0,3,Male,4,2,1,7,At Risk
51842,0,0.0,New (0-3m),STANDARD RISK,2.0,1.0,134.47,3,0,3,Male,4,2,1,7,At Risk
51843,0,17.0,Mature (13-24m),STANDARD RISK,1.0,1.0,295.13,1,1,1,Male,5,2,5,12,Potential Loyalists
51844,0,0.0,New (0-3m),STANDARD RISK,2.0,2.0,127.73,3,0,1,Male,4,2,1,7,At Risk
51845,0,6.0,Growing (4-6m),STANDARD RISK,2.0,1.0,171.04,3,0,3,Male,4,2,3,9,At Risk
51846,0,5.0,Growing (4-6m),MEDIUM RISK,5.0,1.0,163.22,1,1,1,Female,2,2,3,7,At Risk
51847,0,9.0,Established (7-12m),STANDARD RISK,0.0,1.0,120.83,3,0,1,Female,5,2,1,8,At Risk
51848,0,26.0,Loyal (25m+),LOW RISK,10.0,8.0,183.81,5,0,3,Female,1,5,4,10,Potential Loyalists
51849,0,7.0,Established (7-12m),STANDARD RISK,8.0,8.0,126.91,1,0,1,Male,2,5,1,8,At Risk
51850,1,8.0,Established (7-12m),STANDARD RISK,0.0,1.0,142.86,5,0,3,Female,5,2,2,9,At Risk
51851,0,0.0,New (0-3m),CRITICAL RISK,2.0,1.0,56.0,1,1,1,Female,4,2,1,7,At Risk
51852,0,10.0,Established (7-12m),STANDARD RISK,8.0,7.0,194.34,3,0,1,Male,2,5,4,11,Potential Loyalists
51853,0,2.0,New (0-3m),STANDARD RISK,2.0,1.0,155.61,3,0,3,Female,4,2,3,9,At Risk
51854,0,8.0,Established (7-12m),STANDARD RISK,8.0,11.0,166.46,1,0,1,Male,2,5,3,10,Potential Loyalists
51855,0,6.0,Growing (4-6m),MEDIUM RISK,7.0,4.0,177.25,1,0,1,Male,2,4,4,10,Potential Loyalists
51856,0,27.0,Loyal (25m+),LOW RISK,1.0,7.0,207.25,4,0,2,Male,5,5,4,14,Loyal Customers
51857,0,9.0,Established (7-12m),STANDARD RISK,2.0,1.0,188.47,4,1,1,Male,4,2,4,10,Potential Loyalists
51858,0,9.0,Established (7-12m),STANDARD RISK,1.0,1.0,120.45,1,0,1,Male,5,2,1,8,At Risk
51859,1,0.0,New (0-3m),STANDARD RISK,1.0,1.0,110.09,3,1,1,Male,5,2,1,8,At Risk
51860,1,0.0,New (0-3m),STANDARD RISK,7.0,9.0,133.48,5,1,1,Male,2,5,1,8,At Risk
51861,0,9.0,Established (7-12m),STANDARD RISK,0.0,1.0,112.81,3,0,1,Male,5,2,1,8,At Risk
51862,0,0.0,New (0-3m),STANDARD RISK,2.0,1.0,128.19,5,0,1,Male,4,2,1,7,At Risk
51863,0,0.0,New (0-3m),STANDARD RISK,2.0,1.0,148.51,4,0,3,Male,4,2,2,8,At Risk
51864,0,11.0,Established (7-12m),STANDARD RISK,5.0,1.0,140.28,1,0,3,Female,2,2,1,5,Lost Customers
51865,0,2.0,New (0-3m),STANDARD RISK,8.0,2.0,127.2,1,0,1,Male,2,2,1,5,Lost Customers
51866,0,21.0,Mature (13-24m),LOW RISK,2.0,2.0,181.2,4,0,3,Male,4,2,4,10,Potential Loyalists
51867,0,0.0,New (0-3m),CRITICAL RISK,4.0,1.0,146.47,1,1,3,Female,3,2,2,7,At Risk
51868,0,10.0,Established (7-12m),STANDARD RISK,0.0,1.0,146.8,1,0,1,Male,5,2,2,9,At Risk
51869,0,23.0,Mature (13-24m),STANDARD RISK,8.0,3.0,132.21,3,1,1,Male,2,4,1,7,At Risk
51870,0,7.0,Established (7-12m),STANDARD RISK,7.0,7.0,186.21,4,0,1,Female,2,5,4,11,Potential Loyalists
51871,1,0.0,New (0-3m),STANDARD RISK,0.0,2.0,145.77,3,0,3,Female,5,2,2,9,At Risk
51872,0,12.0,Established (7-12m),STANDARD RISK,10.0,11.0,145.53,3,0,1,Female,1,5,2,8,At Risk
51873,0,5.0,Growing (4-6m),MEDIUM RISK,8.0,1.0,153.96,1,0,3,Male,2,2,3,7,At Risk
51874,1,13.0,Mature (13-24m),STANDARD RISK,3.0,1.0,167.96,3,1,3,Male,4,2,3,9,At Risk
51875,0,11.0,Established (7-12m),STANDARD RISK,8.0,1.0,176.25,1,0,1,Female,2,2,4,8,At Risk
51876,0,0.0,New (0-3m),STANDARD RISK,7.0,1.0,174.12,5,0,1,Female,2,2,4,8,At Risk
51877,0,5.0,Growing (4-6m),MEDIUM RISK,3.0,7.0,211.59,1,0,1,Female,4,5,5,14,Loyal Customers
51878,0,20.0,Mature (13-24m),LOW RISK,7.0,1.0,149.6,5,0,3,Male,2,2,2,6,Lost Customers
51879,0,13.0,Mature (13-24m),STANDARD RISK,12.0,1.0,204.75,5,1,3,Male,1,2,4,7,At Risk
51880,0,26.0,Loyal (25m+),STANDARD RISK,3.0,2.0,248.14,3,0,1,Male,4,2,5,11,Potential Loyalists
51881,0,14.0,Mature (13-24m),STANDARD RISK,6.0,12.0,291.41,1,0,2,Male,2,5,5,12,Potential Loyalists
51882,0,30.0,Loyal (25m+),LOW RISK,2.0,2.0,154.05,5,0,3,Male,4,2,3,9,At Risk
51883,0,0.0,New (0-3m),STANDARD RISK,7.0,1.0,187.93,5,0,1,Male,2,2,4,8,At Risk
51884,0,14.0,Mature (13-24m),STANDARD RISK,10.0,2.0,291.89,3,0,2,Male,1,2,5,8,At Risk
51885,0,23.0,Mature (13-24m),LOW RISK,2.0,2.0,138.75,4,0,3,Male,4,2,1,7,At Risk
51886,1,9.0,Established (7-12m),STANDARD RISK,7.0,3.0,122.16,4,1,1,Female,2,4,1,7,At Risk
51887,0,9.0,Established (7-12m),STANDARD RISK,3.0,1.0,217.13,5,0,1,Female,4,2,5,11,Potential Loyalists
51888,0,11.0,Established (7-12m),STANDARD RISK,0.0,1.0,178.61,3,1,1,Female,5,2,4,11,Potential Loyalists
51889,0,17.0,Mature (13-24m),STANDARD RISK,4.0,1.0,137.08,3,0,1,Male,3,2,1,6,Lost Customers
51890,0,20.0,Mature (13-24m),STANDARD RISK,13.0,2.0,237.7,3,1,3,Female,1,2,5,8,At Risk
51891,0,3.0,New (0-3m),STANDARD RISK,7.0,7.0,153.04,1,0,3,Male,2,5,2,9,At Risk
51892,0,2.0,New (0-3m),STANDARD RISK,0.0,1.0,126.42,3,0,3,Male,5,2,1,8,At Risk
51893,1,5.0,Growing (4-6m),STANDARD RISK,2.0,2.0,127.59,3,1,1,Male,4,2,1,7,At Risk
51894,0,16.0,Mature (13-24m),STANDARD RISK,2.0,2.0,168.04,1,0,3,Male,4,2,3,9,At Risk
51895,0,7.0,Established (7-12m),STANDARD RISK,3.0,4.0,161.42,3,0,1,Female,4,4,3,11,Potential Loyalists
51896,0,0.0,New (0-3m),STANDARD RISK,2.0,1.0,125.0,5,0,1,Male,4,2,1,7,At Risk
51897,0,12.0,Established (7-12m),STANDARD RISK,6.0,3.0,163.89,4,0,2,Female,2,4,3,9,At Risk
51898,0,29.0,Loyal (25m+),STANDARD RISK,3.0,1.0,211.03,1,0,1,Male,4,2,5,11,Potential Loyalists
51899,0,13.0,Mature (13-24m),STANDARD RISK,3.0,2.0,123.42,1,1,1,Female,4,2,1,7,At Risk
51900,0,0.0,New (0-3m),STANDARD RISK,7.0,1.0,168.11,5,0,1,Female,2,2,3,7,At Risk
51901,0,9.0,Established (7-12m),STANDARD RISK,2.0,2.0,122.97,4,0,3,Male,4,2,1,7,At Risk
51902,0,26.0,Loyal (25m+),STANDARD RISK,2.0,2.0,124.5,1,0,1,Male,4,2,1,7,At Risk
51903,0,8.0,Established (7-12m),STANDARD RISK,0.0,1.0,150.93,5,0,1,Female,5,2,2,9,At Risk
51904,0,5.0,Growing (4-6m),MEDIUM RISK,7.0,4.0,153.09,1,0,1,Male,2,4,2,8,At Risk
51905,0,11.0,Established (7-12m),STANDARD RISK,1.0,1.0,130.57,3,1,1,Male,5,2,1,8,At Risk
51906,0,7.0,Established (7-12m),STANDARD RISK,0.0,1.0,151.21,5,0,1,Female,5,2,2,9,At Risk
51907,0,25.0,Loyal (25m+),LOW RISK,16.0,1.0,268.56,5,0,3,Male,1,2,5,8,At Risk
51908,1,0.0,New (0-3m),CRITICAL RISK,8.0,7.0,126.86,1,1,1,Male,2,5,1,8,At Risk
51909,0,0.0,New (0-3m),STANDARD RISK,4.0,1.0,161.8,1,0,3,Female,3,2,3,8,At Risk
51910,0,18.0,Mature (13-24m),STANDARD RISK,1.0,3.0,166.32,3,0,3,Male,5,4,3,12,Potential Loyalists
51911,0,0.0,New (0-3m),STANDARD RISK,2.0,1.0,135.05,3,0,1,Male,4,2,1,7,At Risk
51912,1,10.0,Established (7-12m),STANDARD RISK,3.0,1.0,163.97,3,1,3,Female,4,2,3,9,At Risk
51913,0,7.0,Established (7-12m),STANDARD RISK,4.0,1.0,162.74,1,0,3,Male,3,2,3,8,At Risk
51914,1,18.0,Mature (13-24m),STANDARD RISK,4.0,1.0,298.59,5,1,1,Male,3,2,5,10,Potential Loyalists
51915,0,9.0,Established (7-12m),STANDARD RISK,9.0,1.0,175.87,5,0,3,Male,1,2,4,7,At Risk
51916,0,25.0,Loyal (25m+),STANDARD RISK,2.0,1.0,142.58,1,0,1,Male,4,2,2,8,At Risk
51917,0,0.0,New (0-3m),STANDARD RISK,0.0,2.0,143.64,1,0,1,Female,5,2,2,9,At Risk
51918,0,2.0,New (0-3m),STANDARD RISK,1.0,1.0,143.35,3,0,1,Female,5,2,2,9,At Risk
51919,1,0.0,New (0-3m),STANDARD RISK,2.0,1.0,153.26,5,0,3,Male,4,2,2,8,At Risk
51920,0,7.0,Established (7-12m),STANDARD RISK,3.0,1.0,132.8,1,0,1,Female,4,2,1,7,At Risk
51921,0,27.0,Loyal (25m+),STANDARD RISK,4.0,1.0,154.85,5,1,1,Female,3,2,3,8,At Risk
51922,0,0.0,New (0-3m),STANDARD RISK,1.0,1.0,143.42,1,0,3,Male,5,2,2,9,At Risk
51923,0,10.0,Established (7-12m),STANDARD RISK,3.0,4.0,127.82,5,1,1,Female,4,4,1,9,At Risk
51924,0,11.0,Established (7-12m),STANDARD RISK,12.0,4.0,159.8,5,1,1,Female,1,4,3,8,At Risk
51925,0,7.0,Established (7-12m),STANDARD RISK,3.0,1.0,143.81,5,0,1,Female,4,2,2,8,At Risk
51926,0,8.0,Established (7-12m),STANDARD RISK,2.0,1.0,125.72,1,0,3,Female,4,2,1,7,At Risk
51927,0,3.0,New (0-3m),STANDARD RISK,2.0,1.0,138.33,3,0,1,Male,4,2,1,7,At Risk
51928,0,13.0,Mature (13-24m),LOW RISK,7.0,3.0,142.44,4,0,1,Female,2,4,2,8,At Risk
51929,0,7.0,Established (7-12m),STANDARD RISK,2.0,1.0,165.0,5,0,3,Female,4,2,3,9,At Risk
51930,0,15.0,Mature (13-24m),STANDARD RISK,9.0,14.0,284.3,1,0,1,Male,1,5,5,11,Potential Loyalists
51931,1,9.0,Established (7-12m),STANDARD RISK,0.0,1.0,116.01,5,1,1,Male,5,2,1,8,At Risk
51932,0,0.0,New (0-3m),STANDARD RISK,0.0,1.0,126.94,4,0,1,Male,5,2,1,8,At Risk
51933,0,25.0,Loyal (25m+),STANDARD RISK,4.0,1.0,131.49,3,0,1,Female,3,2,1,6,Lost Customers
51934,0,23.0,Mature (13-24m),STANDARD RISK,3.0,1.0,276.39,3,0,1,Male,4,2,5,11,Potential Loyalists
51935,1,0.0,New (0-3m),STANDARD RISK,0.0,1.0,123.19,5,1,1,Female,5,2,1,8,At Risk
51936,0,6.0,Growing (4-6m),STANDARD RISK,3.0,3.0,216.91000000000005,3,0,1,Male,4,4,5,13,Loyal Customers
51937,1,0.0,New (0-3m),STANDARD RISK,2.0,1.0,153.24,5,0,3,Female,4,2,2,8,At Risk
51938,0,20.0,Mature (13-24m),STANDARD RISK,0.0,3.0,267.52,1,1,1,Female,5,4,5,14,Loyal Customers
51939,0,9.0,Established (7-12m),STANDARD RISK,5.0,1.0,152.28,4,0,1,Female,2,2,2,6,Lost Customers
51940,0,2.0,New (0-3m),STANDARD RISK,7.0,1.0,127.0,3,0,1,Male,2,2,1,5,Lost Customers
51941,1,20.0,Mature (13-24m),STANDARD RISK,8.0,13.0,292.46,4,1,1,Male,2,5,5,12,Potential Loyalists
51942,0,8.0,Established (7-12m),STANDARD RISK,2.0,2.0,125.06,3,0,1,Female,4,2,1,7,At Risk
51943,0,15.0,Mature (13-24m),STANDARD RISK,2.0,1.0,160.62,1,1,1,Female,4,2,3,9,At Risk
51944,1,0.0,New (0-3m),STANDARD RISK,1.0,2.0,143.82,3,0,1,Male,5,2,2,9,At Risk
51945,0,9.0,Established (7-12m),STANDARD RISK,4.0,1.0,121.43,4,0,2,Male,3,2,1,6,Lost Customers
51946,0,5.0,Growing (4-6m),STANDARD RISK,8.0,6.0,161.62,3,0,1,Female,2,5,3,10,Potential Loyalists
51947,0,13.0,Mature (13-24m),STANDARD RISK,0.0,1.0,150.94,3,0,1,Male,5,2,2,9,At Risk
51948,0,3.0,New (0-3m),CRITICAL RISK,0.0,1.0,168.77,1,1,1,Female,5,2,3,10,Potential Loyalists
51949,0,9.0,Established (7-12m),STANDARD RISK,0.0,1.0,122.74,3,0,1,Female,5,2,1,8,At Risk
51950,0,15.0,Mature (13-24m),LOW RISK,8.0,7.0,144.34,4,0,1,Male,2,5,2,9,At Risk
51951,0,11.0,Established (7-12m),STANDARD RISK,2.0,1.0,162.88,5,0,1,Male,4,2,3,9,At Risk
51952,0,7.0,Established (7-12m),STANDARD RISK,3.0,1.0,125.53,1,0,1,Female,4,2,1,7,At Risk
51953,1,12.0,Established (7-12m),STANDARD RISK,7.0,7.0,176.54,1,0,3,Female,2,5,4,11,Potential Loyalists
51954,1,18.0,Mature (13-24m),STANDARD RISK,3.0,7.0,151.6,1,0,3,Male,4,5,2,11,Potential Loyalists
51955,0,16.0,Mature (13-24m),LOW RISK,0.0,1.0,271.59,5,0,1,Male,5,2,5,12,Potential Loyalists
51956,0,0.0,New (0-3m),CRITICAL RISK,3.0,1.0,228.08,1,1,1,Male,4,2,5,11,Potential Loyalists
51957,0,8.0,Established (7-12m),STANDARD RISK,6.0,1.0,202.21,3,0,1,Male,2,2,4,8,At Risk
51958,0,1.0,New (0-3m),STANDARD RISK,5.0,7.0,147.79,4,1,3,Female,2,5,2,9,At Risk
51959,0,7.0,Established (7-12m),STANDARD RISK,2.0,1.0,137.37,1,0,2,Male,4,2,1,7,At Risk
51960,1,0.0,New (0-3m),STANDARD RISK,7.0,1.0,123.66,3,1,1,Female,2,2,1,5,Lost Customers
51961,0,9.0,Established (7-12m),STANDARD RISK,0.0,1.0,117.06,1,0,1,Male,5,2,1,8,At Risk
51962,0,24.0,Mature (13-24m),STANDARD RISK,17.0,4.0,263.07,3,0,3,Female,1,4,5,10,Potential Loyalists
51963,0,17.0,Mature (13-24m),LOW RISK,3.0,2.0,159.33,4,0,1,Male,4,2,3,9,At Risk
51964,0,0.0,New (0-3m),STANDARD RISK,1.0,1.0,134.24,5,0,1,Male,5,2,1,8,At Risk
51965,0,6.0,Growing (4-6m),STANDARD RISK,8.0,1.0,140.37,5,0,3,Male,2,2,1,5,Lost Customers
51966,0,8.0,Established (7-12m),STANDARD RISK,1.0,1.0,125.59,5,0,1,Female,5,2,1,8,At Risk
51967,0,9.0,Established (7-12m),STANDARD RISK,11.0,4.0,162.01,1,1,3,Male,1,4,3,8,At Risk
51968,0,5.0,Growing (4-6m),MEDIUM RISK,3.0,1.0,144.03,1,0,3,Male,4,2,2,8,At Risk
51969,0,3.0,New (0-3m),STANDARD RISK,3.0,1.0,137.61,1,0,1,Male,4,2,1,7,At Risk
51970,0,26.0,Loyal (25m+),STANDARD RISK,3.0,1.0,209.34,1,1,3,Female,4,2,5,11,Potential Loyalists
51971,0,18.0,Mature (13-24m),STANDARD RISK,2.0,1.0,207.61,5,1,3,Male,4,2,4,10,Potential Loyalists
51972,0,5.0,Growing (4-6m),STANDARD RISK,3.0,1.0,151.75,3,0,1,Female,4,2,2,8,At Risk
51973,0,25.0,Loyal (25m+),STANDARD RISK,0.0,2.0,238.26,1,0,1,Female,5,2,5,12,Potential Loyalists
51974,0,10.0,Established (7-12m),STANDARD RISK,0.0,1.0,163.34,3,0,3,Male,5,2,3,10,Potential Loyalists
51975,0,1.0,New (0-3m),STANDARD RISK,4.0,1.0,149.36,1,0,2,Male,3,2,2,7,At Risk
51976,0,0.0,New (0-3m),STANDARD RISK,2.0,2.0,147.75,1,0,1,Male,4,2,2,8,At Risk
51977,0,17.0,Mature (13-24m),STANDARD RISK,2.0,1.0,128.18,1,1,1,Male,4,2,1,7,At Risk
51978,0,15.0,Mature (13-24m),STANDARD RISK,2.0,2.0,125.15,1,1,1,Male,4,2,1,7,At Risk
51979,0,9.0,Established (7-12m),STANDARD RISK,3.0,1.0,123.42,5,0,2,Male,4,2,1,7,At Risk
51980,0,0.0,New (0-3m),STANDARD RISK,3.0,1.0,141.94,5,1,3,Male,4,2,2,8,At Risk
51981,0,8.0,Established (7-12m),STANDARD RISK,15.0,5.0,206.85,3,1,1,Female,1,5,4,10,Potential Loyalists
51982,1,9.0,Established (7-12m),STANDARD RISK,8.0,7.0,120.22,4,1,1,Female,2,5,1,8,At Risk
51983,0,5.0,Growing (4-6m),MEDIUM RISK,2.0,1.0,123.14,1,0,1,Male,4,2,1,7,At Risk
51984,0,0.0,New (0-3m),STANDARD RISK,3.0,1.0,142.56,5,0,3,Male,4,2,2,8,At Risk
51985,0,22.0,Mature (13-24m),LOW RISK,2.0,1.0,135.8,5,0,1,Female,4,2,1,7,At Risk
51986,0,0.0,New (0-3m),STANDARD RISK,4.0,3.0,131.62,1,0,1,Male,3,4,1,8,At Risk
51987,0,5.0,Growing (4-6m),STANDARD RISK,3.0,5.0,165.24,4,0,3,Male,4,5,3,12,Potential Loyalists
51988,0,11.0,Established (7-12m),STANDARD RISK,2.0,1.0,128.99,4,0,3,Male,4,2,1,7,At Risk
51989,0,15.0,Mature (13-24m),STANDARD RISK,3.0,1.0,152.31,1,1,1,Female,4,2,2,8,At Risk
51990,0,4.0,Growing (4-6m),MEDIUM RISK,2.0,1.0,123.56,1,1,1,Male,4,2,1,7,At Risk
51991,1,0.0,New (0-3m),STANDARD RISK,2.0,1.0,128.0,3,1,3,Female,4,2,1,7,At Risk
51992,0,26.0,Loyal (25m+),STANDARD RISK,3.0,2.0,218.36,1,0,3,Male,4,2,5,11,Potential Loyalists
51993,0,8.0,Established (7-12m),STANDARD RISK,8.0,4.0,209.03,4,0,1,Male,2,4,5,11,Potential Loyalists
51994,0,10.0,Established (7-12m),STANDARD RISK,0.0,1.0,129.73,1,0,3,Female,5,2,1,8,At Risk
51995,0,26.0,Loyal (25m+),STANDARD RISK,8.0,2.0,242.75,1,0,1,Female,2,2,5,9,At Risk
51996,0,16.0,Mature (13-24m),STANDARD RISK,2.0,2.0,155.62,1,0,1,Female,4,2,3,9,At Risk
51997,0,20.0,Mature (13-24m),STANDARD RISK,7.0,7.0,145.37,1,1,3,Female,2,5,2,9,At Risk
51998,0,10.0,Established (7-12m),STANDARD RISK,9.0,1.0,176.42,4,1,3,Male,1,2,4,7,At Risk
51999,0,23.0,Mature (13-24m),LOW RISK,7.0,14.0,279.24,5,0,1,Male,2,5,5,12,Potential Loyalists
52000,0,12.0,Established (7-12m),STANDARD RISK,4.0,1.0,152.04,1,0,2,Female,3,2,2,7,At Risk
52001,0,9.0,Established (7-12m),STANDARD RISK,3.0,1.0,122.77,4,1,2,Male,4,2,1,7,At Risk
52002,1,0.0,New (0-3m),CRITICAL RISK,1.0,1.0,127.95,1,1,1,Male,5,2,1,8,At Risk
52003,0,2.0,New (0-3m),STANDARD RISK,3.0,1.0,125.32,1,0,1,Female,4,2,1,7,At Risk
52004,0,17.0,Mature (13-24m),STANDARD RISK,1.0,7.0,125.59,5,1,1,Male,5,5,1,11,Potential Loyalists
52005,0,1.0,New (0-3m),STANDARD RISK,2.0,1.0,149.08,1,0,3,Male,4,2,2,8,At Risk
52006,1,20.0,Mature (13-24m),STANDARD RISK,0.0,1.0,123.8,1,1,1,Male,5,2,1,8,At Risk
52007,0,16.0,Mature (13-24m),LOW RISK,0.0,1.0,147.65,4,0,1,Female,5,2,2,9,At Risk
52008,1,9.0,Established (7-12m),STANDARD RISK,2.0,1.0,120.44,3,0,3,Female,4,2,1,7,At Risk
52009,1,0.0,New (0-3m),STANDARD RISK,0.0,1.0,126.93,1,0,1,Female,5,2,1,8,At Risk
52010,0,9.0,Established (7-12m),STANDARD RISK,11.0,4.0,165.86,1,1,1,Male,1,4,3,8,At Risk
52011,0,20.0,Mature (13-24m),STANDARD RISK,2.0,1.0,132.94,1,1,3,Female,4,2,1,7,At Risk
52012,1,0.0,New (0-3m),STANDARD RISK,2.0,1.0,141.71,3,1,1,Female,4,2,2,8,At Risk
52013,1,4.0,Growing (4-6m),MEDIUM RISK,0.0,1.0,127.78,1,1,1,Female,5,2,1,8,At Risk
52014,0,1.0,New (0-3m),STANDARD RISK,2.0,2.0,123.77,3,0,1,Female,4,2,1,7,At Risk
52015,1,2.0,New (0-3m),STANDARD RISK,2.0,2.0,124.04,5,1,1,Male,4,2,1,7,At Risk
52016,0,0.0,New (0-3m),STANDARD RISK,0.0,1.0,123.18,3,0,1,Female,5,2,1,8,At Risk
52017,0,9.0,Established (7-12m),STANDARD RISK,0.0,1.0,120.08,4,0,1,Male,5,2,1,8,At Risk
52018,0,15.0,Mature (13-24m),STANDARD RISK,3.0,1.0,162.44,3,0,3,Female,4,2,3,9,At Risk
52019,0,6.0,Growing (4-6m),STANDARD RISK,2.0,1.0,127.99,5,1,1,Male,4,2,1,7,At Risk
52020,0,30.0,Loyal (25m+),STANDARD RISK,4.0,1.0,205.52,4,1,1,Female,3,2,4,9,At Risk
52021,0,4.0,Growing (4-6m),STANDARD RISK,2.0,5.0,123.29,3,0,3,Male,4,5,1,10,Potential Loyalists
52022,0,8.0,Established (7-12m),STANDARD RISK,7.0,1.0,140.14,1,1,1,Female,2,2,1,5,Lost Customers
52023,0,22.0,Mature (13-24m),LOW RISK,7.0,1.0,174.03,4,0,1,Female,2,2,4,8,At Risk
52024,0,9.0,Established (7-12m),STANDARD RISK,0.0,1.0,122.59,3,0,1,Male,5,2,1,8,At Risk
52025,0,4.0,Growing (4-6m),STANDARD RISK,0.0,1.0,169.32,3,0,3,Female,5,2,3,10,Potential Loyalists
52026,0,9.0,Established (7-12m),STANDARD RISK,1.0,1.0,146.78,1,0,1,Male,5,2,2,9,At Risk
52027,0,11.0,Established (7-12m),STANDARD RISK,11.0,2.0,235.82,5,0,1,Female,1,2,5,8,At Risk
52028,0,5.0,Growing (4-6m),STANDARD RISK,2.0,1.0,123.32,4,0,1,Female,4,2,1,7,At Risk
52029,1,0.0,New (0-3m),STANDARD RISK,0.0,1.0,124.13,4,1,3,Male,5,2,1,8,At Risk
52030,0,13.0,Mature (13-24m),LOW RISK,0.0,1.0,197.05,4,0,3,Male,5,2,4,11,Potential Loyalists
52031,0,0.0,New (0-3m),STANDARD RISK,7.0,1.0,142.94,5,0,3,Male,2,2,2,6,Lost Customers
52032,0,14.0,Mature (13-24m),STANDARD RISK,17.0,2.0,147.21,5,1,1,Male,1,2,2,5,Lost Customers
52033,0,9.0,Established (7-12m),STANDARD RISK,9.0,3.0,125.19,3,0,1,Male,1,4,1,6,Lost Customers
52034,1,9.0,Established (7-12m),STANDARD RISK,0.0,1.0,121.21,4,1,3,Male,5,2,1,8,At Risk
52035,1,0.0,New (0-3m),STANDARD RISK,0.0,1.0,129.73,5,0,1,Male,5,2,1,8,At Risk
52036,0,4.0,Growing (4-6m),MEDIUM RISK,5.0,8.0,158.55,1,1,1,Female,2,5,3,10,Potential Loyalists
52037,0,13.0,Mature (13-24m),STANDARD RISK,0.0,1.0,136.17,4,1,1,Male,5,2,1,8,At Risk
52038,0,5.0,Growing (4-6m),STANDARD RISK,3.0,6.0,167.25,5,0,1,Female,4,5,3,12,Potential Loyalists
52039,1,0.0,New (0-3m),CRITICAL RISK,7.0,3.0,203.25,1,1,3,Male,2,4,4,10,Potential Loyalists
52040,0,6.0,Growing (4-6m),MEDIUM RISK,4.0,1.0,169.49,1,0,1,Female,3,2,3,8,At Risk
52041,1,0.0,New (0-3m),HIGH RISK,46.0,11.0,206.09,3,0,3,Male,1,5,4,10,Potential Loyalists
52042,0,18.0,Mature (13-24m),LOW RISK,8.0,1.0,144.47,4,0,1,Male,2,2,2,6,Lost Customers
52043,0,9.0,Established (7-12m),STANDARD RISK,2.0,1.0,121.57,1,0,3,Female,4,2,1,7,At Risk
52044,0,8.0,Established (7-12m),STANDARD RISK,0.0,1.0,146.01,3,0,3,Female,5,2,2,9,At Risk
52045,0,25.0,Loyal (25m+),STANDARD RISK,8.0,7.0,270.99,1,0,1,Male,2,5,5,12,Potential Loyalists
52046,1,20.0,Mature (13-24m),STANDARD RISK,0.0,1.0,124.79,3,0,1,Male,5,2,1,8,At Risk
52047,0,26.0,Loyal (25m+),STANDARD RISK,2.0,2.0,248.52,3,0,3,Male,4,2,5,11,Potential Loyalists
52048,0,3.0,New (0-3m),STANDARD RISK,7.0,7.0,172.64,3,0,3,Male,2,5,3,10,Potential Loyalists
52049,0,11.0,Established (7-12m),STANDARD RISK,3.0,1.0,156.66,1,1,3,Female,4,2,3,9,At Risk
52050,0,8.0,Established (7-12m),STANDARD RISK,8.0,1.0,178.23,1,0,3,Male,2,2,4,8,At Risk
52051,0,12.0,Established (7-12m),STANDARD RISK,7.0,1.0,178.8,3,0,3,Male,2,2,4,8,At Risk
52052,1,3.0,New (0-3m),STANDARD RISK,0.0,2.0,231.94,4,1,3,Female,5,2,5,12,Potential Loyalists
52053,0,20.0,Mature (13-24m),STANDARD RISK,7.0,2.0,150.67,3,1,1,Male,2,2,2,6,Lost Customers
52054,0,9.0,Established (7-12m),STANDARD RISK,7.0,1.0,150.79,1,0,3,Male,2,2,2,6,Lost Customers
52055,1,0.0,New (0-3m),STANDARD RISK,2.0,1.0,123.21,5,1,1,Male,4,2,1,7,At Risk
52056,0,6.0,Growing (4-6m),STANDARD RISK,0.0,6.0,274.44,3,0,3,Male,5,5,5,15,Loyal Customers
52057,1,0.0,New (0-3m),STANDARD RISK,0.0,1.0,124.04,5,1,1,Female,5,2,1,8,At Risk
52058,0,6.0,Growing (4-6m),MEDIUM RISK,2.0,1.0,134.52,1,0,1,Female,4,2,1,7,At Risk
52059,0,9.0,Established (7-12m),STANDARD RISK,2.0,1.0,122.7,1,0,1,Female,4,2,1,7,At Risk
52060,0,23.0,Mature (13-24m),STANDARD RISK,3.0,1.0,273.99,1,0,1,Male,4,2,5,11,Potential Loyalists
52061,0,6.0,Growing (4-6m),STANDARD RISK,2.0,1.0,154.88,4,1,1,Female,4,2,3,9,At Risk
52062,0,14.0,Mature (13-24m),STANDARD RISK,11.0,1.0,294.19,3,0,1,Male,1,2,5,8,At Risk
52063,0,0.0,New (0-3m),STANDARD RISK,2.0,2.0,128.11,4,0,1,Female,4,2,1,7,At Risk
52064,0,18.0,Mature (13-24m),STANDARD RISK,8.0,1.0,136.33,5,1,1,Male,2,2,1,5,Lost Customers
52065,0,20.0,Mature (13-24m),STANDARD RISK,7.0,1.0,141.63,1,1,3,Female,2,2,2,6,Lost Customers
52066,1,9.0,Established (7-12m),STANDARD RISK,1.0,1.0,121.32,3,1,1,Female,5,2,1,8,At Risk
52067,0,23.0,Mature (13-24m),STANDARD RISK,5.0,2.0,239.73,3,1,1,Male,2,2,5,9,At Risk
52068,0,11.0,Established (7-12m),STANDARD RISK,2.0,1.0,126.84,3,0,1,Male,4,2,1,7,At Risk
52069,0,19.0,Mature (13-24m),STANDARD RISK,7.0,1.0,208.45,3,0,1,Male,2,2,4,8,At Risk
52070,0,0.0,New (0-3m),STANDARD RISK,2.0,3.0,143.77,3,0,1,Female,4,4,2,10,Potential Loyalists
52071,1,0.0,New (0-3m),STANDARD RISK,2.0,1.0,137.43,4,1,1,Male,4,2,1,7,At Risk
52072,0,4.0,Growing (4-6m),STANDARD RISK,3.0,1.0,141.48,5,0,1,Female,4,2,2,8,At Risk
52073,0,0.0,New (0-3m),STANDARD RISK,0.0,1.0,110.51,1,0,1,Male,5,2,1,8,At Risk
52074,0,27.0,Loyal (25m+),STANDARD RISK,8.0,1.0,207.39,3,0,1,Female,2,2,4,8,At Risk
52075,0,8.0,Established (7-12m),STANDARD RISK,1.0,10.0,203.88,3,1,1,Female,5,5,4,14,Loyal Customers
52076,0,3.0,New (0-3m),STANDARD RISK,3.0,1.0,214.16000000000005,5,1,1,Female,4,2,5,11,Potential Loyalists
52077,1,0.0,New (0-3m),STANDARD RISK,0.0,1.0,126.0,5,1,1,Female,5,2,1,8,At Risk
52078,1,0.0,New (0-3m),STANDARD RISK,2.0,1.0,124.22,4,0,1,Female,4,2,1,7,At Risk
52079,0,0.0,New (0-3m),STANDARD RISK,3.0,1.0,154.72,1,0,1,Male,4,2,3,9,At Risk
52080,0,0.0,New (0-3m),STANDARD RISK,1.0,1.0,124.51,5,0,1,Male,5,2,1,8,At Risk
52081,0,21.0,Mature (13-24m),STANDARD RISK,2.0,2.0,142.4,3,0,1,Male,4,2,2,8,At Risk
52082,0,21.0,Mature (13-24m),STANDARD RISK,3.0,4.0,209.99,3,0,1,Male,4,4,5,13,Loyal Customers
52083,0,14.0,Mature (13-24m),STANDARD RISK,1.0,2.0,150.03,3,0,1,Female,5,2,2,9,At Risk
52084,0,12.0,Established (7-12m),STANDARD RISK,3.0,11.0,227.42,1,0,1,Female,4,5,5,14,Loyal Customers
52085,0,0.0,New (0-3m),STANDARD RISK,2.0,2.0,142.27,1,0,1,Female,4,2,2,8,At Risk
52086,0,8.0,Established (7-12m),STANDARD RISK,2.0,1.0,139.17,1,0,1,Male,4,2,1,7,At Risk
52087,0,0.0,New (0-3m),STANDARD RISK,0.0,1.0,283.03,3,0,3,Male,5,2,5,12,Potential Loyalists
52088,0,23.0,Mature (13-24m),STANDARD RISK,0.0,1.0,123.8,1,0,1,Male,5,2,1,8,At Risk
52089,0,30.0,Loyal (25m+),STANDARD RISK,3.0,2.0,237.26,1,1,1,Female,4,2,5,11,Potential Loyalists
52090,1,0.0,New (0-3m),STANDARD RISK,0.0,1.0,147.77,4,0,1,Female,5,2,2,9,At Risk
52091,0,28.0,Loyal (25m+),STANDARD RISK,7.0,6.0,163.85,4,1,1,Male,2,5,3,10,Potential Loyalists
52092,0,14.0,Mature (13-24m),STANDARD RISK,10.0,5.0,299.73,3,0,1,Female,1,5,5,11,Potential Loyalists
52093,0,11.0,Established (7-12m),STANDARD RISK,0.0,1.0,168.61,1,1,3,Male,5,2,3,10,Potential Loyalists
52094,1,0.0,New (0-3m),STANDARD RISK,2.0,2.0,149.69,5,0,3,Male,4,2,2,8,At Risk
52095,1,15.0,Mature (13-24m),STANDARD RISK,9.0,6.0,298.45,1,0,3,Female,1,5,5,11,Potential Loyalists
52096,0,17.0,Mature (13-24m),STANDARD RISK,11.0,2.0,233.2,1,1,3,Female,1,2,5,8,At Risk
52097,0,23.0,Mature (13-24m),STANDARD RISK,13.0,1.0,163.47,3,0,3,Female,1,2,3,6,Lost Customers
52098,1,0.0,New (0-3m),STANDARD RISK,14.0,15.0,127.43,5,0,1,Female,1,5,1,7,At Risk
52099,0,12.0,Established (7-12m),STANDARD RISK,8.0,2.0,208.8,5,1,1,Female,2,2,4,8,At Risk
52100,0,6.0,Growing (4-6m),MEDIUM RISK,2.0,2.0,123.42,1,0,3,Female,4,2,1,7,At Risk
52101,0,18.0,Mature (13-24m),STANDARD RISK,1.0,1.0,276.5,1,0,3,Female,5,2,5,12,Potential Loyalists
52102,0,5.0,Growing (4-6m),STANDARD RISK,7.0,7.0,140.25,3,0,1,Female,2,5,1,8,At Risk
52103,0,7.0,Established (7-12m),STANDARD RISK,9.0,1.0,197.25,1,0,3,Male,1,2,4,7,At Risk
52104,0,30.0,Loyal (25m+),STANDARD RISK,3.0,1.0,219.04,1,1,3,Male,4,2,5,11,Potential Loyalists
52105,0,9.0,Established (7-12m),STANDARD RISK,4.0,1.0,121.77,4,0,2,Male,3,2,1,6,Lost Customers
52106,0,26.0,Loyal (25m+),LOW RISK,12.0,6.0,175.25,4,0,3,Female,1,5,4,10,Potential Loyalists
52107,1,0.0,New (0-3m),STANDARD RISK,0.0,1.0,148.34,3,0,1,Male,5,2,2,9,At Risk
52108,1,9.0,Established (7-12m),STANDARD RISK,2.0,1.0,120.42,5,1,1,Male,4,2,1,7,At Risk
52109,0,9.0,Established (7-12m),STANDARD RISK,0.0,1.0,122.2,3,1,3,Female,5,2,1,8,At Risk
52110,0,1.0,New (0-3m),STANDARD RISK,0.0,1.0,110.52,4,0,3,Male,5,2,1,8,At Risk
52111,0,11.0,Established (7-12m),STANDARD RISK,2.0,2.0,128.21,3,0,1,Male,4,2,1,7,At Risk
52112,0,23.0,Mature (13-24m),STANDARD RISK,7.0,7.0,292.37,3,1,1,Male,2,5,5,12,Potential Loyalists
52113,0,10.0,Established (7-12m),STANDARD RISK,1.0,1.0,141.07,4,0,1,Female,5,2,2,9,At Risk
52114,0,13.0,Mature (13-24m),LOW RISK,5.0,7.0,183.96,5,0,3,Male,2,5,4,11,Potential Loyalists
52115,0,9.0,Established (7-12m),STANDARD RISK,3.0,1.0,120.07,3,0,1,Female,4,2,1,7,At Risk
52116,0,19.0,Mature (13-24m),STANDARD RISK,2.0,2.0,296.27,1,0,1,Male,4,2,5,11,Potential Loyalists
52117,0,27.0,Loyal (25m+),STANDARD RISK,0.0,7.0,206.86,3,0,3,Female,5,5,4,14,Loyal Customers
52118,0,29.0,Loyal (25m+),STANDARD RISK,3.0,1.0,129.42,3,0,1,Female,4,2,1,7,At Risk
52119,0,9.0,Established (7-12m),STANDARD RISK,8.0,7.0,188.58,1,0,1,Female,2,5,4,11,Potential Loyalists
52120,0,28.0,Loyal (25m+),LOW RISK,2.0,6.0,267.56,5,0,1,Male,4,5,5,14,Loyal Customers
52121,0,16.0,Mature (13-24m),STANDARD RISK,0.0,1.0,207.98,1,0,3,Male,5,2,4,11,Potential Loyalists
52122,1,0.0,New (0-3m),CRITICAL RISK,2.0,1.0,123.23,1,1,3,Female,4,2,1,7,At Risk
52123,1,9.0,Established (7-12m),STANDARD RISK,0.0,1.0,114.16,5,0,1,Female,5,2,1,8,At Risk
52124,0,19.0,Mature (13-24m),STANDARD RISK,7.0,1.0,146.15,5,1,1,Female,2,2,2,6,Lost Customers
52125,1,14.0,Mature (13-24m),STANDARD RISK,7.0,2.0,124.61,3,1,1,Male,2,2,1,5,Lost Customers
52126,1,0.0,New (0-3m),STANDARD RISK,9.0,1.0,187.22,5,0,1,Male,1,2,4,7,At Risk
52127,0,0.0,New (0-3m),STANDARD RISK,3.0,1.0,139.55,5,0,1,Male,4,2,1,7,At Risk
52128,0,3.0,New (0-3m),STANDARD RISK,2.0,1.0,199.57,5,0,1,Male,4,2,4,10,Potential Loyalists
52129,0,14.0,Mature (13-24m),STANDARD RISK,8.0,1.0,133.76,3,0,1,Female,2,2,1,5,Lost Customers
52130,0,11.0,Established (7-12m),STANDARD RISK,9.0,1.0,188.23,3,0,1,Female,1,2,4,7,At Risk
52131,0,13.0,Mature (13-24m),STANDARD RISK,1.0,11.0,203.22,1,0,1,Male,5,5,4,14,Loyal Customers
52132,0,0.0,New (0-3m),STANDARD RISK,2.0,1.0,146.21,3,0,1,Male,4,2,2,8,At Risk
52133,0,28.0,Loyal (25m+),LOW RISK,3.0,1.0,209.76,4,0,1,Male,4,2,5,11,Potential Loyalists
52134,0,1.0,New (0-3m),STANDARD RISK,7.0,1.0,136.6,3,0,1,Female,2,2,1,5,Lost Customers
52135,1,7.0,Established (7-12m),STANDARD RISK,6.0,3.0,204.82,5,0,2,Male,2,4,4,10,Potential Loyalists
52136,0,6.0,Growing (4-6m),MEDIUM RISK,2.0,1.0,171.19,1,0,1,Male,4,2,3,9,At Risk
52137,1,0.0,New (0-3m),STANDARD RISK,7.0,4.0,195.82,5,1,3,Male,2,4,4,10,Potential Loyalists
52138,1,0.0,New (0-3m),STANDARD RISK,8.0,3.0,145.08,3,0,1,Female,2,4,2,8,At Risk
52139,0,9.0,Established (7-12m),STANDARD RISK,2.0,2.0,122.07,3,0,1,Male,4,2,1,7,At Risk
52140,0,7.0,Established (7-12m),STANDARD RISK,4.0,1.0,177.56,1,0,1,Male,3,2,4,9,At Risk
52141,0,10.0,Established (7-12m),STANDARD RISK,0.0,1.0,166.94,1,1,3,Female,5,2,3,10,Potential Loyalists
52142,1,0.0,New (0-3m),CRITICAL RISK,6.0,5.0,136.91,1,1,1,Male,2,5,1,8,At Risk
52143,1,0.0,New (0-3m),STANDARD RISK,0.0,1.0,123.77,3,0,1,Male,5,2,1,8,At Risk
52144,1,0.0,New (0-3m),STANDARD RISK,2.0,2.0,123.13,4,1,1,Male,4,2,1,7,At Risk
52145,0,15.0,Mature (13-24m),LOW RISK,7.0,13.0,276.65,5,0,1,Male,2,5,5,12,Potential Loyalists
52146,1,0.0,New (0-3m),STANDARD RISK,0.0,1.0,125.96,4,0,1,Male,5,2,1,8,At Risk
52147,1,13.0,Mature (13-24m),STANDARD RISK,0.0,1.0,147.28,3,1,3,Male,5,2,2,9,At Risk
52148,0,6.0,Growing (4-6m),STANDARD RISK,2.0,1.0,143.02,4,0,3,Female,4,2,2,8,At Risk
52149,0,7.0,Established (7-12m),STANDARD RISK,0.0,1.0,129.79,1,0,1,Male,5,2,1,8,At Risk
52150,0,21.0,Mature (13-24m),STANDARD RISK,1.0,2.0,268.85,1,0,1,Male,5,2,5,12,Potential Loyalists
52151,0,18.0,Mature (13-24m),STANDARD RISK,12.0,4.0,155.93,3,0,3,Female,1,4,3,8,At Risk
52152,0,25.0,Loyal (25m+),LOW RISK,0.0,4.0,204.45,4,0,1,Male,5,4,4,13,Loyal Customers
52153,0,11.0,Established (7-12m),STANDARD RISK,7.0,2.0,187.4,3,1,3,Male,2,2,4,8,At Risk
52154,0,2.0,New (0-3m),STANDARD RISK,7.0,1.0,125.14,1,0,1,Female,2,2,1,5,Lost Customers
52155,0,1.0,New (0-3m),STANDARD RISK,7.0,1.0,176.55,4,0,1,Female,2,2,4,8,At Risk
52156,0,19.0,Mature (13-24m),STANDARD RISK,9.0,4.0,274.65,3,0,3,Male,1,4,5,10,Potential Loyalists
52157,0,11.0,Established (7-12m),STANDARD RISK,0.0,1.0,173.51,4,0,3,Male,5,2,4,11,Potential Loyalists
52158,0,16.0,Mature (13-24m),LOW RISK,1.0,1.0,208.2,5,0,1,Female,5,2,4,11,Potential Loyalists
52159,1,2.0,New (0-3m),STANDARD RISK,3.0,11.0,221.69,1,0,1,Male,4,5,5,14,Loyal Customers
52160,0,13.0,Mature (13-24m),STANDARD RISK,9.0,4.0,296.26,3,0,1,Male,1,4,5,10,Potential Loyalists
52161,0,9.0,Established (7-12m),STANDARD RISK,2.0,2.0,120.7,4,1,1,Female,4,2,1,7,At Risk
52162,0,12.0,Established (7-12m),STANDARD RISK,3.0,1.0,167.82,4,0,1,Male,4,2,3,9,At Risk
52163,0,9.0,Established (7-12m),STANDARD RISK,9.0,1.0,177.79,1,0,1,Male,1,2,4,7,At Risk
52164,0,4.0,Growing (4-6m),MEDIUM RISK,2.0,2.0,127.91,1,0,3,Male,4,2,1,7,At Risk
52165,0,1.0,New (0-3m),STANDARD RISK,4.0,1.0,132.01,4,0,1,Male,3,2,1,6,Lost Customers
52166,0,8.0,Established (7-12m),STANDARD RISK,2.0,1.0,149.68,1,0,3,Male,4,2,2,8,At Risk
52167,0,22.0,Mature (13-24m),LOW RISK,3.0,2.0,231.2,4,0,3,Male,4,2,5,11,Potential Loyalists
52168,0,7.0,Established (7-12m),STANDARD RISK,2.0,1.0,140.33,3,0,1,Male,4,2,1,7,At Risk
52169,0,2.0,New (0-3m),STANDARD RISK,1.0,1.0,132.91,4,0,1,Female,5,2,1,8,At Risk
52170,0,15.0,Mature (13-24m),STANDARD RISK,0.0,1.0,142.72,1,0,1,Male,5,2,2,9,At Risk
52171,0,2.0,New (0-3m),CRITICAL RISK,2.0,1.0,150.56,1,1,1,Male,4,2,2,8,At Risk
52172,0,11.0,Established (7-12m),STANDARD RISK,0.0,5.0,128.44,3,0,2,Male,5,5,1,11,Potential Loyalists
52173,0,1.0,New (0-3m),STANDARD RISK,2.0,1.0,127.03,3,1,1,Male,4,2,1,7,At Risk
52174,1,9.0,Established (7-12m),STANDARD RISK,0.0,1.0,119.04,3,0,1,Male,5,2,1,8,At Risk
52175,1,0.0,New (0-3m),STANDARD RISK,3.0,1.0,182.24,5,1,3,Female,4,2,4,10,Potential Loyalists
52176,0,14.0,Mature (13-24m),STANDARD RISK,0.0,1.0,147.66,1,1,1,Male,5,2,2,9,At Risk
52177,1,0.0,New (0-3m),STANDARD RISK,2.0,2.0,126.1,3,0,1,Male,4,2,1,7,At Risk
52178,0,10.0,Established (7-12m),STANDARD RISK,3.0,1.0,157.31,1,0,1,Female,4,2,3,9,At Risk
52179,0,0.0,New (0-3m),STANDARD RISK,2.0,2.0,125.39,3,0,1,Male,4,2,1,7,At Risk
52180,0,7.0,Established (7-12m),STANDARD RISK,3.0,1.0,157.14,3,0,3,Female,4,2,3,9,At Risk
52181,0,8.0,Established (7-12m),STANDARD RISK,4.0,1.0,143.23,3,0,2,Male,3,2,2,7,At Risk
52182,1,0.0,New (0-3m),STANDARD RISK,10.0,3.0,173.36,5,0,3,Female,1,4,4,9,At Risk
52183,0,13.0,Mature (13-24m),STANDARD RISK,13.0,2.0,234.99,3,0,1,Female,1,2,5,8,At Risk
52184,1,5.0,Growing (4-6m),STANDARD RISK,14.0,2.0,237.58,5,1,3,Male,1,2,5,8,At Risk
52185,0,15.0,Mature (13-24m),LOW RISK,5.0,1.0,151.55,5,0,3,Male,2,2,2,6,Lost Customers
52186,0,9.0,Established (7-12m),STANDARD RISK,7.0,1.0,122.58,3,0,1,Male,2,2,1,5,Lost Customers
52187,0,0.0,New (0-3m),STANDARD RISK,2.0,1.0,135.97,4,0,1,Male,4,2,1,7,At Risk
52188,1,0.0,New (0-3m),CRITICAL RISK,0.0,1.0,125.15,1,1,1,Female,5,2,1,8,At Risk
52189,0,0.0,New (0-3m),STANDARD RISK,7.0,1.0,144.2,1,0,1,Male,2,2,2,6,Lost Customers
52190,0,3.0,New (0-3m),STANDARD RISK,4.0,1.0,165.78,3,0,3,Male,3,2,3,8,At Risk
52191,0,13.0,Mature (13-24m),STANDARD RISK,0.0,1.0,144.22,1,1,1,Female,5,2,2,9,At Risk
52192,0,8.0,Established (7-12m),STANDARD RISK,4.0,6.0,202.74,4,0,1,Male,3,5,4,12,Potential Loyalists
52193,0,7.0,Established (7-12m),STANDARD RISK,9.0,4.0,153.43,5,0,1,Male,1,4,2,7,At Risk
52194,0,8.0,Established (7-12m),STANDARD RISK,2.0,2.0,123.76,1,0,1,Male,4,2,1,7,At Risk
52195,1,6.0,Growing (4-6m),STANDARD RISK,3.0,1.0,153.46,3,0,3,Female,4,2,2,8,At Risk
52196,0,5.0,Growing (4-6m),STANDARD RISK,0.0,1.0,128.27,5,0,3,Female,5,2,1,8,At Risk
52197,0,29.0,Loyal (25m+),LOW RISK,2.0,4.0,299.43,5,0,1,Female,4,4,5,13,Loyal Customers
52198,0,2.0,New (0-3m),STANDARD RISK,8.0,1.0,131.31,1,0,1,Female,2,2,1,5,Lost Customers
52199,0,0.0,New (0-3m),STANDARD RISK,0.0,1.0,125.52,5,0,1,Male,5,2,1,8,At Risk
52200,0,18.0,Mature (13-24m),STANDARD RISK,2.0,1.0,144.77,3,1,1,Female,4,2,2,8,At Risk
52201,0,10.0,Established (7-12m),STANDARD RISK,11.0,3.0,164.74,1,0,1,Female,1,4,3,8,At Risk
52202,0,0.0,New (0-3m),STANDARD RISK,2.0,1.0,130.33,3,0,1,Male,4,2,1,7,At Risk
52203,1,7.0,Established (7-12m),STANDARD RISK,2.0,1.0,129.36,3,1,1,Male,4,2,1,7,At Risk
52204,0,26.0,Loyal (25m+),STANDARD RISK,7.0,4.0,286.06,3,0,1,Female,2,4,5,11,Potential Loyalists
52205,0,9.0,Established (7-12m),STANDARD RISK,3.0,1.0,121.68,1,1,1,Female,4,2,1,7,At Risk
52206,1,0.0,New (0-3m),CRITICAL RISK,0.0,1.0,128.53,1,1,1,Male,5,2,1,8,At Risk
52207,0,19.0,Mature (13-24m),LOW RISK,9.0,15.0,270.48,5,0,3,Female,1,5,5,11,Potential Loyalists
52208,0,9.0,Established (7-12m),STANDARD RISK,0.0,1.0,122.9,3,0,1,Male,5,2,1,8,At Risk
52209,0,6.0,Growing (4-6m),STANDARD RISK,4.0,1.0,136.0,3,0,2,Male,3,2,1,6,Lost Customers
52210,1,9.0,Established (7-12m),STANDARD RISK,0.0,1.0,121.07,5,0,1,Male,5,2,1,8,At Risk
52211,0,3.0,New (0-3m),STANDARD RISK,3.0,1.0,141.15,5,0,3,Male,4,2,2,8,At Risk
52212,0,13.0,Mature (13-24m),LOW RISK,0.0,1.0,143.27,4,0,3,Male,5,2,2,9,At Risk
52213,0,23.0,Mature (13-24m),LOW RISK,2.0,2.0,278.56,5,0,1,Female,4,2,5,11,Potential Loyalists
52214,0,1.0,New (0-3m),STANDARD RISK,3.0,3.0,131.96,5,0,1,Male,4,4,1,9,At Risk
52215,0,19.0,Mature (13-24m),LOW RISK,3.0,1.0,290.81,4,0,1,Male,4,2,5,11,Potential Loyalists
52216,0,8.0,Established (7-12m),STANDARD RISK,7.0,1.0,189.66,5,1,3,Male,2,2,4,8,At Risk
52217,1,9.0,Established (7-12m),STANDARD RISK,0.0,1.0,122.1,4,0,1,Female,5,2,1,8,At Risk
52218,0,6.0,Growing (4-6m),STANDARD RISK,1.0,1.0,145.39,3,0,3,Female,5,2,2,9,At Risk
52219,0,9.0,Established (7-12m),STANDARD RISK,7.0,1.0,127.41,3,0,1,Male,2,2,1,5,Lost Customers
52220,0,3.0,New (0-3m),STANDARD RISK,9.0,8.0,134.91,3,0,1,Male,1,5,1,7,At Risk
52221,0,17.0,Mature (13-24m),STANDARD RISK,17.0,13.0,145.41,1,0,1,Male,1,5,2,8,At Risk
52222,0,0.0,New (0-3m),STANDARD RISK,2.0,2.0,126.78,1,0,3,Male,4,2,1,7,At Risk
52223,0,19.0,Mature (13-24m),STANDARD RISK,4.0,1.0,173.79,1,0,1,Male,3,2,4,9,At Risk
52224,0,15.0,Mature (13-24m),LOW RISK,3.0,1.0,162.72,5,0,2,Male,4,2,3,9,At Risk
52225,0,30.0,Loyal (25m+),STANDARD RISK,9.0,1.0,152.2,1,1,3,Male,1,2,2,5,Lost Customers
52226,0,5.0,Growing (4-6m),STANDARD RISK,2.0,2.0,134.0,4,0,1,Female,4,2,1,7,At Risk
52227,0,5.0,Growing (4-6m),STANDARD RISK,7.0,1.0,149.98,3,1,1,Female,2,2,2,6,Lost Customers
52228,0,9.0,Established (7-12m),STANDARD RISK,7.0,7.0,202.52,5,1,1,Female,2,5,4,11,Potential Loyalists
52229,0,6.0,Growing (4-6m),MEDIUM RISK,10.0,4.0,127.81,1,0,1,Male,1,4,1,6,Lost Customers
52230,0,13.0,Mature (13-24m),LOW RISK,3.0,1.0,168.52,4,0,3,Female,4,2,3,9,At Risk
52231,0,0.0,New (0-3m),STANDARD RISK,1.0,1.0,149.5,1,0,3,Male,5,2,2,9,At Risk
52232,0,3.0,New (0-3m),STANDARD RISK,7.0,5.0,135.79,4,1,1,Male,2,5,1,8,At Risk
52233,0,15.0,Mature (13-24m),STANDARD RISK,0.0,2.0,231.91000000000005,5,1,1,Female,5,2,5,12,Potential Loyalists
52234,0,8.0,Established (7-12m),STANDARD RISK,12.0,4.0,203.77,1,1,3,Female,1,4,4,9,At Risk
52235,0,9.0,Established (7-12m),STANDARD RISK,8.0,6.0,122.35,5,1,1,Male,2,5,1,8,At Risk
52236,0,27.0,Loyal (25m+),STANDARD RISK,4.0,1.0,205.02,3,0,1,Female,3,2,4,9,At Risk
52237,0,9.0,Established (7-12m),STANDARD RISK,7.0,7.0,120.11,1,0,1,Female,2,5,1,8,At Risk
52238,1,9.0,Established (7-12m),STANDARD RISK,0.0,1.0,118.59,4,1,1,Female,5,2,1,8,At Risk
52239,0,2.0,New (0-3m),STANDARD RISK,2.0,1.0,137.6,1,0,1,Female,4,2,1,7,At Risk
52240,0,27.0,Loyal (25m+),STANDARD RISK,9.0,1.0,277.79,1,0,1,Male,1,2,5,8,At Risk
52241,0,4.0,Growing (4-6m),STANDARD RISK,1.0,1.0,168.33,5,1,1,Male,5,2,3,10,Potential Loyalists
52242,0,4.0,Growing (4-6m),STANDARD RISK,8.0,1.0,168.12,5,0,1,Female,2,2,3,7,At Risk
52243,0,30.0,Loyal (25m+),STANDARD RISK,5.0,1.0,151.71,1,0,3,Female,2,2,2,6,Lost Customers
52244,0,16.0,Mature (13-24m),STANDARD RISK,7.0,1.0,297.4,1,0,1,Male,2,2,5,9,At Risk
52245,0,22.0,Mature (13-24m),STANDARD RISK,0.0,1.0,287.11,3,0,1,Male,5,2,5,12,Potential Loyalists
52246,0,9.0,Established (7-12m),STANDARD RISK,7.0,1.0,136.92,4,0,1,Male,2,2,1,5,Lost Customers
52247,0,21.0,Mature (13-24m),LOW RISK,0.0,1.0,125.59,4,0,1,Male,5,2,1,8,At Risk
52248,0,0.0,New (0-3m),STANDARD RISK,3.0,1.0,125.17,3,0,1,Male,4,2,1,7,At Risk
52249,0,2.0,New (0-3m),CRITICAL RISK,0.0,1.0,166.23,1,1,1,Male,5,2,3,10,Potential Loyalists
52250,0,21.0,Mature (13-24m),STANDARD RISK,0.0,1.0,282.65,1,0,1,Male,5,2,5,12,Potential Loyalists
52251,0,2.0,New (0-3m),STANDARD RISK,7.0,1.0,261.24,1,0,1,Female,2,2,5,9,At Risk
52252,0,7.0,Established (7-12m),STANDARD RISK,0.0,1.0,125.85,3,0,1,Female,5,2,1,8,At Risk
52253,0,17.0,Mature (13-24m),LOW RISK,10.0,3.0,282.13,4,0,3,Male,1,4,5,10,Potential Loyalists
52254,0,6.0,Growing (4-6m),STANDARD RISK,8.0,1.0,183.8,3,1,3,Male,2,2,4,8,At Risk
52255,0,0.0,New (0-3m),CRITICAL RISK,1.0,1.0,129.94,1,1,1,Female,5,2,1,8,At Risk
52256,0,9.0,Established (7-12m),STANDARD RISK,1.0,1.0,112.23,3,0,1,Male,5,2,1,8,At Risk
52257,1,0.0,New (0-3m),CRITICAL RISK,0.0,1.0,111.18,1,1,3,Male,5,2,1,8,At Risk
52258,0,0.0,New (0-3m),CRITICAL RISK,2.0,2.0,128.75,1,1,1,Male,4,2,1,7,At Risk
52259,1,8.0,Established (7-12m),STANDARD RISK,11.0,1.0,288.24,4,1,3,Female,1,2,5,8,At Risk
52260,0,28.0,Loyal (25m+),STANDARD RISK,0.0,2.0,235.77,4,1,1,Male,5,2,5,12,Potential Loyalists
52261,1,0.0,New (0-3m),STANDARD RISK,2.0,2.0,126.25,3,0,1,Female,4,2,1,7,At Risk
52262,0,19.0,Mature (13-24m),LOW RISK,8.0,1.0,287.89,4,0,3,Female,2,2,5,9,At Risk
52263,0,7.0,Established (7-12m),STANDARD RISK,2.0,1.0,145.38,5,1,3,Female,4,2,2,8,At Risk
52264,0,24.0,Mature (13-24m),STANDARD RISK,10.0,11.0,298.47,4,1,3,Male,1,5,5,11,Potential Loyalists
52265,0,30.0,Loyal (25m+),STANDARD RISK,4.0,5.0,205.12,1,0,1,Male,3,5,4,12,Potential Loyalists
52266,0,7.0,Established (7-12m),STANDARD RISK,10.0,5.0,144.44,4,0,1,Female,1,5,2,8,At Risk
52267,0,9.0,Established (7-12m),STANDARD RISK,2.0,1.0,121.54,3,1,1,Male,4,2,1,7,At Risk
52268,0,17.0,Mature (13-24m),LOW RISK,13.0,14.0,291.9,5,0,1,Male,1,5,5,11,Potential Loyalists
52269,0,7.0,Established (7-12m),STANDARD RISK,8.0,1.0,144.9,4,0,2,Male,2,2,2,6,Lost Customers
52270,0,8.0,Established (7-12m),STANDARD RISK,2.0,2.0,135.06,3,1,1,Male,4,2,1,7,At Risk
52271,0,15.0,Mature (13-24m),STANDARD RISK,0.0,1.0,123.72,4,1,1,Female,5,2,1,8,At Risk
52272,0,16.0,Mature (13-24m),STANDARD RISK,17.0,15.0,202.31,1,0,3,Female,1,5,4,10,Potential Loyalists
52273,0,9.0,Established (7-12m),STANDARD RISK,12.0,5.0,154.1,4,1,1,Female,1,5,3,9,At Risk
52274,1,7.0,Established (7-12m),STANDARD RISK,5.0,1.0,179.78,1,0,1,Female,2,2,4,8,At Risk
52275,0,1.0,New (0-3m),CRITICAL RISK,2.0,2.0,138.67,1,1,1,Male,4,2,1,7,At Risk
52276,0,24.0,Mature (13-24m),STANDARD RISK,7.0,7.0,128.38,3,0,1,Female,2,5,1,8,At Risk
52277,0,3.0,New (0-3m),STANDARD RISK,7.0,1.0,146.95,3,1,1,Female,2,2,2,6,Lost Customers
52278,1,0.0,New (0-3m),STANDARD RISK,7.0,7.0,133.39,3,1,1,Female,2,5,1,8,At Risk
52279,0,9.0,Established (7-12m),STANDARD RISK,2.0,1.0,120.8,5,0,1,Male,4,2,1,7,At Risk
52280,0,9.0,Established (7-12m),STANDARD RISK,1.0,2.0,120.96,4,0,1,Female,5,2,1,8,At Risk
52281,0,5.0,Growing (4-6m),MEDIUM RISK,8.0,1.0,162.09,1,0,3,Male,2,2,3,7,At Risk
52282,0,18.0,Mature (13-24m),LOW RISK,0.0,1.0,280.61,4,0,1,Female,5,2,5,12,Potential Loyalists
52283,0,12.0,Established (7-12m),STANDARD RISK,2.0,15.0,271.23,4,1,1,Female,4,5,5,14,Loyal Customers
52284,0,30.0,Loyal (25m+),STANDARD RISK,2.0,2.0,123.72,3,0,1,Male,4,2,1,7,At Risk
52285,1,0.0,New (0-3m),STANDARD RISK,1.0,1.0,148.83,3,0,1,Male,5,2,2,9,At Risk
52286,1,2.0,New (0-3m),STANDARD RISK,3.0,1.0,139.04,5,0,1,Male,4,2,1,7,At Risk
52287,0,3.0,New (0-3m),STANDARD RISK,7.0,6.0,146.27,1,0,1,Female,2,5,2,9,At Risk
52288,0,9.0,Established (7-12m),STANDARD RISK,7.0,1.0,170.94,3,0,1,Female,2,2,3,7,At Risk
52289,0,19.0,Mature (13-24m),LOW RISK,7.0,5.0,134.23,5,0,2,Female,2,5,1,8,At Risk
52290,0,1.0,New (0-3m),STANDARD RISK,5.0,7.0,166.74,1,0,1,Female,2,5,3,10,Potential Loyalists
52291,0,23.0,Mature (13-24m),STANDARD RISK,2.0,1.0,268.8,5,1,1,Female,4,2,5,11,Potential Loyalists
52292,1,3.0,New (0-3m),STANDARD RISK,0.0,1.0,190.94,4,1,3,Male,5,2,4,11,Potential Loyalists
52293,1,15.0,Mature (13-24m),STANDARD RISK,7.0,7.0,184.46,4,1,3,Male,2,5,4,11,Potential Loyalists
52294,0,3.0,New (0-3m),STANDARD RISK,3.0,1.0,219.16000000000005,5,1,1,Female,4,2,5,11,Potential Loyalists
52295,0,12.0,Established (7-12m),STANDARD RISK,7.0,1.0,145.34,3,0,1,Male,2,2,2,6,Lost Customers
52296,0,4.0,Growing (4-6m),STANDARD RISK,6.0,9.0,198.52,3,1,3,Female,2,5,4,11,Potential Loyalists
52297,0,14.0,Mature (13-24m),LOW RISK,9.0,11.0,161.51,4,0,3,Male,1,5,3,9,At Risk
52298,1,9.0,Established (7-12m),STANDARD RISK,2.0,2.0,123.02,4,1,3,Female,4,2,1,7,At Risk
52299,1,7.0,Established (7-12m),STANDARD RISK,2.0,1.0,123.62,5,0,1,Male,4,2,1,7,At Risk
52300,0,15.0,Mature (13-24m),STANDARD RISK,10.0,2.0,278.61,3,1,1,Male,1,2,5,8,At Risk
52301,0,28.0,Loyal (25m+),STANDARD RISK,11.0,9.0,291.87,3,0,1,Female,1,5,5,11,Potential Loyalists
52302,0,29.0,Loyal (25m+),LOW RISK,7.0,7.0,297.17,4,0,2,Male,2,5,5,12,Potential Loyalists
52303,0,13.0,Mature (13-24m),STANDARD RISK,0.0,1.0,135.44,3,0,1,Male,5,2,1,8,At Risk
52304,0,7.0,Established (7-12m),STANDARD RISK,6.0,1.0,185.0,1,0,1,Male,2,2,4,8,At Risk
52305,0,13.0,Mature (13-24m),STANDARD RISK,8.0,8.0,146.61,1,0,1,Male,2,5,2,9,At Risk
52306,0,14.0,Mature (13-24m),LOW RISK,7.0,1.0,141.03,5,0,3,Female,2,2,2,6,Lost Customers
52307,0,8.0,Established (7-12m),STANDARD RISK,1.0,1.0,142.49,3,1,1,Male,5,2,2,9,At Risk
52308,0,24.0,Mature (13-24m),STANDARD RISK,10.0,2.0,240.26,4,1,2,Male,1,2,5,8,At Risk
52309,0,11.0,Established (7-12m),STANDARD RISK,7.0,1.0,168.93,5,0,3,Female,2,2,3,7,At Risk
52310,0,7.0,Established (7-12m),STANDARD RISK,6.0,9.0,161.25,5,0,3,Female,2,5,3,10,Potential Loyalists
52311,0,0.0,New (0-3m),STANDARD RISK,2.0,1.0,136.69,1,0,1,Male,4,2,1,7,At Risk
52312,1,20.0,Mature (13-24m),STANDARD RISK,9.0,5.0,200.08,5,1,1,Female,1,5,4,10,Potential Loyalists
52313,0,13.0,Mature (13-24m),LOW RISK,3.0,1.0,123.87,4,0,1,Male,4,2,1,7,At Risk
52314,0,9.0,Established (7-12m),STANDARD RISK,13.0,6.0,146.39,5,0,3,Female,1,5,2,8,At Risk
52315,0,21.0,Mature (13-24m),STANDARD RISK,8.0,1.0,178.98,1,0,1,Male,2,2,4,8,At Risk
52316,0,0.0,New (0-3m),STANDARD RISK,0.0,1.0,125.34,1,0,3,Female,5,2,1,8,At Risk
52317,0,24.0,Mature (13-24m),LOW RISK,3.0,1.0,231.42,4,0,1,Female,4,2,5,11,Potential Loyalists
52318,0,9.0,Established (7-12m),STANDARD RISK,0.0,1.0,116.11,1,0,1,Female,5,2,1,8,At Risk
52319,0,8.0,Established (7-12m),STANDARD RISK,0.0,1.0,153.63,1,0,1,Female,5,2,2,9,At Risk
52320,0,0.0,New (0-3m),STANDARD RISK,0.0,1.0,150.71,1,0,3,Male,5,2,2,9,At Risk
52321,1,18.0,Mature (13-24m),STANDARD RISK,8.0,2.0,236.95,3,1,3,Male,2,2,5,9,At Risk
52322,0,29.0,Loyal (25m+),STANDARD RISK,9.0,2.0,234.02,4,1,1,Male,1,2,5,8,At Risk
52323,0,9.0,Established (7-12m),STANDARD RISK,0.0,1.0,120.29,3,0,1,Female,5,2,1,8,At Risk
52324,0,13.0,Mature (13-24m),STANDARD RISK,8.0,11.0,163.77,3,0,1,Female,2,5,3,10,Potential Loyalists
52325,0,7.0,Established (7-12m),STANDARD RISK,7.0,7.0,154.29,3,0,1,Male,2,5,3,10,Potential Loyalists
52326,1,0.0,New (0-3m),STANDARD RISK,0.0,1.0,127.85,1,0,3,Female,5,2,1,8,At Risk
52327,1,0.0,New (0-3m),STANDARD RISK,2.0,3.0,146.14,3,1,3,Female,4,4,2,10,Potential Loyalists
52328,0,11.0,Established (7-12m),STANDARD RISK,3.0,1.0,126.1,3,0,1,Male,4,2,1,7,At Risk
52329,0,7.0,Established (7-12m),STANDARD RISK,11.0,4.0,166.87,1,0,1,Female,1,4,3,8,At Risk
52330,0,1.0,New (0-3m),STANDARD RISK,4.0,1.0,147.24,5,0,3,Male,3,2,2,7,At Risk
52331,1,0.0,New (0-3m),STANDARD RISK,7.0,6.0,161.79,3,1,1,Male,2,5,3,10,Potential Loyalists
52332,0,12.0,Established (7-12m),STANDARD RISK,4.0,1.0,161.2,1,1,3,Male,3,2,3,8,At Risk
52333,0,24.0,Mature (13-24m),LOW RISK,2.0,3.0,205.96,4,0,3,Male,4,4,4,12,Potential Loyalists
52334,0,14.0,Mature (13-24m),STANDARD RISK,3.0,3.0,154.67,1,1,1,Female,4,4,3,11,Potential Loyalists
52335,0,10.0,Established (7-12m),STANDARD RISK,3.0,1.0,129.96,3,1,1,Male,4,2,1,7,At Risk
52336,0,6.0,Growing (4-6m),MEDIUM RISK,2.0,1.0,199.98,1,0,3,Male,4,2,4,10,Potential Loyalists
52337,0,5.0,Growing (4-6m),STANDARD RISK,2.0,1.0,140.78,4,1,3,Male,4,2,1,7,At Risk
52338,0,12.0,Established (7-12m),STANDARD RISK,3.0,1.0,209.2,3,0,1,Male,4,2,5,11,Potential Loyalists
52339,0,0.0,New (0-3m),STANDARD RISK,2.0,1.0,162.32,3,0,3,Male,4,2,3,9,At Risk
52340,0,25.0,Loyal (25m+),STANDARD RISK,2.0,2.0,232.47000000000003,3,1,1,Female,4,2,5,11,Potential Loyalists
52341,0,16.0,Mature (13-24m),STANDARD RISK,8.0,1.0,140.81,3,1,1,Female,2,2,2,6,Lost Customers
52342,0,0.0,New (0-3m),CRITICAL RISK,4.0,4.0,157.69,1,1,3,Female,3,4,3,10,Potential Loyalists
52343,1,0.0,New (0-3m),STANDARD RISK,7.0,7.0,123.94,3,1,1,Female,2,5,1,8,At Risk
52344,0,0.0,New (0-3m),STANDARD RISK,1.0,1.0,139.04,1,0,1,Male,5,2,1,8,At Risk
52345,0,15.0,Mature (13-24m),LOW RISK,9.0,1.0,267.99,5,0,2,Female,1,2,5,8,At Risk
52346,0,25.0,Loyal (25m+),LOW RISK,4.0,1.0,129.5,5,0,1,Female,3,2,1,6,Lost Customers
52347,0,10.0,Established (7-12m),STANDARD RISK,2.0,1.0,136.29,3,0,1,Female,4,2,1,7,At Risk
52348,0,8.0,Established (7-12m),STANDARD RISK,2.0,2.0,193.62,1,0,1,Male,4,2,4,10,Potential Loyalists
52349,0,0.0,New (0-3m),STANDARD RISK,2.0,1.0,132.29,1,0,1,Male,4,2,1,7,At Risk
52350,0,0.0,New (0-3m),STANDARD RISK,7.0,1.0,135.78,5,0,1,Male,2,2,1,5,Lost Customers
52351,0,2.0,New (0-3m),STANDARD RISK,9.0,1.0,179.88,5,0,2,Male,1,2,4,7,At Risk
52352,1,12.0,Established (7-12m),STANDARD RISK,3.0,1.0,142.84,5,0,1,Male,4,2,2,8,At Risk
52353,1,0.0,New (0-3m),CRITICAL RISK,7.0,7.0,175.53,1,1,1,Female,2,5,4,11,Potential Loyalists
52354,0,27.0,Loyal (25m+),STANDARD RISK,7.0,12.0,273.28,1,0,1,Female,2,5,5,12,Potential Loyalists
52355,0,30.0,Loyal (25m+),STANDARD RISK,5.0,1.0,297.01,5,1,1,Female,2,2,5,9,At Risk
52356,0,28.0,Loyal (25m+),STANDARD RISK,0.0,2.0,247.32,1,0,1,Male,5,2,5,12,Potential Loyalists
52357,0,9.0,Established (7-12m),STANDARD RISK,1.0,1.0,192.78,4,1,3,Female,5,2,4,11,Potential Loyalists
52358,1,9.0,Established (7-12m),STANDARD RISK,0.0,1.0,113.59,3,0,3,Female,5,2,1,8,At Risk
52359,0,3.0,New (0-3m),STANDARD RISK,2.0,1.0,147.79,5,0,3,Female,4,2,2,8,At Risk
52360,0,4.0,Growing (4-6m),STANDARD RISK,0.0,1.0,264.22,4,0,1,Female,5,2,5,12,Potential Loyalists
52361,0,7.0,Established (7-12m),STANDARD RISK,3.0,1.0,129.96,5,0,1,Male,4,2,1,7,At Risk
52362,1,9.0,Established (7-12m),STANDARD RISK,0.0,1.0,112.61,4,0,1,Female,5,2,1,8,At Risk
52363,0,9.0,Established (7-12m),STANDARD RISK,4.0,1.0,120.99,5,0,1,Male,3,2,1,6,Lost Customers
52364,0,9.0,Established (7-12m),STANDARD RISK,8.0,1.0,158.1,1,0,1,Male,2,2,3,7,At Risk
52365,0,9.0,Established (7-12m),STANDARD RISK,2.0,1.0,156.47,5,0,3,Female,4,2,3,9,At Risk
52366,0,20.0,Mature (13-24m),STANDARD RISK,2.0,1.0,134.2,1,0,1,Male,4,2,1,7,At Risk
52367,1,0.0,New (0-3m),STANDARD RISK,2.0,2.0,144.0,5,0,3,Male,4,2,2,8,At Risk
52368,0,10.0,Established (7-12m),STANDARD RISK,3.0,1.0,135.0,3,0,1,Male,4,2,1,7,At Risk
52369,0,9.0,Established (7-12m),STANDARD RISK,0.0,1.0,120.66,5,0,1,Female,5,2,1,8,At Risk
52370,0,20.0,Mature (13-24m),STANDARD RISK,6.0,5.0,271.69,3,0,1,Female,2,5,5,12,Potential Loyalists
52371,0,0.0,New (0-3m),STANDARD RISK,3.0,1.0,141.62,3,1,3,Female,4,2,2,8,At Risk
52372,0,5.0,Growing (4-6m),MEDIUM RISK,3.0,1.0,192.04,1,0,3,Male,4,2,4,10,Potential Loyalists
52373,0,7.0,Established (7-12m),STANDARD RISK,2.0,1.0,132.94,4,0,1,Female,4,2,1,7,At Risk
52374,0,9.0,Established (7-12m),STANDARD RISK,3.0,1.0,121.27,3,1,1,Male,4,2,1,7,At Risk
52375,0,13.0,Mature (13-24m),STANDARD RISK,7.0,1.0,139.75,3,0,1,Male,2,2,1,5,Lost Customers
52376,0,4.0,Growing (4-6m),MEDIUM RISK,9.0,9.0,207.93,1,0,3,Male,1,5,4,10,Potential Loyalists
52377,1,9.0,Established (7-12m),STANDARD RISK,3.0,4.0,200.96,1,0,3,Male,4,4,4,12,Potential Loyalists
52378,1,2.0,New (0-3m),STANDARD RISK,0.0,1.0,136.46,5,1,1,Female,5,2,1,8,At Risk
52379,1,0.0,New (0-3m),STANDARD RISK,7.0,4.0,174.46,4,0,1,Female,2,4,4,10,Potential Loyalists
52380,0,18.0,Mature (13-24m),STANDARD RISK,7.0,1.0,208.51,5,1,1,Male,2,2,4,8,At Risk
52381,0,9.0,Established (7-12m),STANDARD RISK,2.0,1.0,121.09,4,0,2,Female,4,2,1,7,At Risk
52382,1,0.0,New (0-3m),CRITICAL RISK,2.0,2.0,137.22,1,1,1,Male,4,2,1,7,At Risk
52383,0,18.0,Mature (13-24m),STANDARD RISK,2.0,1.0,193.8,1,1,1,Male,4,2,4,10,Potential Loyalists
52384,0,21.0,Mature (13-24m),LOW RISK,2.0,2.0,154.86,5,0,3,Male,4,2,3,9,At Risk
52385,1,0.0,New (0-3m),STANDARD RISK,2.0,2.0,127.42,3,0,2,Female,4,2,1,7,At Risk
52386,0,13.0,Mature (13-24m),LOW RISK,8.0,2.0,237.57,4,0,1,Male,2,2,5,9,At Risk
52387,0,1.0,New (0-3m),STANDARD RISK,3.0,1.0,184.63,5,0,3,Male,4,2,4,10,Potential Loyalists
52388,0,17.0,Mature (13-24m),STANDARD RISK,3.0,1.0,131.62,3,0,1,Male,4,2,1,7,At Risk
52389,0,26.0,Loyal (25m+),LOW RISK,8.0,8.0,265.98,4,0,1,Male,2,5,5,12,Potential Loyalists
52390,0,22.0,Mature (13-24m),STANDARD RISK,2.0,1.0,166.51,3,0,1,Male,4,2,3,9,At Risk
52391,0,13.0,Mature (13-24m),STANDARD RISK,2.0,1.0,123.45,3,0,1,Male,4,2,1,7,At Risk
52392,0,17.0,Mature (13-24m),LOW RISK,3.0,1.0,134.2,4,0,1,Male,4,2,1,7,At Risk
52393,0,6.0,Growing (4-6m),STANDARD RISK,3.0,1.0,143.73,5,0,3,Male,4,2,2,8,At Risk
52394,0,7.0,Established (7-12m),STANDARD RISK,12.0,3.0,147.59,5,0,3,Male,1,4,2,7,At Risk
52395,0,3.0,New (0-3m),STANDARD RISK,2.0,2.0,153.01,3,0,3,Male,4,2,2,8,At Risk
52396,0,15.0,Mature (13-24m),STANDARD RISK,8.0,5.0,136.73,1,0,1,Female,2,5,1,8,At Risk
52397,0,17.0,Mature (13-24m),STANDARD RISK,0.0,1.0,147.68,3,0,3,Female,5,2,2,9,At Risk
52398,0,9.0,Established (7-12m),STANDARD RISK,0.0,1.0,112.74,3,0,1,Male,5,2,1,8,At Risk
52399,0,30.0,Loyal (25m+),STANDARD RISK,8.0,2.0,149.0,3,0,1,Male,2,2,2,6,Lost Customers
52400,0,22.0,Mature (13-24m),LOW RISK,7.0,1.0,204.66,4,0,1,Male,2,2,4,8,At Risk
52401,0,7.0,Established (7-12m),STANDARD RISK,9.0,6.0,270.07,5,0,1,Male,1,5,5,11,Potential Loyalists
52402,1,0.0,New (0-3m),STANDARD RISK,2.0,1.0,129.09,3,0,3,Male,4,2,1,7,At Risk
52403,1,0.0,New (0-3m),STANDARD RISK,0.0,1.0,157.65,4,0,3,Female,5,2,3,10,Potential Loyalists
52404,1,0.0,New (0-3m),STANDARD RISK,10.0,10.0,145.99,4,1,3,Female,1,5,2,8,At Risk
52405,0,8.0,Established (7-12m),STANDARD RISK,0.0,1.0,124.04,3,0,3,Male,5,2,1,8,At Risk
52406,1,0.0,New (0-3m),STANDARD RISK,0.0,1.0,131.72,5,1,1,Male,5,2,1,8,At Risk
52407,0,9.0,Established (7-12m),STANDARD RISK,0.0,1.0,120.33,4,0,3,Female,5,2,1,8,At Risk
52408,0,17.0,Mature (13-24m),STANDARD RISK,2.0,2.0,202.09,3,1,1,Male,4,2,4,10,Potential Loyalists
52409,0,2.0,New (0-3m),STANDARD RISK,4.0,1.0,186.2,3,0,3,Male,3,2,4,9,At Risk
52410,0,9.0,Established (7-12m),STANDARD RISK,3.0,1.0,120.64,3,0,2,Male,4,2,1,7,At Risk
52411,0,28.0,Loyal (25m+),STANDARD RISK,2.0,1.0,140.35,3,1,1,Male,4,2,1,7,At Risk
52412,0,6.0,Growing (4-6m),STANDARD RISK,2.0,1.0,138.38,4,0,1,Female,4,2,1,7,At Risk
52413,0,20.0,Mature (13-24m),STANDARD RISK,2.0,1.0,145.91,3,1,3,Female,4,2,2,8,At Risk
52414,1,0.0,New (0-3m),STANDARD RISK,0.0,1.0,125.61,5,0,1,Male,5,2,1,8,At Risk
52415,0,9.0,Established (7-12m),STANDARD RISK,0.0,1.0,115.63,3,0,1,Male,5,2,1,8,At Risk
52416,0,1.0,New (0-3m),STANDARD RISK,3.0,1.0,148.98,5,0,3,Male,4,2,2,8,At Risk
52417,0,22.0,Mature (13-24m),LOW RISK,2.0,1.0,147.89,5,0,1,Female,4,2,2,8,At Risk
52418,0,2.0,New (0-3m),STANDARD RISK,2.0,1.0,131.8,4,0,1,Female,4,2,1,7,At Risk
52419,0,1.0,New (0-3m),STANDARD RISK,7.0,1.0,165.49,4,0,1,Male,2,2,3,7,At Risk
52420,0,6.0,Growing (4-6m),STANDARD RISK,0.0,1.0,163.88,3,1,1,Male,5,2,3,10,Potential Loyalists
52421,0,5.0,Growing (4-6m),MEDIUM RISK,3.0,1.0,212.44,1,0,1,Male,4,2,5,11,Potential Loyalists
52422,0,27.0,Loyal (25m+),STANDARD RISK,12.0,2.0,260.32,1,0,1,Female,1,2,5,8,At Risk
52423,1,0.0,New (0-3m),STANDARD RISK,7.0,1.0,123.62,5,0,1,Male,2,2,1,5,Lost Customers
52424,0,17.0,Mature (13-24m),LOW RISK,17.0,14.0,263.28,5,0,1,Male,1,5,5,11,Potential Loyalists
52425,0,12.0,Established (7-12m),STANDARD RISK,2.0,2.0,183.76,4,0,1,Female,4,2,4,10,Potential Loyalists
52426,0,19.0,Mature (13-24m),LOW RISK,1.0,5.0,266.06,4,0,3,Female,5,5,5,15,Loyal Customers
52427,0,8.0,Established (7-12m),STANDARD RISK,3.0,3.0,186.06,4,0,1,Female,4,4,4,12,Potential Loyalists
52428,0,9.0,Established (7-12m),STANDARD RISK,2.0,1.0,122.72,3,0,1,Male,4,2,1,7,At Risk
52429,1,9.0,Established (7-12m),STANDARD RISK,0.0,1.0,120.18,5,0,1,Male,5,2,1,8,At Risk
52430,0,7.0,Established (7-12m),STANDARD RISK,6.0,8.0,170.83,3,1,3,Male,2,5,3,10,Potential Loyalists
52431,1,0.0,New (0-3m),STANDARD RISK,7.0,7.0,140.84,3,0,1,Female,2,5,2,9,At Risk
52432,0,23.0,Mature (13-24m),STANDARD RISK,9.0,2.0,244.11,1,1,1,Male,1,2,5,8,At Risk
52433,0,9.0,Established (7-12m),STANDARD RISK,7.0,5.0,123.08,3,1,3,Male,2,5,1,8,At Risk
52434,0,15.0,Mature (13-24m),LOW RISK,0.0,1.0,148.41,4,0,1,Male,5,2,2,9,At Risk
52435,0,10.0,Established (7-12m),STANDARD RISK,7.0,3.0,142.85,1,0,1,Male,2,4,2,8,At Risk
52436,0,2.0,New (0-3m),STANDARD RISK,7.0,1.0,197.15,5,0,1,Female,2,2,4,8,At Risk
52437,0,6.0,Growing (4-6m),STANDARD RISK,2.0,1.0,143.2,4,0,1,Male,4,2,2,8,At Risk
52438,0,9.0,Established (7-12m),STANDARD RISK,3.0,1.0,121.32,1,0,1,Male,4,2,1,7,At Risk
52439,0,15.0,Mature (13-24m),STANDARD RISK,9.0,13.0,201.24,1,1,1,Male,1,5,4,10,Potential Loyalists
52440,0,13.0,Mature (13-24m),LOW RISK,1.0,7.0,154.73,5,0,3,Male,5,5,3,13,Loyal Customers
52441,0,6.0,Growing (4-6m),STANDARD RISK,7.0,5.0,152.07,3,1,1,Male,2,5,2,9,At Risk
52442,0,13.0,Mature (13-24m),STANDARD RISK,7.0,7.0,264.37,1,1,2,Male,2,5,5,12,Potential Loyalists
52443,0,9.0,Established (7-12m),STANDARD RISK,0.0,1.0,122.96,5,0,1,Male,5,2,1,8,At Risk
52444,0,13.0,Mature (13-24m),STANDARD RISK,2.0,2.0,140.69,1,1,1,Male,4,2,1,7,At Risk
52445,0,18.0,Mature (13-24m),LOW RISK,7.0,7.0,174.41,4,0,1,Male,2,5,4,11,Potential Loyalists
52446,0,8.0,Established (7-12m),STANDARD RISK,2.0,4.0,124.3,3,0,3,Female,4,4,1,9,At Risk
52447,0,5.0,Growing (4-6m),STANDARD RISK,5.0,2.0,158.78,4,0,1,Female,2,2,3,7,At Risk
52448,0,9.0,Established (7-12m),STANDARD RISK,2.0,1.0,126.44,1,1,3,Male,4,2,1,7,At Risk
52449,0,21.0,Mature (13-24m),STANDARD RISK,7.0,7.0,164.39,3,0,3,Female,2,5,3,10,Potential Loyalists
52450,0,2.0,New (0-3m),STANDARD RISK,0.0,1.0,124.51,3,0,1,Male,5,2,1,8,At Risk
52451,0,6.0,Growing (4-6m),STANDARD RISK,2.0,2.0,163.92,5,0,3,Male,4,2,3,9,At Risk
52452,1,0.0,New (0-3m),STANDARD RISK,7.0,6.0,197.14,5,0,3,Male,2,5,4,11,Potential Loyalists
52453,0,11.0,Established (7-12m),STANDARD RISK,2.0,1.0,160.77,3,0,2,Male,4,2,3,9,At Risk
52454,0,8.0,Established (7-12m),STANDARD RISK,2.0,1.0,124.5,5,0,1,Male,4,2,1,7,At Risk
52455,0,7.0,Established (7-12m),STANDARD RISK,3.0,1.0,192.5,4,0,3,Male,4,2,4,10,Potential Loyalists
52456,1,9.0,Established (7-12m),STANDARD RISK,0.0,1.0,120.74,5,1,1,Female,5,2,1,8,At Risk
52457,1,16.0,Mature (13-24m),STANDARD RISK,9.0,1.0,201.69,1,0,1,Female,1,2,4,7,At Risk
52458,1,1.0,New (0-3m),STANDARD RISK,4.0,1.0,148.55,4,0,1,Male,3,2,2,7,At Risk
52459,0,5.0,Growing (4-6m),STANDARD RISK,2.0,1.0,140.87,5,0,1,Male,4,2,2,8,At Risk
52460,0,21.0,Mature (13-24m),LOW RISK,6.0,7.0,123.67,5,0,1,Female,2,5,1,8,At Risk
52461,0,7.0,Established (7-12m),STANDARD RISK,0.0,1.0,129.72,1,0,1,Male,5,2,1,8,At Risk
52462,0,28.0,Loyal (25m+),STANDARD RISK,13.0,2.0,295.86,1,0,3,Male,1,2,5,8,At Risk
52463,0,7.0,Established (7-12m),STANDARD RISK,1.0,2.0,154.84,1,0,1,Male,5,2,3,10,Potential Loyalists
52464,0,9.0,Established (7-12m),STANDARD RISK,0.0,1.0,120.61,1,0,1,Female,5,2,1,8,At Risk
52465,0,11.0,Established (7-12m),STANDARD RISK,7.0,7.0,199.24,4,0,3,Male,2,5,4,11,Potential Loyalists
52466,0,11.0,Established (7-12m),STANDARD RISK,2.0,1.0,141.98,4,0,3,Female,4,2,2,8,At Risk
52467,0,9.0,Established (7-12m),STANDARD RISK,0.0,1.0,168.15,3,0,3,Female,5,2,3,10,Potential Loyalists
52468,0,2.0,New (0-3m),STANDARD RISK,5.0,1.0,147.23,5,1,1,Male,2,2,2,6,Lost Customers
52469,0,8.0,Established (7-12m),STANDARD RISK,4.0,1.0,161.42,3,1,1,Female,3,2,3,8,At Risk
52470,0,12.0,Established (7-12m),STANDARD RISK,6.0,7.0,182.37,3,0,3,Male,2,5,4,11,Potential Loyalists
52471,0,2.0,New (0-3m),STANDARD RISK,3.0,1.0,188.53,1,0,1,Male,4,2,4,10,Potential Loyalists
52472,0,23.0,Mature (13-24m),STANDARD RISK,0.0,1.0,293.31,3,1,3,Male,5,2,5,12,Potential Loyalists
52473,0,9.0,Established (7-12m),STANDARD RISK,2.0,2.0,120.73,3,0,1,Male,4,2,1,7,At Risk
52474,0,9.0,Established (7-12m),STANDARD RISK,2.0,1.0,155.62,5,1,1,Male,4,2,3,9,At Risk
52475,0,15.0,Mature (13-24m),STANDARD RISK,1.0,1.0,296.13,1,0,1,Male,5,2,5,12,Potential Loyalists
52476,0,8.0,Established (7-12m),STANDARD RISK,8.0,6.0,134.07,3,0,1,Male,2,5,1,8,At Risk
52477,0,7.0,Established (7-12m),STANDARD RISK,7.0,7.0,150.63,3,0,1,Male,2,5,2,9,At Risk
52478,0,13.0,Mature (13-24m),LOW RISK,2.0,1.0,146.39,5,0,3,Female,4,2,2,8,At Risk
52479,0,16.0,Mature (13-24m),LOW RISK,2.0,1.0,148.76,4,0,1,Male,4,2,2,8,At Risk
52480,0,8.0,Established (7-12m),STANDARD RISK,1.0,1.0,126.9,1,0,1,Male,5,2,1,8,At Risk
52481,0,19.0,Mature (13-24m),LOW RISK,12.0,1.0,275.67,5,0,3,Male,1,2,5,8,At Risk
52482,1,0.0,New (0-3m),STANDARD RISK,0.0,1.0,124.08,4,1,1,Male,5,2,1,8,At Risk
52483,0,0.0,New (0-3m),STANDARD RISK,3.0,1.0,128.14,3,1,1,Female,4,2,1,7,At Risk
52484,0,23.0,Mature (13-24m),STANDARD RISK,3.0,12.0,212.45,3,1,1,Male,4,5,5,14,Loyal Customers
52485,0,5.0,Growing (4-6m),MEDIUM RISK,2.0,1.0,133.12,1,0,1,Female,4,2,1,7,At Risk
52486,0,17.0,Mature (13-24m),STANDARD RISK,10.0,1.0,290.49,1,1,1,Female,1,2,5,8,At Risk
52487,0,9.0,Established (7-12m),STANDARD RISK,1.0,1.0,121.41,4,0,1,Male,5,2,1,8,At Risk
52488,0,18.0,Mature (13-24m),STANDARD RISK,4.0,1.0,157.69,5,1,1,Female,3,2,3,8,At Risk
52489,0,18.0,Mature (13-24m),LOW RISK,5.0,4.0,143.85,5,0,3,Male,2,4,2,8,At Risk
52490,0,4.0,Growing (4-6m),STANDARD RISK,3.0,1.0,153.32,5,0,3,Male,4,2,2,8,At Risk
52491,0,9.0,Established (7-12m),STANDARD RISK,1.0,1.0,146.63,3,1,1,Female,5,2,2,9,At Risk
52492,0,7.0,Established (7-12m),STANDARD RISK,2.0,7.0,147.24,1,0,1,Male,4,5,2,11,Potential Loyalists
52493,0,22.0,Mature (13-24m),LOW RISK,4.0,1.0,132.11,5,0,1,Female,3,2,1,6,Lost Customers
52494,0,12.0,Established (7-12m),STANDARD RISK,7.0,7.0,153.77,5,0,1,Male,2,5,3,10,Potential Loyalists
52495,0,0.0,New (0-3m),STANDARD RISK,7.0,1.0,140.66,5,0,1,Male,2,2,1,5,Lost Customers
52496,0,8.0,Established (7-12m),STANDARD RISK,10.0,1.0,152.08,5,0,1,Male,1,2,2,5,Lost Customers
52497,0,1.0,New (0-3m),STANDARD RISK,0.0,1.0,148.77,5,0,1,Female,5,2,2,9,At Risk
52498,0,0.0,New (0-3m),STANDARD RISK,2.0,2.0,131.17,1,0,1,Male,4,2,1,7,At Risk
52499,1,9.0,Established (7-12m),STANDARD RISK,0.0,1.0,115.69,1,1,3,Female,5,2,1,8,At Risk
52500,0,20.0,Mature (13-24m),STANDARD RISK,0.0,1.0,296.58,3,0,2,Female,5,2,5,12,Potential Loyalists
52501,0,12.0,Established (7-12m),STANDARD RISK,7.0,1.0,130.69,3,0,1,Male,2,2,1,5,Lost Customers
52502,0,13.0,Mature (13-24m),STANDARD RISK,12.0,14.0,204.35,3,0,1,Female,1,5,4,10,Potential Loyalists
52503,0,8.0,Established (7-12m),STANDARD RISK,9.0,2.0,141.48,3,0,1,Female,1,2,2,5,Lost Customers
52504,0,10.0,Established (7-12m),STANDARD RISK,2.0,1.0,157.68,3,0,1,Male,4,2,3,9,At Risk
52505,0,12.0,Established (7-12m),STANDARD RISK,8.0,3.0,150.42,3,0,1,Female,2,4,2,8,At Risk
52506,0,18.0,Mature (13-24m),STANDARD RISK,9.0,3.0,157.7,1,0,1,Female,1,4,3,8,At Risk
52507,0,11.0,Established (7-12m),STANDARD RISK,2.0,1.0,177.56,3,1,1,Female,4,2,4,10,Potential Loyalists
52508,1,0.0,New (0-3m),STANDARD RISK,0.0,6.0,203.06,5,0,3,Male,5,5,4,14,Loyal Customers
52509,0,10.0,Established (7-12m),STANDARD RISK,7.0,7.0,139.36,4,0,1,Female,2,5,1,8,At Risk
52510,0,13.0,Mature (13-24m),STANDARD RISK,3.0,3.0,179.45,1,1,1,Female,4,4,4,12,Potential Loyalists
52511,0,17.0,Mature (13-24m),STANDARD RISK,2.0,1.0,157.43,1,1,2,Male,4,2,3,9,At Risk
52512,0,21.0,Mature (13-24m),STANDARD RISK,2.0,2.0,252.02,1,0,1,Male,4,2,5,11,Potential Loyalists
52513,1,0.0,New (0-3m),CRITICAL RISK,2.0,2.0,154.4,1,1,3,Male,4,2,3,9,At Risk
52514,0,0.0,New (0-3m),CRITICAL RISK,3.0,1.0,137.6,1,1,1,Female,4,2,1,7,At Risk
52515,0,0.0,New (0-3m),STANDARD RISK,2.0,1.0,135.17,3,0,1,Female,4,2,1,7,At Risk
52516,0,0.0,New (0-3m),STANDARD RISK,2.0,1.0,125.8,1,0,1,Male,4,2,1,7,At Risk
52517,1,9.0,Established (7-12m),STANDARD RISK,3.0,1.0,121.66,5,1,1,Male,4,2,1,7,At Risk
52518,0,2.0,New (0-3m),STANDARD RISK,4.0,1.0,158.69,3,0,3,Male,3,2,3,8,At Risk
52519,0,9.0,Established (7-12m),STANDARD RISK,2.0,1.0,180.08,5,0,1,Female,4,2,4,10,Potential Loyalists
52520,0,0.0,New (0-3m),STANDARD RISK,7.0,1.0,152.06,3,0,1,Male,2,2,2,6,Lost Customers
52521,0,12.0,Established (7-12m),STANDARD RISK,0.0,1.0,152.95,4,0,1,Male,5,2,2,9,At Risk
52522,0,22.0,Mature (13-24m),LOW RISK,2.0,1.0,264.13,4,0,1,Female,4,2,5,11,Potential Loyalists
52523,0,23.0,Mature (13-24m),LOW RISK,11.0,2.0,232.69,5,0,1,Female,1,2,5,8,At Risk
52524,0,0.0,New (0-3m),STANDARD RISK,2.0,2.0,127.83,3,0,3,Female,4,2,1,7,At Risk
52525,0,7.0,Established (7-12m),STANDARD RISK,9.0,7.0,154.33,4,0,1,Female,1,5,3,9,At Risk
52526,0,9.0,Established (7-12m),STANDARD RISK,3.0,1.0,120.13,4,0,1,Male,4,2,1,7,At Risk
52527,0,22.0,Mature (13-24m),STANDARD RISK,12.0,2.0,239.66000000000005,3,1,1,Female,1,2,5,8,At Risk
52528,0,9.0,Established (7-12m),STANDARD RISK,2.0,1.0,143.74,3,0,1,Female,4,2,2,8,At Risk
52529,0,9.0,Established (7-12m),STANDARD RISK,4.0,1.0,168.42,5,0,1,Male,3,2,3,8,At Risk
52530,0,27.0,Loyal (25m+),STANDARD RISK,7.0,4.0,274.26,3,0,1,Female,2,4,5,11,Potential Loyalists
52531,0,16.0,Mature (13-24m),STANDARD RISK,11.0,6.0,276.03,3,0,1,Male,1,5,5,11,Potential Loyalists
52532,1,0.0,New (0-3m),CRITICAL RISK,7.0,6.0,145.81,1,1,3,Male,2,5,2,9,At Risk
52533,0,11.0,Established (7-12m),STANDARD RISK,9.0,2.0,147.35,1,0,1,Male,1,2,2,5,Lost Customers
52534,0,2.0,New (0-3m),STANDARD RISK,9.0,1.0,141.87,4,1,3,Male,1,2,2,5,Lost Customers
52535,0,6.0,Growing (4-6m),MEDIUM RISK,4.0,1.0,155.05,1,0,3,Male,3,2,3,8,At Risk
52536,0,5.0,Growing (4-6m),STANDARD RISK,6.0,1.0,154.7,4,0,1,Male,2,2,3,7,At Risk
52537,0,4.0,Growing (4-6m),MEDIUM RISK,2.0,1.0,154.76,1,0,3,Female,4,2,3,9,At Risk
52538,0,22.0,Mature (13-24m),STANDARD RISK,2.0,2.0,125.87,5,1,1,Female,4,2,1,7,At Risk
52539,0,11.0,Established (7-12m),STANDARD RISK,3.0,3.0,124.4,4,0,1,Female,4,4,1,9,At Risk
52540,0,20.0,Mature (13-24m),LOW RISK,2.0,2.0,259.72,4,0,3,Female,4,2,5,11,Potential Loyalists
52541,0,22.0,Mature (13-24m),STANDARD RISK,0.0,2.0,253.79,3,0,1,Male,5,2,5,12,Potential Loyalists
52542,0,14.0,Mature (13-24m),STANDARD RISK,2.0,1.0,170.82,3,1,3,Male,4,2,3,9,At Risk
52543,0,0.0,New (0-3m),STANDARD RISK,2.0,1.0,127.28,5,0,3,Male,4,2,1,7,At Risk
52544,0,6.0,Growing (4-6m),MEDIUM RISK,2.0,1.0,153.68,1,1,3,Female,4,2,3,9,At Risk
52545,0,9.0,Established (7-12m),STANDARD RISK,2.0,1.0,153.47,3,0,1,Male,4,2,2,8,At Risk
52546,0,17.0,Mature (13-24m),STANDARD RISK,2.0,2.0,131.95,1,1,2,Female,4,2,1,7,At Risk
52547,1,0.0,New (0-3m),STANDARD RISK,2.0,1.0,139.89,3,1,1,Male,4,2,1,7,At Risk
52548,0,11.0,Established (7-12m),STANDARD RISK,0.0,1.0,133.06,3,0,1,Female,5,2,1,8,At Risk
52549,0,26.0,Loyal (25m+),STANDARD RISK,2.0,1.0,170.05,1,0,1,Male,4,2,3,9,At Risk
52550,1,11.0,Established (7-12m),STANDARD RISK,7.0,7.0,126.55,3,1,3,Female,2,5,1,8,At Risk
52551,1,9.0,Established (7-12m),STANDARD RISK,0.0,1.0,113.93,4,0,1,Male,5,2,1,8,At Risk
52552,0,0.0,New (0-3m),STANDARD RISK,7.0,5.0,125.7,1,0,1,Male,2,5,1,8,At Risk
52553,0,28.0,Loyal (25m+),LOW RISK,2.0,1.0,135.37,4,0,1,Male,4,2,1,7,At Risk
52554,0,7.0,Established (7-12m),STANDARD RISK,13.0,4.0,139.86,1,0,1,Male,1,4,1,6,Lost Customers
52555,0,30.0,Loyal (25m+),STANDARD RISK,0.0,1.0,208.83,1,0,1,Male,5,2,5,12,Potential Loyalists
52556,0,9.0,Established (7-12m),STANDARD RISK,13.0,2.0,120.28,4,0,1,Male,1,2,1,4,Lost Customers
52557,0,10.0,Established (7-12m),STANDARD RISK,3.0,1.0,195.25,1,0,3,Male,4,2,4,10,Potential Loyalists
52558,0,7.0,Established (7-12m),STANDARD RISK,7.0,8.0,129.29,1,0,1,Female,2,5,1,8,At Risk
52559,1,9.0,Established (7-12m),STANDARD RISK,2.0,1.0,122.75,1,1,3,Male,4,2,1,7,At Risk
52560,0,17.0,Mature (13-24m),STANDARD RISK,7.0,6.0,178.79,1,1,1,Female,2,5,4,11,Potential Loyalists
52561,0,8.0,Established (7-12m),STANDARD RISK,4.0,1.0,149.3,1,1,1,Male,3,2,2,7,At Risk
52562,0,16.0,Mature (13-24m),STANDARD RISK,8.0,8.0,178.47,1,1,3,Male,2,5,4,11,Potential Loyalists
52563,0,0.0,New (0-3m),STANDARD RISK,4.0,1.0,144.01,3,0,1,Male,3,2,2,7,At Risk
52564,0,14.0,Mature (13-24m),STANDARD RISK,7.0,8.0,192.41,3,0,3,Male,2,5,4,11,Potential Loyalists
52565,0,2.0,New (0-3m),STANDARD RISK,2.0,1.0,129.74,3,0,1,Female,4,2,1,7,At Risk
52566,0,9.0,Established (7-12m),STANDARD RISK,7.0,6.0,145.02,1,0,3,Female,2,5,2,9,At Risk
52567,0,18.0,Mature (13-24m),STANDARD RISK,4.0,14.0,207.48,3,0,1,Male,3,5,4,12,Potential Loyalists
52568,1,9.0,Established (7-12m),STANDARD RISK,0.0,1.0,115.55,3,0,2,Male,5,2,1,8,At Risk
52569,1,10.0,Established (7-12m),STANDARD RISK,3.0,14.0,229.36,3,0,3,Male,4,5,5,14,Loyal Customers
52570,0,9.0,Established (7-12m),STANDARD RISK,2.0,1.0,123.05,3,0,1,Male,4,2,1,7,At Risk
52571,0,18.0,Mature (13-24m),LOW RISK,6.0,8.0,267.04,4,0,1,Female,2,5,5,12,Potential Loyalists
52572,0,5.0,Growing (4-6m),STANDARD RISK,3.0,1.0,134.33,3,0,1,Male,4,2,1,7,At Risk
52573,0,4.0,Growing (4-6m),STANDARD RISK,3.0,1.0,134.77,3,0,1,Male,4,2,1,7,At Risk
52574,0,14.0,Mature (13-24m),LOW RISK,2.0,1.0,164.3,4,0,2,Male,4,2,3,9,At Risk
52575,0,13.0,Mature (13-24m),STANDARD RISK,0.0,1.0,165.16,5,1,1,Female,5,2,3,10,Potential Loyalists
52576,0,0.0,New (0-3m),STANDARD RISK,2.0,1.0,139.07,5,0,1,Male,4,2,1,7,At Risk
52577,0,19.0,Mature (13-24m),LOW RISK,9.0,1.0,155.62,4,0,1,Male,1,2,3,6,Lost Customers
52578,0,8.0,Established (7-12m),STANDARD RISK,7.0,1.0,168.83,3,0,1,Male,2,2,3,7,At Risk
52579,0,3.0,New (0-3m),STANDARD RISK,8.0,1.0,128.62,1,0,1,Male,2,2,1,5,Lost Customers
52580,0,20.0,Mature (13-24m),LOW RISK,0.0,1.0,149.78,4,0,3,Male,5,2,2,9,At Risk
52581,0,19.0,Mature (13-24m),STANDARD RISK,3.0,1.0,203.68,1,1,3,Male,4,2,4,10,Potential Loyalists
52582,1,0.0,New (0-3m),STANDARD RISK,2.0,2.0,161.34,5,1,3,Male,4,2,3,9,At Risk
52583,1,0.0,New (0-3m),STANDARD RISK,0.0,1.0,167.35,4,0,3,Male,5,2,3,10,Potential Loyalists
52584,0,0.0,New (0-3m),STANDARD RISK,2.0,1.0,132.95,4,0,1,Female,4,2,1,7,At Risk
52585,0,4.0,Growing (4-6m),MEDIUM RISK,4.0,1.0,152.38,1,0,1,Female,3,2,2,7,At Risk
52586,0,12.0,Established (7-12m),STANDARD RISK,8.0,5.0,164.72,1,1,1,Male,2,5,3,10,Potential Loyalists
52587,0,5.0,Growing (4-6m),STANDARD RISK,2.0,1.0,196.1,3,0,3,Male,4,2,4,10,Potential Loyalists
52588,0,13.0,Mature (13-24m),LOW RISK,8.0,12.0,298.33,4,0,3,Male,2,5,5,12,Potential Loyalists
52589,0,18.0,Mature (13-24m),STANDARD RISK,3.0,1.0,197.56,3,0,2,Female,4,2,4,10,Potential Loyalists
52590,0,3.0,New (0-3m),STANDARD RISK,7.0,1.0,149.68,5,0,1,Female,2,2,2,6,Lost Customers
52591,0,9.0,Established (7-12m),STANDARD RISK,1.0,2.0,121.45,1,0,2,Male,5,2,1,8,At Risk
52592,1,9.0,Established (7-12m),STANDARD RISK,2.0,1.0,121.8,1,0,2,Female,4,2,1,7,At Risk
52593,0,4.0,Growing (4-6m),STANDARD RISK,2.0,1.0,183.46,3,0,3,Male,4,2,4,10,Potential Loyalists
52594,0,0.0,New (0-3m),STANDARD RISK,4.0,1.0,134.45,1,0,1,Female,3,2,1,6,Lost Customers
52595,1,0.0,New (0-3m),STANDARD RISK,2.0,2.0,127.6,4,0,3,Female,4,2,1,7,At Risk
52596,0,2.0,New (0-3m),STANDARD RISK,2.0,1.0,162.94,3,1,1,Male,4,2,3,9,At Risk
52597,0,3.0,New (0-3m),STANDARD RISK,7.0,1.0,171.4,5,0,3,Male,2,2,3,7,At Risk
52598,0,7.0,Established (7-12m),STANDARD RISK,2.0,1.0,129.32,1,1,1,Male,4,2,1,7,At Risk
52599,0,6.0,Growing (4-6m),STANDARD RISK,7.0,1.0,151.47,4,0,3,Female,2,2,2,6,Lost Customers
52600,0,22.0,Mature (13-24m),STANDARD RISK,4.0,1.0,145.07,1,0,3,Female,3,2,2,7,At Risk
52601,1,0.0,New (0-3m),STANDARD RISK,0.0,1.0,185.64,5,1,3,Female,5,2,4,11,Potential Loyalists
52602,0,11.0,Established (7-12m),STANDARD RISK,5.0,1.0,124.68,4,0,1,Female,2,2,1,5,Lost Customers
52603,1,0.0,New (0-3m),STANDARD RISK,0.0,1.0,181.61,3,0,3,Male,5,2,4,11,Potential Loyalists
52604,0,9.0,Established (7-12m),STANDARD RISK,0.0,1.0,121.09,5,0,1,Female,5,2,1,8,At Risk
52605,0,3.0,New (0-3m),STANDARD RISK,7.0,1.0,152.94,3,0,1,Male,2,2,2,6,Lost Customers
52606,0,5.0,Growing (4-6m),STANDARD RISK,7.0,1.0,127.18,4,0,1,Male,2,2,1,5,Lost Customers
52607,0,11.0,Established (7-12m),STANDARD RISK,0.0,1.0,158.11,1,1,1,Male,5,2,3,10,Potential Loyalists
52608,1,6.0,Growing (4-6m),STANDARD RISK,0.0,1.0,124.37,3,1,1,Male,5,2,1,8,At Risk
52609,0,15.0,Mature (13-24m),LOW RISK,4.0,1.0,127.66,4,0,1,Male,3,2,1,6,Lost Customers
52610,0,28.0,Loyal (25m+),LOW RISK,0.0,1.0,290.38,5,0,1,Male,5,2,5,12,Potential Loyalists
52611,0,6.0,Growing (4-6m),STANDARD RISK,7.0,1.0,130.55,4,0,1,Male,2,2,1,5,Lost Customers
52612,0,9.0,Established (7-12m),STANDARD RISK,4.0,1.0,122.89,5,0,1,Male,3,2,1,6,Lost Customers
52613,0,7.0,Established (7-12m),STANDARD RISK,7.0,1.0,140.01,3,1,3,Male,2,2,1,5,Lost Customers
52614,0,26.0,Loyal (25m+),STANDARD RISK,3.0,1.0,229.65,3,1,1,Female,4,2,5,11,Potential Loyalists
52615,0,16.0,Mature (13-24m),STANDARD RISK,8.0,1.0,135.39,1,0,2,Male,2,2,1,5,Lost Customers
52616,0,7.0,Established (7-12m),STANDARD RISK,2.0,2.0,160.29,1,0,3,Female,4,2,3,9,At Risk
52617,1,0.0,New (0-3m),STANDARD RISK,0.0,1.0,126.79,4,0,3,Male,5,2,1,8,At Risk
52618,0,11.0,Established (7-12m),STANDARD RISK,4.0,1.0,137.02,3,0,1,Female,3,2,1,6,Lost Customers
52619,1,0.0,New (0-3m),STANDARD RISK,0.0,1.0,123.98,5,1,1,Female,5,2,1,8,At Risk
52620,0,4.0,Growing (4-6m),MEDIUM RISK,7.0,5.0,154.68,1,0,3,Female,2,5,3,10,Potential Loyalists
52621,0,24.0,Mature (13-24m),STANDARD RISK,3.0,2.0,231.16000000000005,3,0,1,Female,4,2,5,11,Potential Loyalists
52622,0,10.0,Established (7-12m),STANDARD RISK,3.0,1.0,141.89,4,0,3,Male,4,2,2,8,At Risk
52623,0,19.0,Mature (13-24m),STANDARD RISK,2.0,2.0,293.28,1,1,1,Male,4,2,5,11,Potential Loyalists
52624,0,9.0,Established (7-12m),STANDARD RISK,7.0,5.0,183.21,5,1,1,Male,2,5,4,11,Potential Loyalists
52625,1,7.0,Established (7-12m),STANDARD RISK,3.0,2.0,123.42,4,1,1,Male,4,2,1,7,At Risk
52626,0,10.0,Established (7-12m),STANDARD RISK,7.0,4.0,140.71,4,0,2,Male,2,5,1,8,At Risk
52627,1,0.0,New (0-3m),CRITICAL RISK,7.0,7.0,158.13,1,1,3,Male,2,5,3,10,Potential Loyalists
52628,0,6.0,Growing (4-6m),STANDARD RISK,6.0,7.0,131.43,5,0,1,Male,2,5,1,8,At Risk
52629,0,9.0,Established (7-12m),STANDARD RISK,3.0,1.0,120.44,1,0,1,Male,4,2,1,7,At Risk
52630,0,12.0,Established (7-12m),STANDARD RISK,2.0,2.0,234.64,3,0,1,Male,4,2,5,11,Potential Loyalists
52631,0,19.0,Mature (13-24m),LOW RISK,2.0,2.0,179.91,4,0,3,Male,4,2,4,10,Potential Loyalists
52632,0,13.0,Mature (13-24m),LOW RISK,2.0,1.0,133.77,5,0,1,Female,4,2,1,7,At Risk
52633,0,15.0,Mature (13-24m),LOW RISK,0.0,1.0,155.38,5,0,1,Male,5,2,3,10,Potential Loyalists
52634,0,8.0,Established (7-12m),STANDARD RISK,7.0,1.0,157.62,1,0,1,Male,2,2,3,7,At Risk
52635,0,11.0,Established (7-12m),STANDARD RISK,8.0,3.0,125.92,4,0,2,Male,2,4,1,7,At Risk
52636,1,0.0,New (0-3m),STANDARD RISK,7.0,1.0,153.46,5,0,1,Male,2,2,2,6,Lost Customers
52637,1,0.0,New (0-3m),STANDARD RISK,8.0,1.0,142.13,5,0,1,Male,2,2,2,6,Lost Customers
52638,0,12.0,Established (7-12m),STANDARD RISK,2.0,2.0,141.27,1,0,3,Male,4,2,2,8,At Risk
52639,0,16.0,Mature (13-24m),STANDARD RISK,2.0,1.0,124.38,3,0,1,Male,4,2,1,7,At Risk
52640,0,14.0,Mature (13-24m),LOW RISK,2.0,1.0,168.7,4,0,1,Male,4,2,3,9,At Risk
52641,0,14.0,Mature (13-24m),STANDARD RISK,5.0,13.0,204.47,3,1,3,Female,2,5,4,11,Potential Loyalists
52642,0,3.0,New (0-3m),STANDARD RISK,2.0,1.0,196.67,3,0,1,Female,4,2,4,10,Potential Loyalists
52643,1,9.0,Established (7-12m),STANDARD RISK,4.0,1.0,121.48,4,1,2,Female,3,2,1,6,Lost Customers
52644,1,9.0,Established (7-12m),STANDARD RISK,7.0,3.0,189.26,4,0,1,Female,2,4,4,10,Potential Loyalists
52645,0,13.0,Mature (13-24m),STANDARD RISK,3.0,1.0,165.13,1,0,1,Female,4,2,3,9,At Risk
52646,0,7.0,Established (7-12m),STANDARD RISK,8.0,4.0,167.99,3,0,3,Male,2,5,3,10,Potential Loyalists
52647,0,30.0,Loyal (25m+),LOW RISK,14.0,14.0,262.91,4,0,3,Male,1,5,5,11,Potential Loyalists
52648,0,8.0,Established (7-12m),STANDARD RISK,3.0,1.0,127.05,3,0,1,Male,4,2,1,7,At Risk
52649,0,20.0,Mature (13-24m),STANDARD RISK,10.0,14.0,203.33,4,1,1,Female,1,5,4,10,Potential Loyalists
52650,0,13.0,Mature (13-24m),LOW RISK,7.0,7.0,144.48,5,0,1,Female,2,5,2,9,At Risk
52651,0,27.0,Loyal (25m+),STANDARD RISK,7.0,1.0,168.54,1,0,1,Female,2,2,3,7,At Risk
52652,0,4.0,Growing (4-6m),STANDARD RISK,2.0,2.0,196.37,5,0,3,Female,4,2,4,10,Potential Loyalists
52653,0,1.0,New (0-3m),STANDARD RISK,2.0,1.0,135.91,5,0,1,Female,4,2,1,7,At Risk
52654,0,11.0,Established (7-12m),STANDARD RISK,3.0,1.0,154.05,1,1,3,Female,4,2,3,9,At Risk
52655,0,0.0,New (0-3m),STANDARD RISK,2.0,1.0,146.84,1,0,3,Male,4,2,2,8,At Risk
52656,0,30.0,Loyal (25m+),STANDARD RISK,2.0,2.0,257.87,3,1,1,Male,4,2,5,11,Potential Loyalists
52657,0,9.0,Established (7-12m),STANDARD RISK,0.0,1.0,115.14,3,0,1,Female,5,2,1,8,At Risk
52658,1,0.0,New (0-3m),STANDARD RISK,0.0,1.0,129.56,5,0,2,Male,5,2,1,8,At Risk
52659,1,0.0,New (0-3m),STANDARD RISK,0.0,2.0,123.35,5,1,2,Male,5,2,1,8,At Risk
52660,0,18.0,Mature (13-24m),STANDARD RISK,7.0,5.0,151.54,3,0,3,Female,2,5,2,9,At Risk
52661,0,9.0,Established (7-12m),STANDARD RISK,0.0,1.0,169.62,4,1,1,Female,5,2,3,10,Potential Loyalists
52662,0,16.0,Mature (13-24m),STANDARD RISK,7.0,7.0,156.75,1,0,3,Male,2,5,3,10,Potential Loyalists
52663,0,0.0,New (0-3m),CRITICAL RISK,2.0,1.0,123.79,1,1,1,Female,4,2,1,7,At Risk
52664,0,2.0,New (0-3m),STANDARD RISK,10.0,3.0,138.12,1,0,1,Male,1,4,1,6,Lost Customers
52665,0,5.0,Growing (4-6m),MEDIUM RISK,0.0,1.0,146.48,1,0,3,Male,5,2,2,9,At Risk
52666,0,15.0,Mature (13-24m),STANDARD RISK,3.0,3.0,129.36,3,0,1,Male,4,4,1,9,At Risk
52667,0,9.0,Established (7-12m),STANDARD RISK,0.0,2.0,121.05,3,0,1,Female,5,2,1,8,At Risk
52668,0,19.0,Mature (13-24m),STANDARD RISK,7.0,4.0,185.78,1,0,1,Male,2,5,4,11,Potential Loyalists
52669,0,1.0,New (0-3m),STANDARD RISK,2.0,2.0,127.06,1,0,2,Male,4,2,1,7,At Risk
52670,0,2.0,New (0-3m),STANDARD RISK,6.0,1.0,163.84,3,0,1,Male,2,2,3,7,At Risk
52671,0,15.0,Mature (13-24m),STANDARD RISK,0.0,1.0,139.68,3,0,1,Male,5,2,1,8,At Risk
52672,1,0.0,New (0-3m),STANDARD RISK,2.0,2.0,199.07,4,1,3,Male,4,2,4,10,Potential Loyalists
52673,0,19.0,Mature (13-24m),LOW RISK,8.0,2.0,232.25,5,0,3,Female,2,2,5,9,At Risk
52674,0,0.0,New (0-3m),STANDARD RISK,8.0,5.0,135.4,3,0,3,Female,2,5,1,8,At Risk
52675,0,2.0,New (0-3m),STANDARD RISK,0.0,1.0,128.04,4,0,2,Male,5,2,1,8,At Risk
52676,0,16.0,Mature (13-24m),STANDARD RISK,14.0,6.0,293.92,3,0,1,Female,1,5,5,11,Potential Loyalists
52677,0,21.0,Mature (13-24m),LOW RISK,9.0,12.0,296.65,4,0,1,Male,1,5,5,11,Potential Loyalists
52678,1,0.0,New (0-3m),CRITICAL RISK,0.0,1.0,124.39,1,1,1,Male,5,2,1,8,At Risk
52679,1,9.0,Established (7-12m),STANDARD RISK,7.0,1.0,173.14,4,0,3,Female,2,2,4,8,At Risk
52680,0,0.0,New (0-3m),STANDARD RISK,3.0,7.0,147.74,5,0,1,Female,4,5,2,11,Potential Loyalists
52681,0,12.0,Established (7-12m),STANDARD RISK,2.0,2.0,139.02,1,0,1,Male,4,2,1,7,At Risk
52682,0,28.0,Loyal (25m+),STANDARD RISK,4.0,1.0,126.62,1,0,1,Male,3,2,1,6,Lost Customers
52683,0,1.0,New (0-3m),STANDARD RISK,0.0,1.0,128.56,4,0,3,Female,5,2,1,8,At Risk
52684,1,0.0,New (0-3m),STANDARD RISK,0.0,1.0,110.81,1,0,3,Male,5,2,1,8,At Risk
52685,1,0.0,New (0-3m),STANDARD RISK,0.0,1.0,124.72,4,1,1,Male,5,2,1,8,At Risk
52686,0,9.0,Established (7-12m),STANDARD RISK,7.0,1.0,156.73,3,1,3,Female,2,2,3,7,At Risk
52687,0,4.0,Growing (4-6m),STANDARD RISK,2.0,1.0,141.97,3,0,1,Male,4,2,2,8,At Risk
52688,0,7.0,Established (7-12m),STANDARD RISK,0.0,1.0,197.13,1,1,3,Male,5,2,4,11,Potential Loyalists
52689,0,9.0,Established (7-12m),STANDARD RISK,2.0,1.0,120.62,5,0,1,Male,4,2,1,7,At Risk
52690,0,10.0,Established (7-12m),STANDARD RISK,4.0,1.0,142.84,5,1,1,Male,3,2,2,7,At Risk
52691,0,8.0,Established (7-12m),STANDARD RISK,2.0,1.0,147.88,4,1,1,Female,4,2,2,8,At Risk
52692,0,18.0,Mature (13-24m),STANDARD RISK,8.0,3.0,159.06,1,0,1,Female,2,4,3,9,At Risk
52693,0,9.0,Established (7-12m),STANDARD RISK,8.0,1.0,138.86,1,0,2,Male,2,2,1,5,Lost Customers
52694,0,13.0,Mature (13-24m),LOW RISK,16.0,11.0,268.23,5,0,1,Male,1,5,5,11,Potential Loyalists
52695,0,0.0,New (0-3m),STANDARD RISK,0.0,1.0,129.33,3,1,1,Female,5,2,1,8,At Risk
52696,0,0.0,New (0-3m),STANDARD RISK,7.0,1.0,165.0,3,0,3,Female,2,2,3,7,At Risk
52697,0,21.0,Mature (13-24m),STANDARD RISK,7.0,4.0,271.74,1,0,1,Female,2,5,5,12,Potential Loyalists
52698,0,17.0,Mature (13-24m),LOW RISK,2.0,2.0,150.33,5,0,1,Male,4,2,2,8,At Risk
52699,1,9.0,Established (7-12m),STANDARD RISK,0.0,3.0,123.07,5,1,1,Male,5,4,1,10,Potential Loyalists
52700,1,19.0,Mature (13-24m),STANDARD RISK,0.0,1.0,125.87,1,0,1,Male,5,2,1,8,At Risk
52701,0,9.0,Established (7-12m),STANDARD RISK,3.0,1.0,155.07,4,0,3,Male,4,2,3,9,At Risk
52702,0,14.0,Mature (13-24m),LOW RISK,4.0,1.0,143.93,4,0,3,Female,3,2,2,7,At Risk
52703,0,15.0,Mature (13-24m),LOW RISK,7.0,2.0,233.48,5,0,1,Male,2,2,5,9,At Risk
52704,0,4.0,Growing (4-6m),MEDIUM RISK,4.0,1.0,165.83,1,1,3,Female,3,2,3,8,At Risk
52705,0,7.0,Established (7-12m),STANDARD RISK,1.0,1.0,181.03,1,1,3,Female,5,2,4,11,Potential Loyalists
52706,0,4.0,Growing (4-6m),STANDARD RISK,2.0,2.0,139.78,3,0,1,Female,4,2,1,7,At Risk
52707,0,0.0,New (0-3m),STANDARD RISK,7.0,7.0,125.44,1,0,1,Male,2,5,1,8,At Risk
52708,0,18.0,Mature (13-24m),STANDARD RISK,3.0,1.0,153.99,3,0,1,Male,4,2,3,9,At Risk
52709,0,6.0,Growing (4-6m),STANDARD RISK,9.0,1.0,154.87,3,0,3,Male,1,2,3,6,Lost Customers
52710,0,1.0,New (0-3m),CRITICAL RISK,7.0,1.0,168.34,1,1,3,Male,2,2,3,7,At Risk
52711,1,0.0,New (0-3m),STANDARD RISK,0.0,1.0,110.91,5,0,3,Male,5,2,1,8,At Risk
52712,0,12.0,Established (7-12m),STANDARD RISK,2.0,1.0,157.36,3,0,3,Female,4,2,3,9,At Risk
52713,0,9.0,Established (7-12m),STANDARD RISK,2.0,1.0,122.26,4,0,1,Male,4,2,1,7,At Risk
52714,0,7.0,Established (7-12m),STANDARD RISK,11.0,6.0,157.47,1,1,1,Male,1,5,3,9,At Risk
52715,1,0.0,New (0-3m),STANDARD RISK,2.0,2.0,198.54,3,1,3,Female,4,2,4,10,Potential Loyalists
52716,0,20.0,Mature (13-24m),LOW RISK,7.0,1.0,154.67,4,0,1,Male,2,2,3,7,At Risk
52717,0,29.0,Loyal (25m+),LOW RISK,0.0,1.0,153.8,5,0,3,Female,5,2,3,10,Potential Loyalists
52718,0,12.0,Established (7-12m),STANDARD RISK,9.0,7.0,151.51,5,0,1,Male,1,5,2,8,At Risk
52719,0,9.0,Established (7-12m),STANDARD RISK,7.0,1.0,121.33,4,1,1,Female,2,2,1,5,Lost Customers
52720,0,60.0,Loyal (25m+),STANDARD RISK,0.0,1.0,278.75,1,1,3,Female,5,2,5,12,Potential Loyalists
52721,1,0.0,New (0-3m),STANDARD RISK,3.0,1.0,124.32,3,1,1,Female,4,2,1,7,At Risk
52722,0,11.0,Established (7-12m),STANDARD RISK,3.0,1.0,147.71,1,0,1,Male,4,2,2,8,At Risk
52723,0,22.0,Mature (13-24m),STANDARD RISK,3.0,4.0,291.61,1,0,1,Male,4,5,5,14,Loyal Customers
52724,0,15.0,Mature (13-24m),STANDARD RISK,0.0,1.0,150.87,1,1,3,Male,5,2,2,9,At Risk
52725,1,0.0,New (0-3m),STANDARD RISK,0.0,1.0,128.63,4,0,2,Female,5,2,1,8,At Risk
52726,0,8.0,Established (7-12m),STANDARD RISK,4.0,1.0,155.61,5,0,3,Male,3,2,3,8,At Risk
52727,0,9.0,Established (7-12m),STANDARD RISK,4.0,1.0,121.44,3,0,1,Male,3,2,1,6,Lost Customers
52728,0,4.0,Growing (4-6m),STANDARD RISK,3.0,2.0,130.65,5,1,1,Male,4,2,1,7,At Risk
52729,0,9.0,Established (7-12m),STANDARD RISK,2.0,1.0,128.1,4,0,1,Male,4,2,1,7,At Risk
52730,0,7.0,Established (7-12m),STANDARD RISK,1.0,2.0,198.88,1,0,3,Male,5,2,4,11,Potential Loyalists
52731,0,7.0,Established (7-12m),STANDARD RISK,1.0,1.0,186.28,3,0,3,Male,5,2,4,11,Potential Loyalists
52732,0,0.0,New (0-3m),STANDARD RISK,6.0,7.0,128.67,5,0,1,Male,2,5,1,8,At Risk
52733,0,2.0,New (0-3m),STANDARD RISK,2.0,1.0,153.73,5,0,1,Male,4,2,3,9,At Risk
52734,0,5.0,Growing (4-6m),MEDIUM RISK,2.0,1.0,166.67,1,0,1,Female,4,2,3,9,At Risk
52735,0,4.0,Growing (4-6m),STANDARD RISK,7.0,8.0,150.03,5,0,1,Male,2,5,2,9,At Risk
52736,1,0.0,New (0-3m),STANDARD RISK,3.0,1.0,123.67,1,0,1,Male,4,2,1,7,At Risk
52737,0,11.0,Established (7-12m),STANDARD RISK,0.0,1.0,128.58,5,0,3,Male,5,2,1,8,At Risk
52738,0,8.0,Established (7-12m),STANDARD RISK,9.0,1.0,152.04,1,1,3,Female,1,2,2,5,Lost Customers
52739,0,0.0,New (0-3m),STANDARD RISK,7.0,1.0,141.05,1,0,3,Male,2,2,2,6,Lost Customers
52740,0,5.0,Growing (4-6m),MEDIUM RISK,0.0,1.0,196.79,1,0,1,Male,5,2,4,11,Potential Loyalists
52741,1,0.0,New (0-3m),CRITICAL RISK,8.0,1.0,156.17,1,1,3,Male,1,2,3,6,Lost Customers
52742,1,16.0,Mature (13-24m),STANDARD RISK,2.0,2.0,204.48,5,1,3,Male,4,2,4,10,Potential Loyalists
52743,0,27.0,Loyal (25m+),STANDARD RISK,3.0,2.0,128.97,3,0,1,Female,4,2,1,7,At Risk
52744,0,6.0,Growing (4-6m),STANDARD RISK,8.0,2.0,159.68,3,0,1,Male,1,2,3,6,Lost Customers
52745,0,16.0,Mature (13-24m),STANDARD RISK,9.0,1.0,175.1,3,0,1,Male,1,2,4,7,At Risk
52746,0,11.0,Established (7-12m),STANDARD RISK,2.0,1.0,129.91,4,1,2,Male,4,2,1,7,At Risk
52747,0,28.0,Loyal (25m+),STANDARD RISK,4.0,1.0,296.36,4,1,2,Male,3,2,5,10,Potential Loyalists
52748,0,4.0,Growing (4-6m),MEDIUM RISK,0.0,1.0,111.29,1,1,1,Female,5,2,1,8,At Risk
52749,0,12.0,Established (7-12m),STANDARD RISK,10.0,2.0,233.41000000000005,5,0,3,Male,1,2,5,8,At Risk
52750,0,15.0,Mature (13-24m),STANDARD RISK,7.0,3.0,143.32,3,0,1,Male,2,4,2,8,At Risk
52751,0,4.0,Growing (4-6m),STANDARD RISK,3.0,4.0,210.31,3,0,1,Female,4,5,5,14,Loyal Customers
52752,0,27.0,Loyal (25m+),STANDARD RISK,4.0,1.0,144.4,5,1,1,Female,3,2,2,7,At Risk
52753,0,0.0,New (0-3m),STANDARD RISK,2.0,1.0,146.17,3,0,1,Male,4,2,2,8,At Risk
52754,0,0.0,New (0-3m),STANDARD RISK,4.0,1.0,126.47,1,0,1,Male,3,2,1,6,Lost Customers
52755,0,13.0,Mature (13-24m),STANDARD RISK,4.0,9.0,163.23,3,0,1,Female,3,5,3,11,Potential Loyalists
52756,0,13.0,Mature (13-24m),LOW RISK,10.0,5.0,156.77,4,0,3,Female,1,5,3,9,At Risk
52757,0,9.0,Established (7-12m),STANDARD RISK,2.0,1.0,121.87,4,0,2,Female,4,2,1,7,At Risk
52758,0,3.0,New (0-3m),STANDARD RISK,7.0,1.0,137.48,4,0,1,Male,2,2,1,5,Lost Customers
52759,0,0.0,New (0-3m),STANDARD RISK,2.0,1.0,139.77,3,1,1,Male,4,2,1,7,At Risk
52760,0,20.0,Mature (13-24m),STANDARD RISK,11.0,12.0,186.33,3,0,1,Male,1,5,4,10,Potential Loyalists
52761,0,9.0,Established (7-12m),STANDARD RISK,0.0,1.0,120.08,3,0,1,Male,5,2,1,8,At Risk
52762,0,11.0,Established (7-12m),STANDARD RISK,8.0,5.0,144.4,4,0,3,Male,1,5,2,8,At Risk
52763,0,4.0,Growing (4-6m),STANDARD RISK,2.0,1.0,130.67,3,0,3,Male,4,2,1,7,At Risk
52764,0,11.0,Established (7-12m),STANDARD RISK,7.0,7.0,153.21,3,0,1,Male,2,5,2,9,At Risk
52765,0,15.0,Mature (13-24m),STANDARD RISK,2.0,1.0,154.1,5,1,1,Male,4,2,3,9,At Risk
52766,0,14.0,Mature (13-24m),STANDARD RISK,0.0,1.0,127.82,1,0,1,Male,5,2,1,8,At Risk
52767,0,20.0,Mature (13-24m),LOW RISK,3.0,5.0,219.57,4,0,1,Female,4,5,5,14,Loyal Customers
52768,0,8.0,Established (7-12m),STANDARD RISK,2.0,2.0,126.6,3,1,1,Male,4,2,1,7,At Risk
52769,0,0.0,New (0-3m),STANDARD RISK,2.0,1.0,133.75,3,0,1,Male,4,2,1,7,At Risk
52770,0,8.0,Established (7-12m),STANDARD RISK,8.0,1.0,150.98,3,0,1,Male,1,2,2,5,Lost Customers
52771,0,6.0,Growing (4-6m),MEDIUM RISK,1.0,8.0,148.78,1,1,1,Female,5,5,2,12,Potential Loyalists
52772,0,5.0,Growing (4-6m),STANDARD RISK,1.0,4.0,128.37,4,0,1,Female,5,5,1,11,Potential Loyalists
52773,0,13.0,Mature (13-24m),STANDARD RISK,0.0,1.0,124.06,1,0,1,Male,5,2,1,8,At Risk
52774,0,9.0,Established (7-12m),STANDARD RISK,2.0,2.0,122.69,4,0,3,Male,4,2,1,7,At Risk
52775,0,12.0,Established (7-12m),STANDARD RISK,7.0,1.0,141.08,1,0,1,Male,2,2,2,6,Lost Customers
52776,0,11.0,Established (7-12m),STANDARD RISK,11.0,2.0,232.06,3,0,1,Female,1,2,5,8,At Risk
52777,0,5.0,Growing (4-6m),MEDIUM RISK,7.0,5.0,204.22,1,0,3,Female,2,5,4,11,Potential Loyalists
52778,0,10.0,Established (7-12m),STANDARD RISK,8.0,2.0,237.44,1,1,1,Female,1,2,5,8,At Risk
52779,0,0.0,New (0-3m),STANDARD RISK,4.0,1.0,149.07,3,1,3,Female,3,2,2,7,At Risk
52780,0,25.0,Loyal (25m+),STANDARD RISK,0.0,1.0,134.82,1,0,3,Male,5,2,1,8,At Risk
52781,0,17.0,Mature (13-24m),STANDARD RISK,2.0,1.0,124.36,1,1,1,Male,4,2,1,7,At Risk
52782,0,0.0,New (0-3m),STANDARD RISK,2.0,1.0,123.8,5,1,3,Male,4,2,1,7,At Risk
52783,0,12.0,Established (7-12m),STANDARD RISK,3.0,1.0,294.31,1,0,1,Male,4,2,5,11,Potential Loyalists
52784,1,9.0,Established (7-12m),STANDARD RISK,0.0,1.0,117.9,5,0,3,Male,5,2,1,8,At Risk
52785,0,9.0,Established (7-12m),STANDARD RISK,4.0,3.0,176.44,1,0,3,Female,3,4,4,11,Potential Loyalists
52786,0,9.0,Established (7-12m),STANDARD RISK,2.0,1.0,151.31,4,0,1,Female,4,2,2,8,At Risk
52787,0,29.0,Loyal (25m+),STANDARD RISK,9.0,1.0,163.06,3,0,1,Male,1,2,3,6,Lost Customers
52788,1,0.0,New (0-3m),CRITICAL RISK,2.0,2.0,147.87,1,1,1,Male,4,2,2,8,At Risk
52789,0,15.0,Mature (13-24m),STANDARD RISK,14.0,4.0,288.8,3,0,1,Male,1,5,5,11,Potential Loyalists
52790,1,19.0,Mature (13-24m),STANDARD RISK,8.0,9.0,123.39,3,0,1,Male,1,5,1,7,At Risk
52791,0,14.0,Mature (13-24m),LOW RISK,10.0,2.0,235.7,4,0,1,Female,1,2,5,8,At Risk
52792,0,7.0,Established (7-12m),STANDARD RISK,7.0,1.0,167.12,3,0,3,Female,2,2,3,7,At Risk
52793,0,9.0,Established (7-12m),STANDARD RISK,11.0,11.0,154.06,1,0,3,Male,1,5,3,9,At Risk
52794,0,14.0,Mature (13-24m),LOW RISK,4.0,1.0,189.38,4,0,3,Male,3,2,4,9,At Risk
52795,0,5.0,Growing (4-6m),STANDARD RISK,2.0,1.0,124.39,5,0,1,Male,4,2,1,7,At Risk
52796,0,8.0,Established (7-12m),STANDARD RISK,7.0,1.0,188.37,1,1,2,Female,2,2,4,8,At Risk
52797,0,11.0,Established (7-12m),STANDARD RISK,9.0,1.0,153.43,1,0,3,Female,1,2,2,5,Lost Customers
52798,1,13.0,Mature (13-24m),STANDARD RISK,1.0,1.0,167.28,3,0,3,Male,5,2,3,10,Potential Loyalists
52799,0,9.0,Established (7-12m),STANDARD RISK,0.0,1.0,166.52,1,0,3,Female,5,2,3,10,Potential Loyalists
52800,0,18.0,Mature (13-24m),STANDARD RISK,1.0,1.0,148.5,3,0,3,Female,5,2,2,9,At Risk
52801,0,13.0,Mature (13-24m),STANDARD RISK,2.0,2.0,128.09,3,0,1,Male,4,2,1,7,At Risk
52802,0,8.0,Established (7-12m),STANDARD RISK,2.0,1.0,156.89,3,1,1,Male,4,2,3,9,At Risk
52803,0,9.0,Established (7-12m),STANDARD RISK,2.0,1.0,120.01,3,0,1,Female,4,2,1,7,At Risk
52804,0,8.0,Established (7-12m),STANDARD RISK,1.0,1.0,129.77,1,0,1,Female,5,2,1,8,At Risk
52805,0,2.0,New (0-3m),STANDARD RISK,3.0,1.0,140.25,4,1,1,Male,4,2,1,7,At Risk
52806,0,2.0,New (0-3m),STANDARD RISK,4.0,1.0,137.85,5,0,1,Female,3,2,1,6,Lost Customers
52807,1,13.0,Mature (13-24m),STANDARD RISK,0.0,2.0,208.54,5,1,3,Male,5,2,4,11,Potential Loyalists
52808,0,12.0,Established (7-12m),STANDARD RISK,3.0,9.0,220.31,1,0,3,Female,4,5,5,14,Loyal Customers
52809,0,4.0,Growing (4-6m),STANDARD RISK,7.0,1.0,199.36,5,0,1,Male,2,2,4,8,At Risk
52810,0,0.0,New (0-3m),STANDARD RISK,0.0,1.0,129.66,3,0,3,Female,5,2,1,8,At Risk
52811,0,9.0,Established (7-12m),STANDARD RISK,3.0,1.0,125.71,1,0,1,Male,4,2,1,7,At Risk
52812,0,12.0,Established (7-12m),STANDARD RISK,7.0,1.0,199.91,5,0,1,Male,2,2,4,8,At Risk
52813,0,0.0,New (0-3m),STANDARD RISK,3.0,1.0,161.42,4,1,1,Male,4,2,3,9,At Risk
52814,0,22.0,Mature (13-24m),LOW RISK,8.0,1.0,153.9,4,0,3,Male,1,2,3,6,Lost Customers
52815,0,7.0,Established (7-12m),STANDARD RISK,2.0,1.0,144.04,3,0,1,Male,4,2,2,8,At Risk
52816,1,5.0,Growing (4-6m),MEDIUM RISK,6.0,2.0,184.93,2,1,3,Female,2,2,4,8,At Risk
52817,1,1.0,New (0-3m),STANDARD RISK,1.0,2.0,145.9,3,1,1,Male,5,2,2,9,At Risk
52818,1,1.0,New (0-3m),STANDARD RISK,4.0,2.0,145.28,3,1,1,Male,3,2,2,7,At Risk
52819,1,1.0,New (0-3m),STANDARD RISK,4.0,2.0,159.07,5,0,3,Male,3,2,3,8,At Risk
52820,1,1.0,New (0-3m),STANDARD RISK,4.0,2.0,154.6,5,0,1,Male,3,2,3,8,At Risk
52821,1,1.0,New (0-3m),STANDARD RISK,8.0,7.0,164.19,5,1,1,Female,1,5,3,9,At Risk
52822,1,3.0,New (0-3m),STANDARD RISK,1.0,2.0,145.86,2,0,3,Male,5,2,2,9,At Risk
52823,1,1.0,New (0-3m),CRITICAL RISK,1.0,3.0,147.93,2,1,1,Male,5,4,2,11,Potential Loyalists
52824,1,14.0,Mature (13-24m),STANDARD RISK,3.0,2.0,151.83,3,1,3,Male,4,2,2,8,At Risk
52825,1,1.0,New (0-3m),STANDARD RISK,2.0,2.0,147.93,3,0,1,Male,4,2,2,8,At Risk
52826,1,5.0,Growing (4-6m),STANDARD RISK,9.0,16.0,320.45,3,0,1,Female,1,5,5,11,Potential Loyalists
52827,1,12.0,Established (7-12m),STANDARD RISK,1.0,2.0,178.81,3,1,1,Male,5,2,4,11,Potential Loyalists
52828,1,1.0,New (0-3m),STANDARD RISK,3.0,3.0,159.41,3,1,1,Male,4,4,3,11,Potential Loyalists
52829,1,1.0,New (0-3m),STANDARD RISK,1.0,2.0,158.88,3,1,1,Male,5,2,3,10,Potential Loyalists
52830,1,10.0,Established (7-12m),STANDARD RISK,3.0,5.0,221.19,2,0,3,Male,4,5,5,14,Loyal Customers
52831,1,1.0,New (0-3m),STANDARD RISK,3.0,2.0,145.73,5,1,2,Male,4,2,2,8,At Risk
52832,1,1.0,New (0-3m),CRITICAL RISK,1.0,2.0,154.26,2,1,1,Female,5,2,3,10,Potential Loyalists
52833,1,1.0,New (0-3m),STANDARD RISK,4.0,2.0,182.44,3,1,3,Male,3,2,4,9,At Risk
52834,1,1.0,New (0-3m),STANDARD RISK,7.0,2.0,185.74,3,1,1,Male,2,2,4,8,At Risk
52835,1,20.0,Mature (13-24m),STANDARD RISK,4.0,5.0,174.63,4,1,1,Female,3,5,4,12,Potential Loyalists
52836,1,1.0,New (0-3m),STANDARD RISK,8.0,8.0,186.72,3,1,3,Male,1,5,4,10,Potential Loyalists
52837,1,21.0,Mature (13-24m),STANDARD RISK,3.0,16.0,228.12,2,0,1,Female,4,5,5,14,Loyal Customers
52838,1,1.0,New (0-3m),STANDARD RISK,1.0,2.0,141.75,3,1,3,Male,5,2,2,9,At Risk
52839,1,1.0,New (0-3m),STANDARD RISK,3.0,3.0,170.59,3,1,3,Female,4,4,3,11,Potential Loyalists
52840,1,15.0,Mature (13-24m),STANDARD RISK,4.0,2.0,231.5,2,0,1,Male,3,2,5,10,Potential Loyalists
52841,1,1.0,New (0-3m),STANDARD RISK,5.0,2.0,167.0,5,0,1,Female,2,2,3,7,At Risk
52842,0,9.0,Established (7-12m),STANDARD RISK,7.0,2.0,197.95,4,0,3,Male,2,2,4,8,At Risk
52843,0,27.0,Loyal (25m+),STANDARD RISK,6.0,5.0,148.06,3,1,3,Male,2,5,2,9,At Risk
52844,0,19.0,Mature (13-24m),LOW RISK,16.0,2.0,148.48,4,0,1,Male,1,2,2,5,Lost Customers
52845,0,6.0,Growing (4-6m),MEDIUM RISK,3.0,4.0,214.98,2,0,3,Female,4,5,5,14,Loyal Customers
52846,0,3.0,New (0-3m),STANDARD RISK,10.0,2.0,168.19,3,0,1,Male,1,2,3,6,Lost Customers
52847,0,1.0,New (0-3m),STANDARD RISK,1.0,2.0,186.32,3,0,1,Male,5,2,4,11,Potential Loyalists
52848,0,31.0,Loyal (25m+),STANDARD RISK,1.0,2.0,158.46,4,1,1,Female,5,2,3,10,Potential Loyalists
52849,0,14.0,Mature (13-24m),STANDARD RISK,12.0,2.0,233.55,2,0,3,Male,1,2,5,8,At Risk
52850,0,8.0,Established (7-12m),STANDARD RISK,3.0,2.0,147.31,3,0,3,Female,4,2,2,8,At Risk
52851,0,1.0,New (0-3m),STANDARD RISK,3.0,3.0,148.23,2,0,1,Male,4,4,2,10,Potential Loyalists
52852,0,1.0,New (0-3m),STANDARD RISK,3.0,3.0,145.24,4,0,1,Male,3,4,2,9,At Risk
52853,0,2.0,New (0-3m),STANDARD RISK,3.0,2.0,152.13,2,0,1,Male,3,2,2,7,At Risk
52854,0,31.0,Loyal (25m+),STANDARD RISK,3.0,2.0,219.39,2,1,1,Male,3,2,5,10,Potential Loyalists
52855,0,1.0,New (0-3m),STANDARD RISK,2.0,2.0,150.66,3,1,1,Male,4,2,2,8,At Risk
52856,0,24.0,Mature (13-24m),LOW RISK,5.0,5.0,324.26,4,0,1,Female,2,5,5,12,Potential Loyalists
52857,0,15.0,Mature (13-24m),STANDARD RISK,9.0,2.0,149.51,3,0,1,Male,1,2,2,5,Lost Customers
52858,0,4.0,Growing (4-6m),MEDIUM RISK,3.0,8.0,219.19,2,0,3,Female,3,5,5,13,Loyal Customers
52859,0,12.0,Established (7-12m),STANDARD RISK,3.0,2.0,211.86,2,0,3,Female,3,2,5,10,Potential Loyalists
52860,0,6.0,Growing (4-6m),STANDARD RISK,5.0,2.0,155.38,3,0,1,Male,2,2,3,7,At Risk
52861,0,1.0,New (0-3m),STANDARD RISK,2.0,2.0,155.58,4,1,1,Male,4,2,3,9,At Risk
52862,1,1.0,New (0-3m),STANDARD RISK,1.0,2.0,148.25,5,0,3,Female,5,2,2,9,At Risk
52863,0,10.0,Established (7-12m),STANDARD RISK,3.0,8.0,145.88,4,0,1,Male,3,5,2,10,Potential Loyalists
52864,0,4.0,Growing (4-6m),STANDARD RISK,11.0,7.0,155.72,5,0,1,Male,1,5,3,9,At Risk
52865,0,19.0,Mature (13-24m),STANDARD RISK,4.0,2.0,175.06,5,1,3,Female,3,2,4,9,At Risk
52866,0,30.0,Loyal (25m+),STANDARD RISK,3.0,3.0,167.57,5,1,1,Female,3,4,3,10,Potential Loyalists
52867,0,7.0,Established (7-12m),STANDARD RISK,3.0,2.0,150.0,2,0,1,Male,3,2,2,7,At Risk
52868,1,1.0,New (0-3m),STANDARD RISK,1.0,2.0,136.02,2,0,1,Male,5,2,1,8,At Risk
52869,0,20.0,Mature (13-24m),LOW RISK,3.0,16.0,229.53,5,0,3,Female,3,5,5,13,Loyal Customers
52870,0,12.0,Established (7-12m),STANDARD RISK,2.0,3.0,147.88,2,0,1,Female,4,4,2,10,Potential Loyalists
52871,0,5.0,Growing (4-6m),MEDIUM RISK,3.0,2.0,164.29,2,1,1,Female,3,2,3,8,At Risk
52872,0,8.0,Established (7-12m),STANDARD RISK,3.0,2.0,148.11,4,0,1,Female,3,2,2,7,At Risk
52873,1,5.0,Growing (4-6m),STANDARD RISK,3.0,2.0,156.4,4,1,3,Female,3,2,3,8,At Risk
52874,0,24.0,Mature (13-24m),STANDARD RISK,3.0,2.0,161.9,3,0,1,Male,3,2,3,8,At Risk
52875,0,27.0,Loyal (25m+),LOW RISK,4.0,2.0,169.5,5,0,1,Female,3,2,3,8,At Risk
52876,0,7.0,Established (7-12m),STANDARD RISK,7.0,2.0,152.56,4,0,1,Female,2,2,2,6,Lost Customers
52877,0,14.0,Mature (13-24m),STANDARD RISK,10.0,10.0,315.33,3,0,1,Female,1,5,5,11,Potential Loyalists
52878,0,29.0,Loyal (25m+),LOW RISK,16.0,3.0,312.22,4,0,1,Male,1,4,5,10,Potential Loyalists
52879,0,8.0,Established (7-12m),STANDARD RISK,3.0,2.0,220.47,3,0,1,Male,3,2,5,10,Potential Loyalists
52880,0,25.0,Loyal (25m+),LOW RISK,1.0,2.0,262.34,4,0,1,Female,5,2,5,12,Potential Loyalists
52881,0,26.0,Loyal (25m+),STANDARD RISK,10.0,12.0,324.99,3,0,1,Male,1,5,5,11,Potential Loyalists
52882,0,1.0,New (0-3m),STANDARD RISK,4.0,2.0,147.79,4,0,1,Female,3,2,2,7,At Risk
52883,1,1.0,New (0-3m),STANDARD RISK,2.0,2.0,184.16,3,1,1,Male,4,2,4,10,Potential Loyalists
52884,0,17.0,Mature (13-24m),STANDARD RISK,3.0,3.0,145.89,2,0,1,Male,3,4,2,9,At Risk
52885,0,19.0,Mature (13-24m),STANDARD RISK,9.0,12.0,292.92,2,0,1,Male,1,5,5,11,Potential Loyalists
52886,0,11.0,Established (7-12m),STANDARD RISK,8.0,2.0,160.64,5,1,1,Male,1,2,3,6,Lost Customers
52887,0,9.0,Established (7-12m),STANDARD RISK,3.0,2.0,169.25,4,0,1,Female,3,2,3,8,At Risk
52888,0,16.0,Mature (13-24m),STANDARD RISK,3.0,2.0,177.65,3,0,1,Female,3,2,4,9,At Risk
52889,0,12.0,Established (7-12m),STANDARD RISK,1.0,2.0,190.53,3,0,1,Male,5,2,4,11,Potential Loyalists
52890,0,12.0,Established (7-12m),STANDARD RISK,8.0,2.0,187.61,2,0,1,Male,1,2,4,7,At Risk
52891,0,1.0,New (0-3m),STANDARD RISK,1.0,3.0,167.98,5,0,1,Male,5,4,3,12,Potential Loyalists
52892,0,23.0,Mature (13-24m),STANDARD RISK,8.0,2.0,193.04,2,1,1,Male,1,2,4,7,At Risk
52893,0,8.0,Established (7-12m),STANDARD RISK,1.0,3.0,163.15,3,1,1,Male,5,4,3,12,Potential Loyalists
52894,0,14.0,Mature (13-24m),STANDARD RISK,8.0,4.0,152.41,2,1,1,Male,1,5,2,8,At Risk
52895,1,2.0,New (0-3m),STANDARD RISK,1.0,2.0,191.73,5,1,1,Male,5,2,4,11,Potential Loyalists
52896,1,1.0,New (0-3m),STANDARD RISK,10.0,2.0,201.39,2,0,3,Female,1,2,4,7,At Risk
52897,0,1.0,New (0-3m),STANDARD RISK,3.0,3.0,148.28,4,1,1,Male,3,4,2,9,At Risk
52898,0,10.0,Established (7-12m),STANDARD RISK,8.0,2.0,146.53,2,0,1,Female,1,2,2,5,Lost Customers
52899,0,14.0,Mature (13-24m),STANDARD RISK,3.0,2.0,173.76,2,0,1,Male,3,2,4,9,At Risk
52900,0,20.0,Mature (13-24m),LOW RISK,3.0,2.0,218.96,5,0,1,Male,3,2,5,10,Potential Loyalists
52901,1,1.0,New (0-3m),STANDARD RISK,3.0,10.0,229.0,2,0,3,Male,3,5,5,13,Loyal Customers
52902,0,4.0,Growing (4-6m),STANDARD RISK,3.0,6.0,209.74,3,0,1,Male,3,5,5,13,Loyal Customers
52903,0,1.0,New (0-3m),STANDARD RISK,3.0,2.0,224.81,3,0,3,Female,3,2,5,10,Potential Loyalists
52904,0,25.0,Loyal (25m+),LOW RISK,8.0,2.0,249.9,4,0,1,Male,1,2,5,8,At Risk
52905,1,1.0,New (0-3m),STANDARD RISK,5.0,2.0,151.57,5,1,1,Female,2,2,2,6,Lost Customers
52906,0,15.0,Mature (13-24m),STANDARD RISK,1.0,2.0,260.91,2,1,3,Female,5,2,5,12,Potential Loyalists
52907,1,1.0,New (0-3m),STANDARD RISK,2.0,2.0,191.96,5,0,3,Female,4,2,4,10,Potential Loyalists
52908,1,1.0,New (0-3m),STANDARD RISK,6.0,2.0,145.58,3,0,1,Male,2,2,2,6,Lost Customers
52909,0,19.0,Mature (13-24m),STANDARD RISK,3.0,13.0,213.65,2,0,3,Female,3,5,5,13,Loyal Customers
52910,0,28.0,Loyal (25m+),LOW RISK,6.0,2.0,184.4,5,0,3,Female,2,2,4,8,At Risk
52911,0,10.0,Established (7-12m),STANDARD RISK,8.0,4.0,184.14,4,0,1,Male,1,5,4,10,Potential Loyalists
52912,0,7.0,Established (7-12m),STANDARD RISK,2.0,2.0,151.22,4,0,1,Female,4,2,2,8,At Risk
52913,0,11.0,Established (7-12m),STANDARD RISK,8.0,2.0,246.85,2,1,1,Male,1,2,5,8,At Risk
52914,0,12.0,Established (7-12m),STANDARD RISK,3.0,6.0,231.09,3,0,3,Male,3,5,5,13,Loyal Customers
52915,0,5.0,Growing (4-6m),STANDARD RISK,5.0,2.0,168.45,3,0,1,Male,2,2,3,7,At Risk
52916,0,31.0,Loyal (25m+),STANDARD RISK,1.0,2.0,146.77,2,0,1,Male,5,2,2,9,At Risk
52917,0,11.0,Established (7-12m),STANDARD RISK,9.0,6.0,25.0,2,0,3,Male,1,5,1,7,At Risk
52918,0,3.0,New (0-3m),STANDARD RISK,2.0,5.0,204.18,2,0,3,Female,4,5,4,13,Loyal Customers
52919,0,9.0,Established (7-12m),STANDARD RISK,3.0,2.0,212.89,3,0,3,Female,3,2,5,10,Potential Loyalists
52920,1,1.0,New (0-3m),CRITICAL RISK,2.0,2.0,148.89,2,1,1,Male,4,2,2,8,At Risk
52921,0,26.0,Loyal (25m+),STANDARD RISK,3.0,3.0,157.12,2,0,1,Female,3,4,3,10,Potential Loyalists
52922,0,16.0,Mature (13-24m),STANDARD RISK,16.0,12.0,317.32,2,0,1,Male,1,5,5,11,Potential Loyalists
52923,0,31.0,Loyal (25m+),STANDARD RISK,3.0,3.0,147.67,3,0,2,Male,3,4,2,9,At Risk
52924,0,24.0,Mature (13-24m),STANDARD RISK,7.0,2.0,320.17,2,0,3,Female,2,2,5,9,At Risk
52925,1,1.0,New (0-3m),CRITICAL RISK,5.0,2.0,149.36,2,1,1,Male,2,2,2,6,Lost Customers
52926,0,17.0,Mature (13-24m),STANDARD RISK,10.0,2.0,285.64,2,1,3,Female,1,2,5,8,At Risk
52927,1,1.0,New (0-3m),STANDARD RISK,8.0,2.0,152.07,5,0,1,Female,1,2,2,5,Lost Customers
52928,0,26.0,Loyal (25m+),STANDARD RISK,13.0,16.0,315.68,3,1,3,Male,1,5,5,11,Potential Loyalists
52929,0,6.0,Growing (4-6m),STANDARD RISK,3.0,2.0,164.31,4,0,3,Female,3,2,3,8,At Risk
52930,1,1.0,New (0-3m),STANDARD RISK,3.0,2.0,162.3,3,1,1,Male,3,2,3,8,At Risk
52931,0,13.0,Mature (13-24m),STANDARD RISK,3.0,2.0,147.32,3,0,1,Female,3,2,2,7,At Risk
52932,0,6.0,Growing (4-6m),MEDIUM RISK,3.0,3.0,169.65,2,0,3,Male,3,4,3,10,Potential Loyalists
52933,0,15.0,Mature (13-24m),LOW RISK,1.0,2.0,155.72,5,0,1,Male,5,2,3,10,Potential Loyalists
52934,0,14.0,Mature (13-24m),STANDARD RISK,8.0,5.0,158.19,2,0,1,Male,1,5,3,9,At Risk
52935,0,19.0,Mature (13-24m),STANDARD RISK,8.0,2.0,317.02,2,0,1,Male,1,2,5,8,At Risk
52936,0,5.0,Growing (4-6m),STANDARD RISK,3.0,3.0,261.75,3,0,1,Male,3,4,5,12,Potential Loyalists
52937,0,7.0,Established (7-12m),STANDARD RISK,3.0,2.0,154.11,2,0,1,Female,3,2,3,8,At Risk
52938,0,8.0,Established (7-12m),STANDARD RISK,10.0,6.0,184.57,5,0,1,Male,1,5,4,10,Potential Loyalists
52939,0,11.0,Established (7-12m),STANDARD RISK,3.0,2.0,164.2,5,0,1,Female,3,2,3,8,At Risk
52940,0,19.0,Mature (13-24m),STANDARD RISK,3.0,2.0,189.34,3,0,1,Male,3,2,4,9,At Risk
52941,1,1.0,New (0-3m),STANDARD RISK,3.0,2.0,225.48,3,0,1,Male,3,2,5,10,Potential Loyalists
52942,0,13.0,Mature (13-24m),STANDARD RISK,9.0,2.0,234.38,3,0,1,Female,1,2,5,8,At Risk
52943,0,3.0,New (0-3m),STANDARD RISK,6.0,2.0,148.4,2,0,1,Male,2,2,2,6,Lost Customers
52944,0,16.0,Mature (13-24m),STANDARD RISK,3.0,2.0,190.45,5,1,1,Female,3,2,4,9,At Risk
52945,0,3.0,New (0-3m),STANDARD RISK,3.0,2.0,194.31,2,0,3,Male,3,2,4,9,At Risk
52946,0,1.0,New (0-3m),STANDARD RISK,3.0,2.0,173.98,3,0,1,Female,3,2,4,9,At Risk
52947,0,16.0,Mature (13-24m),STANDARD RISK,9.0,8.0,150.93,5,1,1,Female,1,5,2,8,At Risk
52948,0,14.0,Mature (13-24m),STANDARD RISK,10.0,4.0,319.36,3,0,1,Male,1,5,5,11,Potential Loyalists
52949,0,25.0,Loyal (25m+),STANDARD RISK,1.0,2.0,152.23,2,0,1,Male,5,2,2,9,At Risk
52950,1,1.0,New (0-3m),STANDARD RISK,5.0,2.0,159.79,4,0,1,Male,2,2,3,7,At Risk
52951,0,6.0,Growing (4-6m),STANDARD RISK,4.0,2.0,152.94,4,0,1,Male,3,2,2,7,At Risk
52952,0,12.0,Established (7-12m),STANDARD RISK,6.0,8.0,177.49,2,0,3,Male,2,5,4,11,Potential Loyalists
52953,0,6.0,Growing (4-6m),STANDARD RISK,5.0,2.0,146.76,5,0,1,Male,2,2,2,6,Lost Customers
52954,0,20.0,Mature (13-24m),STANDARD RISK,8.0,8.0,293.72,4,1,3,Female,1,5,5,11,Potential Loyalists
52955,1,1.0,New (0-3m),STANDARD RISK,1.0,2.0,159.85,3,0,1,Male,5,2,3,10,Potential Loyalists
52956,0,3.0,New (0-3m),STANDARD RISK,1.0,2.0,191.44,4,0,3,Male,5,2,4,11,Potential Loyalists
52957,0,5.0,Growing (4-6m),MEDIUM RISK,9.0,8.0,180.82,2,0,1,Male,1,5,4,10,Potential Loyalists
52958,0,1.0,New (0-3m),STANDARD RISK,6.0,2.0,165.0,5,0,1,Male,2,2,3,7,At Risk
52959,0,19.0,Mature (13-24m),STANDARD RISK,11.0,2.0,259.96,2,1,1,Male,1,2,5,8,At Risk
52960,0,10.0,Established (7-12m),STANDARD RISK,12.0,11.0,157.1,2,0,1,Male,1,5,3,9,At Risk
52961,0,29.0,Loyal (25m+),STANDARD RISK,14.0,5.0,315.45,5,1,1,Male,1,5,5,11,Potential Loyalists
52962,1,11.0,Established (7-12m),STANDARD RISK,10.0,2.0,243.49,4,1,1,Male,1,2,5,8,At Risk
52963,0,2.0,New (0-3m),STANDARD RISK,5.0,2.0,145.7,2,0,1,Male,2,2,2,6,Lost Customers
52964,0,11.0,Established (7-12m),STANDARD RISK,2.0,2.0,190.02,2,0,3,Male,4,2,4,10,Potential Loyalists
52965,0,1.0,New (0-3m),STANDARD RISK,1.0,2.0,157.3,3,0,1,Male,5,2,3,10,Potential Loyalists
52966,0,11.0,Established (7-12m),STANDARD RISK,3.0,2.0,261.03,2,1,1,Female,3,2,5,10,Potential Loyalists
52967,0,3.0,New (0-3m),STANDARD RISK,3.0,2.0,244.96,4,0,1,Female,3,2,5,10,Potential Loyalists
52968,0,12.0,Established (7-12m),STANDARD RISK,8.0,8.0,181.05,5,1,3,Female,1,5,4,10,Potential Loyalists
52969,0,1.0,New (0-3m),STANDARD RISK,5.0,2.0,188.97,4,0,1,Female,2,2,4,8,At Risk
52970,0,24.0,Mature (13-24m),LOW RISK,7.0,2.0,316.44,4,0,1,Male,2,2,5,9,At Risk
52971,0,27.0,Loyal (25m+),STANDARD RISK,4.0,2.0,300.84,3,1,1,Male,3,2,5,10,Potential Loyalists
52972,0,16.0,Mature (13-24m),STANDARD RISK,7.0,12.0,174.07,3,0,3,Male,2,5,4,11,Potential Loyalists
52973,0,3.0,New (0-3m),STANDARD RISK,10.0,2.0,170.54,2,0,3,Male,1,3,3,7,At Risk
52974,0,29.0,Loyal (25m+),STANDARD RISK,9.0,2.0,179.15,2,1,1,Male,1,3,4,8,At Risk
52975,0,1.0,New (0-3m),STANDARD RISK,4.0,4.0,172.41,5,1,1,Male,3,5,3,11,Potential Loyalists
52976,0,11.0,Established (7-12m),STANDARD RISK,8.0,6.0,146.15,2,0,1,Female,1,5,2,8,At Risk
52977,1,8.0,Established (7-12m),STANDARD RISK,1.0,2.0,156.61,3,1,1,Male,5,3,3,11,Potential Loyalists
52978,0,12.0,Established (7-12m),STANDARD RISK,3.0,2.0,182.45,2,0,1,Male,3,3,4,10,Potential Loyalists
52979,1,1.0,New (0-3m),STANDARD RISK,3.0,2.0,148.73,4,1,1,Male,3,3,2,8,At Risk
52980,0,2.0,New (0-3m),STANDARD RISK,3.0,2.0,158.1,2,0,1,Female,3,3,3,9,At Risk
52981,0,23.0,Mature (13-24m),STANDARD RISK,3.0,2.0,311.65,5,1,1,Female,3,3,5,11,Potential Loyalists
52982,0,10.0,Established (7-12m),STANDARD RISK,8.0,8.0,169.85,4,0,1,Male,1,5,3,9,At Risk
52983,0,5.0,Growing (4-6m),STANDARD RISK,3.0,3.0,152.89,4,0,3,Female,3,4,2,9,At Risk
52984,1,1.0,New (0-3m),CRITICAL RISK,5.0,8.0,183.28,2,1,3,Male,2,5,4,11,Potential Loyalists
52985,0,11.0,Established (7-12m),STANDARD RISK,3.0,2.0,148.26,2,1,1,Male,3,3,2,8,At Risk
52986,0,16.0,Mature (13-24m),LOW RISK,9.0,2.0,260.25,4,0,3,Female,1,3,5,9,At Risk
52987,1,1.0,New (0-3m),STANDARD RISK,1.0,2.0,139.2,3,0,1,Male,5,3,1,9,At Risk
52988,0,9.0,Established (7-12m),STANDARD RISK,10.0,7.0,205.2,4,0,3,Male,1,5,4,10,Potential Loyalists
52989,0,10.0,Established (7-12m),STANDARD RISK,1.0,2.0,161.88,2,0,1,Male,5,3,3,11,Potential Loyalists
52990,0,25.0,Loyal (25m+),LOW RISK,3.0,2.0,179.82,4,0,1,Male,3,3,4,10,Potential Loyalists
52991,0,15.0,Mature (13-24m),LOW RISK,5.0,2.0,285.15,4,0,3,Male,2,3,5,10,Potential Loyalists
52992,0,1.0,New (0-3m),STANDARD RISK,1.0,2.0,137.0,3,0,3,Female,5,3,1,9,At Risk
52993,0,2.0,New (0-3m),STANDARD RISK,8.0,2.0,181.61,5,0,1,Male,1,3,4,8,At Risk
52994,0,5.0,Growing (4-6m),MEDIUM RISK,8.0,8.0,194.29,2,0,3,Male,1,5,4,10,Potential Loyalists
52995,0,13.0,Mature (13-24m),STANDARD RISK,3.0,4.0,221.13,2,0,1,Male,3,5,5,13,Loyal Customers
52996,0,10.0,Established (7-12m),STANDARD RISK,9.0,2.0,181.74,4,0,1,Female,1,3,4,8,At Risk
52997,0,6.0,Growing (4-6m),STANDARD RISK,9.0,5.0,179.84,3,0,3,Male,1,5,4,10,Potential Loyalists
52998,0,12.0,Established (7-12m),STANDARD RISK,2.0,2.0,245.61,4,0,1,Female,4,3,5,12,Potential Loyalists
52999,0,31.0,Loyal (25m+),STANDARD RISK,3.0,2.0,181.6,3,1,1,Male,3,3,4,10,Potential Loyalists
53000,0,5.0,Growing (4-6m),MEDIUM RISK,4.0,2.0,173.21,2,1,1,Male,3,3,4,10,Potential Loyalists
53001,0,5.0,Growing (4-6m),STANDARD RISK,1.0,2.0,189.1,5,0,2,Male,5,3,4,12,Potential Loyalists
53002,0,19.0,Mature (13-24m),LOW RISK,12.0,10.0,177.1,5,0,1,Male,1,5,4,10,Potential Loyalists
53003,0,5.0,Growing (4-6m),MEDIUM RISK,3.0,3.0,151.95,2,1,1,Male,3,4,2,9,At Risk
53004,0,7.0,Established (7-12m),STANDARD RISK,9.0,2.0,243.78,4,0,1,Female,1,3,5,9,At Risk
53005,0,13.0,Mature (13-24m),STANDARD RISK,11.0,12.0,295.68,5,1,1,Male,1,5,5,11,Potential Loyalists
53006,0,17.0,Mature (13-24m),STANDARD RISK,8.0,2.0,149.55,2,0,1,Female,1,3,2,6,Lost Customers
53007,0,23.0,Mature (13-24m),STANDARD RISK,8.0,2.0,264.64,3,1,1,Female,1,3,5,9,At Risk
53008,1,16.0,Mature (13-24m),LOW RISK,8.0,8.0,174.41,4,0,1,Male,1,5,4,10,Potential Loyalists
53009,0,1.0,New (0-3m),STANDARD RISK,3.0,2.0,149.78,4,1,1,Female,3,3,2,8,At Risk
53010,0,6.0,Growing (4-6m),STANDARD RISK,10.0,12.0,177.28,4,1,3,Female,1,5,4,10,Potential Loyalists
53011,0,1.0,New (0-3m),STANDARD RISK,5.0,2.0,169.78,3,1,3,Male,2,3,3,8,At Risk
53012,0,5.0,Growing (4-6m),MEDIUM RISK,8.0,2.0,200.47,2,0,3,Male,1,3,4,8,At Risk
53013,0,6.0,Growing (4-6m),MEDIUM RISK,8.0,2.0,175.55,2,0,1,Female,1,3,4,8,At Risk
53014,1,1.0,New (0-3m),CRITICAL RISK,3.0,3.0,159.64,2,1,1,Male,3,4,3,10,Potential Loyalists
53015,0,4.0,Growing (4-6m),MEDIUM RISK,10.0,2.0,182.75,2,0,1,Female,1,3,4,8,At Risk
53016,0,5.0,Growing (4-6m),STANDARD RISK,3.0,9.0,214.43,3,0,1,Female,3,5,5,13,Loyal Customers
53017,0,13.0,Mature (13-24m),STANDARD RISK,4.0,14.0,317.72,2,0,1,Male,3,5,5,13,Loyal Customers
53018,1,3.0,New (0-3m),STANDARD RISK,1.0,2.0,177.38,3,1,3,Female,5,3,4,12,Potential Loyalists
53019,0,7.0,Established (7-12m),STANDARD RISK,2.0,2.0,171.82,2,0,3,Male,4,3,3,10,Potential Loyalists
53020,0,21.0,Mature (13-24m),STANDARD RISK,2.0,2.0,308.0,3,0,1,Male,4,3,5,12,Potential Loyalists
53021,0,17.0,Mature (13-24m),STANDARD RISK,1.0,2.0,177.57,3,0,1,Female,5,3,4,12,Potential Loyalists
53022,0,1.0,New (0-3m),STANDARD RISK,5.0,2.0,188.49,4,1,3,Male,2,3,4,9,At Risk
53023,0,28.0,Loyal (25m+),STANDARD RISK,4.0,2.0,173.69,3,0,1,Female,3,3,4,10,Potential Loyalists
53024,0,17.0,Mature (13-24m),LOW RISK,3.0,2.0,224.85,5,0,1,Female,3,3,5,11,Potential Loyalists
53025,0,19.0,Mature (13-24m),STANDARD RISK,9.0,10.0,161.97,2,0,1,Male,1,5,3,9,At Risk
53026,0,14.0,Mature (13-24m),STANDARD RISK,3.0,2.0,199.57,2,1,3,Male,3,3,4,10,Potential Loyalists
53027,1,1.0,New (0-3m),STANDARD RISK,8.0,2.0,146.19,5,1,1,Male,1,3,2,6,Lost Customers
53028,0,3.0,New (0-3m),STANDARD RISK,3.0,3.0,164.83,2,0,1,Male,3,4,3,10,Potential Loyalists
53029,0,4.0,Growing (4-6m),STANDARD RISK,3.0,2.0,186.18,3,0,3,Female,3,3,4,10,Potential Loyalists
53030,0,1.0,New (0-3m),STANDARD RISK,8.0,2.0,187.14,4,0,3,Female,1,3,4,8,At Risk
53031,0,11.0,Established (7-12m),STANDARD RISK,5.0,2.0,188.47,2,0,1,Male,2,3,4,9,At Risk
53032,0,12.0,Established (7-12m),STANDARD RISK,10.0,2.0,240.1,2,1,1,Male,1,3,5,9,At Risk
53033,0,5.0,Growing (4-6m),MEDIUM RISK,11.0,5.0,196.43,2,1,1,Female,1,5,4,10,Potential Loyalists
53034,0,3.0,New (0-3m),STANDARD RISK,8.0,2.0,207.68,4,1,3,Female,1,3,4,8,At Risk
53035,0,9.0,Established (7-12m),STANDARD RISK,14.0,2.0,205.95,4,0,1,Male,1,3,4,8,At Risk
53036,0,1.0,New (0-3m),STANDARD RISK,3.0,2.0,154.04,2,0,1,Male,3,3,3,9,At Risk
53037,0,15.0,Mature (13-24m),STANDARD RISK,3.0,2.0,185.32,4,1,1,Male,3,3,4,10,Potential Loyalists
53038,0,21.0,Mature (13-24m),STANDARD RISK,1.0,2.0,154.76,3,0,3,Male,5,3,3,11,Potential Loyalists
53039,0,16.0,Mature (13-24m),STANDARD RISK,1.0,2.0,284.92,2,0,1,Female,5,3,5,13,Loyal Customers
53040,0,3.0,New (0-3m),STANDARD RISK,3.0,2.0,171.49,3,0,3,Male,3,3,3,9,At Risk
53041,0,16.0,Mature (13-24m),STANDARD RISK,1.0,2.0,151.96,3,1,2,Male,5,3,2,10,Potential Loyalists
53042,0,6.0,Growing (4-6m),STANDARD RISK,8.0,2.0,148.7,4,0,1,Female,1,3,2,6,Lost Customers
53043,0,22.0,Mature (13-24m),STANDARD RISK,1.0,2.0,250.04,3,0,3,Female,5,3,5,13,Loyal Customers
53044,0,11.0,Established (7-12m),STANDARD RISK,8.0,7.0,184.74,5,1,1,Male,1,5,4,10,Potential Loyalists
53045,0,4.0,Growing (4-6m),STANDARD RISK,3.0,3.0,172.36,3,1,3,Female,3,4,3,10,Potential Loyalists
53046,0,1.0,New (0-3m),STANDARD RISK,8.0,8.0,177.96,3,0,3,Male,1,5,4,10,Potential Loyalists
53047,0,16.0,Mature (13-24m),STANDARD RISK,1.0,2.0,192.81,2,0,1,Male,5,3,4,12,Potential Loyalists
53048,1,1.0,New (0-3m),STANDARD RISK,3.0,2.0,146.74,4,1,3,Female,3,3,2,8,At Risk
53049,0,10.0,Established (7-12m),STANDARD RISK,1.0,2.0,191.53,2,0,3,Female,5,3,4,12,Potential Loyalists
53050,0,10.0,Established (7-12m),STANDARD RISK,3.0,2.0,221.99,2,0,3,Male,3,3,5,11,Potential Loyalists
53051,0,31.0,Loyal (25m+),STANDARD RISK,3.0,2.0,192.55,3,0,1,Male,3,3,4,10,Potential Loyalists
53052,0,14.0,Mature (13-24m),STANDARD RISK,8.0,2.0,147.13,3,1,1,Female,1,3,2,6,Lost Customers
53053,0,1.0,New (0-3m),STANDARD RISK,3.0,3.0,151.1,2,0,3,Male,3,4,2,9,At Risk
53054,1,1.0,New (0-3m),STANDARD RISK,1.0,2.0,153.51,3,1,3,Female,5,3,2,10,Potential Loyalists
53055,0,11.0,Established (7-12m),STANDARD RISK,4.0,2.0,159.52,5,0,1,Female,3,3,3,9,At Risk
53056,0,20.0,Mature (13-24m),STANDARD RISK,1.0,2.0,177.58,3,0,1,Female,5,3,4,12,Potential Loyalists
53057,1,5.0,Growing (4-6m),STANDARD RISK,3.0,8.0,218.55,4,0,3,Male,3,5,5,13,Loyal Customers
53058,0,24.0,Mature (13-24m),STANDARD RISK,3.0,2.0,229.96,2,0,1,Male,3,3,5,11,Potential Loyalists
53059,1,4.0,Growing (4-6m),STANDARD RISK,1.0,2.0,188.8,3,1,3,Male,5,3,4,12,Potential Loyalists
53060,0,5.0,Growing (4-6m),STANDARD RISK,3.0,3.0,151.57,4,1,1,Male,3,4,2,9,At Risk
53061,1,1.0,New (0-3m),STANDARD RISK,1.0,2.0,152.16,4,0,3,Female,5,3,2,10,Potential Loyalists
53062,0,3.0,New (0-3m),STANDARD RISK,3.0,2.0,147.01,2,0,1,Male,3,3,2,8,At Risk
53063,0,9.0,Established (7-12m),STANDARD RISK,1.0,2.0,190.4,4,0,1,Male,5,3,4,12,Potential Loyalists
53064,0,1.0,New (0-3m),STANDARD RISK,5.0,2.0,163.16,4,0,1,Male,2,3,3,8,At Risk
53065,0,2.0,New (0-3m),STANDARD RISK,8.0,2.0,177.53,2,0,3,Male,1,3,4,8,At Risk
53066,0,23.0,Mature (13-24m),STANDARD RISK,1.0,2.0,170.0,3,0,1,Male,5,3,3,11,Potential Loyalists
53067,0,25.0,Loyal (25m+),STANDARD RISK,8.0,2.0,174.36,2,0,3,Female,1,3,4,8,At Risk
53068,0,10.0,Established (7-12m),STANDARD RISK,3.0,3.0,150.43,3,0,1,Female,3,4,2,9,At Risk
53069,1,1.0,New (0-3m),CRITICAL RISK,5.0,2.0,178.04,2,1,3,Male,2,3,4,9,At Risk
53070,0,29.0,Loyal (25m+),STANDARD RISK,3.0,2.0,291.59,2,1,1,Female,3,3,5,11,Potential Loyalists
53071,0,1.0,New (0-3m),STANDARD RISK,4.0,2.0,167.6,3,1,3,Female,3,3,3,9,At Risk
53072,0,4.0,Growing (4-6m),STANDARD RISK,1.0,2.0,149.76,4,0,3,Male,5,3,2,10,Potential Loyalists
53073,1,1.0,New (0-3m),STANDARD RISK,5.0,2.0,156.02,5,0,1,Male,2,3,3,8,At Risk
53074,0,1.0,New (0-3m),STANDARD RISK,3.0,2.0,147.44,4,0,1,Female,3,3,2,8,At Risk
53075,0,10.0,Established (7-12m),STANDARD RISK,1.0,10.0,200.96,3,0,3,Male,5,5,4,14,Loyal Customers
53076,1,1.0,New (0-3m),CRITICAL RISK,1.0,2.0,147.85,2,1,1,Male,5,3,2,10,Potential Loyalists
53077,0,11.0,Established (7-12m),STANDARD RISK,18.0,13.0,155.34,5,0,1,Female,1,5,3,9,At Risk
53078,0,14.0,Mature (13-24m),LOW RISK,4.0,2.0,182.15,4,0,3,Female,3,3,4,10,Potential Loyalists
53079,0,16.0,Mature (13-24m),LOW RISK,3.0,2.0,150.76,5,0,1,Female,3,3,2,8,At Risk
53080,0,11.0,Established (7-12m),STANDARD RISK,2.0,2.0,166.97,4,1,1,Male,4,3,3,10,Potential Loyalists
53081,0,17.0,Mature (13-24m),LOW RISK,10.0,4.0,268.36,4,0,1,Male,1,5,5,11,Potential Loyalists
53082,0,14.0,Mature (13-24m),STANDARD RISK,1.0,2.0,159.48,3,0,1,Female,5,3,3,11,Potential Loyalists
53083,0,28.0,Loyal (25m+),LOW RISK,3.0,2.0,319.06,5,0,1,Male,3,3,5,11,Potential Loyalists
53084,0,8.0,Established (7-12m),STANDARD RISK,3.0,2.0,190.38,3,0,3,Female,3,3,4,10,Potential Loyalists
53085,0,5.0,Growing (4-6m),STANDARD RISK,13.0,4.0,168.06,5,0,1,Female,1,5,3,9,At Risk
53086,0,17.0,Mature (13-24m),STANDARD RISK,3.0,2.0,147.58,2,0,1,Male,3,3,2,8,At Risk
53087,0,17.0,Mature (13-24m),STANDARD RISK,3.0,2.0,170.22,3,1,1,Female,3,3,3,9,At Risk
53088,0,1.0,New (0-3m),CRITICAL RISK,4.0,2.0,169.87,2,1,3,Female,3,3,3,9,At Risk
53089,0,11.0,Established (7-12m),STANDARD RISK,8.0,11.0,169.49,3,1,1,Female,1,5,3,9,At Risk
53090,0,5.0,Growing (4-6m),STANDARD RISK,3.0,4.0,147.18,5,0,1,Male,3,5,2,10,Potential Loyalists
53091,0,13.0,Mature (13-24m),STANDARD RISK,7.0,2.0,316.97,3,1,1,Male,2,3,5,10,Potential Loyalists
53092,0,30.0,Loyal (25m+),LOW RISK,8.0,2.0,257.12,5,0,3,Female,1,3,5,9,At Risk
53093,0,4.0,Growing (4-6m),STANDARD RISK,5.0,5.0,190.77,3,0,3,Female,2,5,4,11,Potential Loyalists
53094,0,15.0,Mature (13-24m),LOW RISK,8.0,2.0,208.92,5,0,3,Male,1,3,5,9,At Risk
53095,0,2.0,New (0-3m),STANDARD RISK,9.0,2.0,170.58,5,0,1,Male,1,3,3,7,At Risk
53096,1,1.0,New (0-3m),STANDARD RISK,3.0,2.0,165.31,5,0,1,Male,3,3,3,9,At Risk
53097,0,26.0,Loyal (25m+),STANDARD RISK,5.0,2.0,204.69,3,1,1,Male,2,3,4,9,At Risk
53098,0,19.0,Mature (13-24m),STANDARD RISK,3.0,2.0,151.54,2,0,1,Male,3,3,2,8,At Risk
53099,0,26.0,Loyal (25m+),STANDARD RISK,5.0,2.0,290.55,2,0,1,Female,2,3,5,10,Potential Loyalists
53100,0,16.0,Mature (13-24m),STANDARD RISK,3.0,2.0,170.56,3,0,1,Female,3,3,3,9,At Risk
53101,0,4.0,Growing (4-6m),MEDIUM RISK,3.0,2.0,185.91,2,0,1,Female,3,3,4,10,Potential Loyalists
53102,0,31.0,Loyal (25m+),LOW RISK,11.0,12.0,320.66,5,0,1,Female,1,5,5,11,Potential Loyalists
53103,0,20.0,Mature (13-24m),STANDARD RISK,9.0,2.0,173.1,3,0,1,Female,1,3,4,8,At Risk
53104,0,16.0,Mature (13-24m),STANDARD RISK,5.0,2.0,170.23,2,0,1,Female,2,3,3,8,At Risk
53105,1,1.0,New (0-3m),STANDARD RISK,5.0,2.0,157.02,4,1,3,Female,2,3,3,8,At Risk
53106,1,1.0,New (0-3m),STANDARD RISK,1.0,2.0,148.51,3,0,3,Female,5,3,2,10,Potential Loyalists
53107,0,12.0,Established (7-12m),STANDARD RISK,1.0,2.0,142.02,2,1,1,Male,5,3,2,10,Potential Loyalists
53108,0,14.0,Mature (13-24m),STANDARD RISK,13.0,2.0,305.41,3,0,3,Female,1,3,5,9,At Risk
53109,0,1.0,New (0-3m),STANDARD RISK,3.0,2.0,153.86,2,0,1,Female,3,3,3,9,At Risk
53110,0,4.0,Growing (4-6m),MEDIUM RISK,5.0,2.0,145.97,2,0,1,Male,2,3,2,7,At Risk
53111,0,3.0,New (0-3m),STANDARD RISK,8.0,2.0,244.35,3,0,1,Male,1,3,5,9,At Risk
53112,1,1.0,New (0-3m),STANDARD RISK,2.0,2.0,150.46,4,0,1,Female,4,3,2,9,At Risk
53113,1,1.0,New (0-3m),STANDARD RISK,1.0,2.0,150.64,2,0,2,Male,5,3,2,10,Potential Loyalists
53114,0,4.0,Growing (4-6m),STANDARD RISK,9.0,8.0,209.12,5,0,3,Female,1,5,5,11,Potential Loyalists
53115,0,31.0,Loyal (25m+),STANDARD RISK,1.0,2.0,266.18,2,0,3,Male,5,3,5,13,Loyal Customers
53116,0,24.0,Mature (13-24m),STANDARD RISK,8.0,16.0,295.46,3,0,1,Male,1,5,5,11,Potential Loyalists
53117,0,4.0,Growing (4-6m),MEDIUM RISK,8.0,7.0,150.64,2,0,1,Female,1,5,2,8,At Risk
53118,0,31.0,Loyal (25m+),LOW RISK,3.0,14.0,227.66,5,0,3,Female,3,5,5,13,Loyal Customers
53119,0,21.0,Mature (13-24m),STANDARD RISK,5.0,2.0,175.7,2,0,1,Female,2,3,4,9,At Risk
53120,0,20.0,Mature (13-24m),STANDARD RISK,2.0,2.0,303.61,3,0,1,Male,4,3,5,12,Potential Loyalists
53121,0,9.0,Established (7-12m),STANDARD RISK,4.0,5.0,167.3,3,0,1,Male,3,5,3,11,Potential Loyalists
53122,0,28.0,Loyal (25m+),STANDARD RISK,1.0,2.0,162.8,3,0,1,Female,5,3,3,11,Potential Loyalists
53123,0,8.0,Established (7-12m),STANDARD RISK,8.0,6.0,152.68,3,0,1,Male,1,5,2,8,At Risk
53124,0,20.0,Mature (13-24m),STANDARD RISK,3.0,2.0,215.71,2,1,3,Female,3,3,5,11,Potential Loyalists
53125,0,5.0,Growing (4-6m),STANDARD RISK,9.0,2.0,231.48,4,0,1,Male,1,3,5,9,At Risk
53126,1,1.0,New (0-3m),STANDARD RISK,8.0,8.0,261.1,3,1,1,Male,1,5,5,11,Potential Loyalists
53127,1,1.0,New (0-3m),STANDARD RISK,4.0,2.0,159.08,2,0,1,Male,3,3,3,9,At Risk
53128,0,4.0,Growing (4-6m),STANDARD RISK,3.0,2.0,154.83,4,0,3,Male,3,3,3,9,At Risk
53129,0,9.0,Established (7-12m),STANDARD RISK,1.0,2.0,201.32,3,1,1,Male,5,3,4,12,Potential Loyalists
53130,1,1.0,New (0-3m),STANDARD RISK,3.0,2.0,223.24,3,0,1,Male,3,3,5,11,Potential Loyalists
53131,1,1.0,New (0-3m),STANDARD RISK,3.0,2.0,224.5,5,1,2,Female,3,3,5,11,Potential Loyalists
53132,0,16.0,Mature (13-24m),STANDARD RISK,1.0,3.0,145.93,3,0,1,Male,5,4,2,11,Potential Loyalists
53133,0,10.0,Established (7-12m),STANDARD RISK,3.0,10.0,224.8,2,0,3,Male,3,5,5,13,Loyal Customers
53134,1,1.0,New (0-3m),STANDARD RISK,3.0,2.0,163.94,3,0,1,Male,3,3,3,9,At Risk
53135,0,22.0,Mature (13-24m),STANDARD RISK,8.0,7.0,165.51,2,0,3,Female,1,5,3,9,At Risk
53136,0,29.0,Loyal (25m+),LOW RISK,8.0,8.0,293.35,4,0,3,Female,1,5,5,11,Potential Loyalists
53137,0,15.0,Mature (13-24m),STANDARD RISK,11.0,2.0,187.3,2,0,3,Male,1,3,4,8,At Risk
53138,0,9.0,Established (7-12m),STANDARD RISK,10.0,7.0,172.17,3,0,3,Male,1,5,3,9,At Risk
53139,0,14.0,Mature (13-24m),STANDARD RISK,14.0,2.0,257.37,3,0,1,Female,1,3,5,9,At Risk
53140,0,13.0,Mature (13-24m),STANDARD RISK,8.0,2.0,162.55,3,0,1,Female,1,3,3,7,At Risk
53141,0,5.0,Growing (4-6m),MEDIUM RISK,6.0,2.0,190.82,2,1,3,Male,2,3,4,9,At Risk
53142,0,16.0,Mature (13-24m),STANDARD RISK,9.0,6.0,199.06,5,1,1,Male,1,5,4,10,Potential Loyalists
53143,0,19.0,Mature (13-24m),LOW RISK,8.0,4.0,173.05,4,0,3,Male,1,5,3,9,At Risk
53144,1,1.0,New (0-3m),STANDARD RISK,1.0,2.0,152.41,3,1,2,Female,5,3,2,10,Potential Loyalists
53145,0,3.0,New (0-3m),STANDARD RISK,3.0,2.0,167.62,2,0,1,Male,3,3,3,9,At Risk
53146,0,7.0,Established (7-12m),STANDARD RISK,6.0,2.0,286.84,3,0,1,Female,2,3,5,10,Potential Loyalists
53147,0,1.0,New (0-3m),STANDARD RISK,2.0,2.0,240.57,2,0,3,Male,4,3,5,12,Potential Loyalists
53148,1,1.0,New (0-3m),STANDARD RISK,1.0,2.0,143.78,4,1,3,Male,5,3,2,10,Potential Loyalists
53149,0,14.0,Mature (13-24m),LOW RISK,2.0,2.0,234.32,5,0,3,Male,4,3,5,12,Potential Loyalists
53150,0,15.0,Mature (13-24m),STANDARD RISK,8.0,2.0,193.11,3,1,1,Female,1,3,4,8,At Risk
53151,0,1.0,New (0-3m),STANDARD RISK,1.0,2.0,168.06,3,0,3,Male,5,3,3,11,Potential Loyalists
53152,0,9.0,Established (7-12m),STANDARD RISK,4.0,2.0,173.59,3,0,3,Female,3,3,4,10,Potential Loyalists
53153,0,8.0,Established (7-12m),STANDARD RISK,8.0,6.0,178.37,2,0,3,Male,1,5,4,10,Potential Loyalists
53154,1,1.0,New (0-3m),CRITICAL RISK,1.0,2.0,148.4,2,1,1,Male,5,3,2,10,Potential Loyalists
53155,0,11.0,Established (7-12m),STANDARD RISK,3.0,2.0,199.91,2,0,1,Female,3,3,4,10,Potential Loyalists
53156,0,20.0,Mature (13-24m),STANDARD RISK,3.0,2.0,230.27,3,0,1,Female,3,3,5,11,Potential Loyalists
53157,0,15.0,Mature (13-24m),LOW RISK,9.0,12.0,290.95,5,0,3,Female,1,5,5,11,Potential Loyalists
53158,0,11.0,Established (7-12m),STANDARD RISK,3.0,8.0,213.34,4,0,3,Male,3,5,5,13,Loyal Customers
53159,0,26.0,Loyal (25m+),STANDARD RISK,10.0,7.0,180.77,5,1,1,Male,1,5,4,10,Potential Loyalists
53160,1,1.0,New (0-3m),STANDARD RISK,3.0,2.0,172.07,3,0,3,Male,3,3,3,9,At Risk
53161,0,1.0,New (0-3m),STANDARD RISK,2.0,3.0,149.0,2,0,3,Male,4,4,2,10,Potential Loyalists
53162,0,12.0,Established (7-12m),STANDARD RISK,3.0,2.0,223.24,3,0,1,Female,3,3,5,11,Potential Loyalists
53163,0,11.0,Established (7-12m),STANDARD RISK,4.0,5.0,189.47,4,0,1,Female,3,5,4,12,Potential Loyalists
53164,0,23.0,Mature (13-24m),STANDARD RISK,10.0,2.0,320.02,3,1,1,Male,1,3,5,9,At Risk
53165,0,1.0,New (0-3m),CRITICAL RISK,5.0,2.0,152.25,2,1,1,Male,2,3,2,7,At Risk
53166,0,1.0,New (0-3m),STANDARD RISK,5.0,2.0,187.72,4,0,3,Male,2,3,4,9,At Risk
53167,0,1.0,New (0-3m),STANDARD RISK,1.0,2.0,146.27,4,0,1,Male,5,3,2,10,Potential Loyalists
53168,0,24.0,Mature (13-24m),LOW RISK,8.0,11.0,307.0,4,0,2,Male,1,5,5,11,Potential Loyalists
53169,0,1.0,New (0-3m),STANDARD RISK,7.0,2.0,145.96,3,0,3,Male,2,3,2,7,At Risk
53170,1,1.0,New (0-3m),STANDARD RISK,3.0,2.0,153.86,3,1,1,Female,3,3,3,9,At Risk
53171,1,1.0,New (0-3m),STANDARD RISK,1.0,2.0,145.33,5,0,3,Male,5,3,2,10,Potential Loyalists
53172,0,8.0,Established (7-12m),STANDARD RISK,4.0,2.0,161.22,2,1,1,Male,3,3,3,9,At Risk
53173,1,1.0,New (0-3m),STANDARD RISK,3.0,2.0,167.33,5,0,3,Male,3,3,3,9,At Risk
53174,0,9.0,Established (7-12m),STANDARD RISK,3.0,2.0,161.81,2,0,1,Male,3,3,3,9,At Risk
53175,0,5.0,Growing (4-6m),MEDIUM RISK,8.0,6.0,179.6,2,0,3,Male,1,5,4,10,Potential Loyalists
53176,0,1.0,New (0-3m),STANDARD RISK,4.0,2.0,146.87,3,0,1,Female,3,3,2,8,At Risk
53177,0,11.0,Established (7-12m),STANDARD RISK,3.0,2.0,221.02,3,1,3,Male,3,3,5,11,Potential Loyalists
53178,0,1.0,New (0-3m),STANDARD RISK,1.0,2.0,153.36,4,0,1,Female,5,3,2,10,Potential Loyalists
53179,0,16.0,Mature (13-24m),STANDARD RISK,3.0,3.0,165.89,2,0,1,Female,3,4,3,10,Potential Loyalists
53180,0,17.0,Mature (13-24m),STANDARD RISK,1.0,2.0,291.27,2,1,1,Male,5,3,5,13,Loyal Customers
53181,0,12.0,Established (7-12m),STANDARD RISK,1.0,2.0,151.19,5,0,1,Female,5,3,2,10,Potential Loyalists
53182,0,17.0,Mature (13-24m),STANDARD RISK,8.0,5.0,181.79,3,1,1,Male,1,5,4,10,Potential Loyalists
53183,0,22.0,Mature (13-24m),LOW RISK,3.0,2.0,279.02,5,0,1,Female,3,3,5,11,Potential Loyalists
53184,0,18.0,Mature (13-24m),STANDARD RISK,3.0,2.0,184.85,3,0,2,Female,3,3,4,10,Potential Loyalists
53185,0,8.0,Established (7-12m),STANDARD RISK,7.0,2.0,150.79,3,1,3,Female,2,3,2,7,At Risk
53186,1,1.0,New (0-3m),STANDARD RISK,3.0,2.0,155.41,5,0,3,Male,3,3,3,9,At Risk
53187,0,1.0,New (0-3m),STANDARD RISK,3.0,2.0,159.47,3,0,3,Male,3,3,3,9,At Risk
53188,0,18.0,Mature (13-24m),STANDARD RISK,2.0,2.0,320.13,2,1,1,Male,4,3,5,12,Potential Loyalists
53189,0,1.0,New (0-3m),STANDARD RISK,3.0,3.0,152.73,3,0,1,Male,3,4,2,9,At Risk
53190,0,7.0,Established (7-12m),STANDARD RISK,3.0,2.0,196.04,3,0,3,Male,3,3,4,10,Potential Loyalists
53191,0,6.0,Growing (4-6m),MEDIUM RISK,6.0,2.0,188.22,2,1,1,Female,2,3,4,9,At Risk
53192,0,4.0,Growing (4-6m),STANDARD RISK,1.0,2.0,145.83,3,0,1,Female,5,3,2,10,Potential Loyalists
53193,0,27.0,Loyal (25m+),LOW RISK,11.0,9.0,208.81,5,0,3,Female,1,5,4,10,Potential Loyalists
53194,0,8.0,Established (7-12m),STANDARD RISK,9.0,9.0,151.91,2,0,1,Male,1,5,2,8,At Risk
53195,1,9.0,Established (7-12m),STANDARD RISK,1.0,2.0,167.86,5,0,3,Female,5,3,3,11,Potential Loyalists
53196,0,1.0,New (0-3m),CRITICAL RISK,3.0,2.0,151.59,2,1,1,Female,3,3,2,8,At Risk
53197,0,11.0,Established (7-12m),STANDARD RISK,3.0,8.0,219.34,3,0,1,Male,3,5,5,13,Loyal Customers
53198,0,3.0,New (0-3m),STANDARD RISK,3.0,2.0,180.61,3,0,3,Female,3,3,4,10,Potential Loyalists
53199,0,9.0,Established (7-12m),STANDARD RISK,9.0,12.0,191.46,2,0,1,Male,1,5,4,10,Potential Loyalists
53200,0,7.0,Established (7-12m),STANDARD RISK,8.0,5.0,202.25,2,0,1,Male,1,5,4,10,Potential Loyalists
53201,0,28.0,Loyal (25m+),LOW RISK,2.0,2.0,232.25,4,0,2,Male,4,3,5,12,Potential Loyalists
53202,0,10.0,Established (7-12m),STANDARD RISK,3.0,2.0,213.47,4,1,1,Male,3,3,5,11,Potential Loyalists
53203,0,1.0,New (0-3m),STANDARD RISK,2.0,2.0,145.45,2,0,1,Male,4,3,2,9,At Risk
53204,1,1.0,New (0-3m),STANDARD RISK,2.0,2.0,135.09,3,1,1,Male,4,3,1,8,At Risk
53205,1,1.0,New (0-3m),STANDARD RISK,8.0,10.0,158.48,5,1,1,Male,1,5,3,9,At Risk
53206,0,9.0,Established (7-12m),STANDARD RISK,1.0,2.0,137.81,3,0,1,Male,5,3,1,9,At Risk
53207,0,1.0,New (0-3m),STANDARD RISK,3.0,2.0,153.19,5,0,1,Male,3,3,2,8,At Risk
53208,0,1.0,New (0-3m),STANDARD RISK,3.0,2.0,173.51,4,0,3,Male,3,3,4,10,Potential Loyalists
53209,0,12.0,Established (7-12m),STANDARD RISK,6.0,2.0,165.28,2,0,3,Female,2,3,3,8,At Risk
53210,0,3.0,New (0-3m),STANDARD RISK,9.0,3.0,152.2,2,0,1,Male,1,4,2,7,At Risk
53211,0,22.0,Mature (13-24m),LOW RISK,3.0,3.0,206.2,4,0,3,Male,3,4,4,11,Potential Loyalists
53212,0,1.0,New (0-3m),CRITICAL RISK,5.0,2.0,171.47,2,1,3,Female,2,3,3,8,At Risk
53213,0,11.0,Established (7-12m),STANDARD RISK,1.0,2.0,171.8,2,0,1,Male,5,3,3,11,Potential Loyalists
53214,0,24.0,Mature (13-24m),STANDARD RISK,9.0,4.0,157.21,3,1,1,Male,1,5,3,9,At Risk
53215,0,8.0,Established (7-12m),STANDARD RISK,3.0,8.0,211.21,4,0,1,Female,3,5,5,13,Loyal Customers
53216,1,1.0,New (0-3m),STANDARD RISK,1.0,3.0,170.77,3,0,3,Female,5,4,3,12,Potential Loyalists
53217,0,13.0,Mature (13-24m),STANDARD RISK,11.0,12.0,170.53,3,0,1,Female,1,5,3,9,At Risk
53218,0,6.0,Growing (4-6m),MEDIUM RISK,9.0,2.0,178.96,2,0,3,Male,1,3,4,8,At Risk
53219,1,14.0,Mature (13-24m),STANDARD RISK,4.0,2.0,192.96,3,1,3,Male,3,3,4,10,Potential Loyalists
53220,0,12.0,Established (7-12m),STANDARD RISK,9.0,2.0,201.25,2,0,1,Female,1,3,4,8,At Risk
53221,0,1.0,New (0-3m),STANDARD RISK,8.0,2.0,199.12,5,0,1,Female,1,3,4,8,At Risk
53222,0,6.0,Growing (4-6m),MEDIUM RISK,8.0,2.0,236.59,2,0,1,Female,1,3,5,9,At Risk
53223,0,21.0,Mature (13-24m),LOW RISK,8.0,2.0,174.6,5,0,3,Male,1,3,4,8,At Risk
53224,0,14.0,Mature (13-24m),STANDARD RISK,3.0,2.0,229.75,5,1,3,Male,3,3,5,11,Potential Loyalists
53225,0,27.0,Loyal (25m+),STANDARD RISK,4.0,2.0,273.14,3,0,1,Male,3,3,5,11,Potential Loyalists
53226,0,15.0,Mature (13-24m),STANDARD RISK,7.0,13.0,316.41,2,0,2,Male,2,5,5,12,Potential Loyalists
53227,0,31.0,Loyal (25m+),LOW RISK,3.0,3.0,179.05,5,0,3,Male,3,4,4,11,Potential Loyalists
53228,0,1.0,New (0-3m),STANDARD RISK,3.0,2.0,212.93,5,0,1,Male,3,3,5,11,Potential Loyalists
53229,0,15.0,Mature (13-24m),STANDARD RISK,11.0,3.0,316.89,3,0,2,Male,1,4,5,10,Potential Loyalists
53230,0,24.0,Mature (13-24m),LOW RISK,3.0,3.0,163.75,4,0,3,Male,3,4,3,10,Potential Loyalists
53231,1,1.0,New (0-3m),STANDARD RISK,8.0,4.0,147.16,4,1,1,Female,1,5,2,8,At Risk
53232,0,10.0,Established (7-12m),STANDARD RISK,6.0,2.0,242.13,5,0,1,Female,2,3,5,10,Potential Loyalists
53233,0,12.0,Established (7-12m),STANDARD RISK,1.0,2.0,203.61,3,1,1,Female,5,3,4,12,Potential Loyalists
53234,0,18.0,Mature (13-24m),STANDARD RISK,5.0,2.0,162.08,3,0,1,Male,2,3,3,8,At Risk
53235,0,21.0,Mature (13-24m),STANDARD RISK,14.0,12.0,262.7,3,1,3,Female,1,5,5,11,Potential Loyalists
53236,0,4.0,Growing (4-6m),MEDIUM RISK,8.0,8.0,178.04,2,0,3,Male,1,5,4,10,Potential Loyalists
53237,0,3.0,New (0-3m),STANDARD RISK,1.0,2.0,151.42,3,0,3,Male,5,3,2,10,Potential Loyalists
53238,1,6.0,Growing (4-6m),STANDARD RISK,3.0,3.0,152.59,3,1,1,Male,3,4,2,9,At Risk
53239,0,17.0,Mature (13-24m),STANDARD RISK,3.0,3.0,193.04,2,0,3,Male,3,4,4,11,Potential Loyalists
53240,0,8.0,Established (7-12m),STANDARD RISK,4.0,5.0,186.42,3,0,1,Female,3,5,4,12,Potential Loyalists
53241,0,1.0,New (0-3m),STANDARD RISK,3.0,2.0,150.0,5,0,1,Male,3,3,2,8,At Risk
53242,0,13.0,Mature (13-24m),LOW RISK,7.0,4.0,188.89,4,0,2,Female,2,5,4,11,Potential Loyalists
53243,0,30.0,Loyal (25m+),STANDARD RISK,2.0,2.0,236.03,2,0,1,Male,4,3,5,12,Potential Loyalists
53244,0,14.0,Mature (13-24m),STANDARD RISK,4.0,3.0,148.42,2,1,1,Female,3,4,2,9,At Risk
53245,0,1.0,New (0-3m),STANDARD RISK,8.0,2.0,193.11,5,0,1,Female,1,3,4,8,At Risk
53246,0,3.0,New (0-3m),STANDARD RISK,3.0,3.0,147.97,4,0,3,Male,3,4,2,9,At Risk
53247,0,27.0,Loyal (25m+),STANDARD RISK,3.0,3.0,149.5,2,0,1,Male,3,4,2,9,At Risk
53248,0,9.0,Established (7-12m),STANDARD RISK,1.0,2.0,175.93,5,0,1,Female,5,3,4,12,Potential Loyalists
53249,0,6.0,Growing (4-6m),MEDIUM RISK,8.0,5.0,178.09,2,0,1,Male,1,5,4,10,Potential Loyalists
53250,0,12.0,Established (7-12m),STANDARD RISK,2.0,2.0,155.57,3,1,1,Male,4,3,3,10,Potential Loyalists
53251,0,8.0,Established (7-12m),STANDARD RISK,1.0,2.0,176.21,5,0,1,Female,5,3,4,12,Potential Loyalists
53252,0,26.0,Loyal (25m+),LOW RISK,17.0,2.0,293.56,5,0,3,Male,1,3,5,9,At Risk
53253,1,1.0,New (0-3m),CRITICAL RISK,9.0,8.0,151.86,2,1,1,Male,1,5,2,8,At Risk
53254,0,1.0,New (0-3m),STANDARD RISK,5.0,2.0,186.8,2,0,3,Female,2,3,4,9,At Risk
53255,0,19.0,Mature (13-24m),STANDARD RISK,2.0,4.0,191.32,3,0,3,Male,4,5,4,13,Loyal Customers
53256,0,1.0,New (0-3m),STANDARD RISK,3.0,2.0,160.05,3,0,1,Male,3,3,3,9,At Risk
53257,1,11.0,Established (7-12m),STANDARD RISK,4.0,2.0,188.97,3,1,3,Female,3,3,4,10,Potential Loyalists
53258,0,8.0,Established (7-12m),STANDARD RISK,5.0,2.0,187.74,2,0,3,Male,2,3,4,9,At Risk
53259,1,19.0,Mature (13-24m),STANDARD RISK,5.0,2.0,323.59,5,1,1,Male,2,3,5,10,Potential Loyalists
53260,0,10.0,Established (7-12m),STANDARD RISK,10.0,2.0,200.87,5,0,3,Male,1,3,4,8,At Risk
53261,0,26.0,Loyal (25m+),STANDARD RISK,3.0,2.0,167.58,2,0,1,Male,3,3,3,9,At Risk
53262,0,1.0,New (0-3m),STANDARD RISK,1.0,3.0,168.64,2,0,1,Female,5,4,3,12,Potential Loyalists
53263,0,3.0,New (0-3m),STANDARD RISK,2.0,2.0,168.35,3,0,1,Female,4,3,3,10,Potential Loyalists
53264,1,1.0,New (0-3m),STANDARD RISK,3.0,2.0,178.26,5,0,3,Male,3,3,4,10,Potential Loyalists
53265,0,8.0,Established (7-12m),STANDARD RISK,4.0,2.0,157.8,2,0,1,Female,3,3,3,9,At Risk
53266,0,28.0,Loyal (25m+),STANDARD RISK,5.0,2.0,179.85,5,1,1,Female,2,3,4,9,At Risk
53267,0,3.0,New (0-3m),STANDARD RISK,2.0,2.0,168.42,2,0,3,Male,4,3,3,10,Potential Loyalists
53268,0,11.0,Established (7-12m),STANDARD RISK,4.0,5.0,152.82,5,1,1,Female,3,5,2,10,Potential Loyalists
53269,0,12.0,Established (7-12m),STANDARD RISK,13.0,5.0,184.8,5,1,1,Female,1,5,4,10,Potential Loyalists
53270,0,8.0,Established (7-12m),STANDARD RISK,4.0,2.0,168.81,5,0,1,Female,3,3,3,9,At Risk
53271,0,9.0,Established (7-12m),STANDARD RISK,3.0,2.0,150.72,2,0,3,Female,3,3,2,8,At Risk
53272,0,4.0,Growing (4-6m),STANDARD RISK,3.0,2.0,163.33,3,0,1,Male,3,3,3,9,At Risk
53273,0,14.0,Mature (13-24m),LOW RISK,8.0,4.0,167.44,4,0,1,Female,1,5,3,9,At Risk
53274,0,8.0,Established (7-12m),STANDARD RISK,3.0,2.0,190.0,5,0,3,Female,3,3,4,10,Potential Loyalists
53275,0,16.0,Mature (13-24m),STANDARD RISK,10.0,15.0,309.3,2,0,1,Male,1,5,5,11,Potential Loyalists
53276,1,1.0,New (0-3m),STANDARD RISK,1.0,2.0,141.01,5,1,1,Male,5,3,2,10,Potential Loyalists
53277,0,1.0,New (0-3m),STANDARD RISK,1.0,2.0,151.94,4,0,1,Male,5,3,2,10,Potential Loyalists
53278,0,26.0,Loyal (25m+),STANDARD RISK,5.0,2.0,156.49,3,0,1,Female,2,3,3,8,At Risk
53279,0,24.0,Mature (13-24m),STANDARD RISK,4.0,2.0,301.39,3,0,1,Male,3,3,5,11,Potential Loyalists
53280,1,1.0,New (0-3m),STANDARD RISK,1.0,2.0,148.19,5,1,1,Female,5,3,2,10,Potential Loyalists
53281,0,7.0,Established (7-12m),STANDARD RISK,8.0,2.0,241.91000000000005,3,0,1,Male,1,3,5,9,At Risk
53282,1,1.0,New (0-3m),STANDARD RISK,3.0,2.0,178.24,5,0,3,Female,3,3,4,10,Potential Loyalists
53283,0,21.0,Mature (13-24m),STANDARD RISK,1.0,4.0,292.52,2,1,1,Female,5,5,5,15,Loyal Customers
53284,0,10.0,Established (7-12m),STANDARD RISK,6.0,2.0,177.28,4,0,1,Female,2,3,4,9,At Risk
53285,0,3.0,New (0-3m),STANDARD RISK,8.0,2.0,152.0,3,0,1,Male,1,3,2,6,Lost Customers
53286,1,21.0,Mature (13-24m),STANDARD RISK,9.0,14.0,317.46,4,1,1,Male,1,5,5,11,Potential Loyalists
53287,0,9.0,Established (7-12m),STANDARD RISK,3.0,3.0,150.06,3,0,1,Female,3,4,2,9,At Risk
53288,0,16.0,Mature (13-24m),STANDARD RISK,3.0,2.0,185.62,2,1,1,Female,3,3,4,10,Potential Loyalists
53289,1,1.0,New (0-3m),STANDARD RISK,2.0,3.0,168.82,3,0,1,Male,4,4,3,11,Potential Loyalists
53290,0,10.0,Established (7-12m),STANDARD RISK,5.0,2.0,146.43,4,0,2,Male,2,3,2,7,At Risk
53291,0,6.0,Growing (4-6m),STANDARD RISK,9.0,7.0,186.62,3,0,1,Female,1,5,4,10,Potential Loyalists
53292,0,14.0,Mature (13-24m),STANDARD RISK,1.0,2.0,175.94,3,0,1,Male,5,3,4,12,Potential Loyalists
53293,0,4.0,Growing (4-6m),MEDIUM RISK,1.0,2.0,193.77,2,1,1,Female,5,3,4,12,Potential Loyalists
53294,0,19.0,Mature (13-24m),STANDARD RISK,1.0,2.0,147.74,3,0,1,Female,5,3,2,10,Potential Loyalists
53295,0,16.0,Mature (13-24m),LOW RISK,9.0,8.0,169.34,4,0,1,Male,1,5,3,9,At Risk
53296,0,12.0,Established (7-12m),STANDARD RISK,3.0,2.0,187.88,5,0,1,Male,3,3,4,10,Potential Loyalists
53297,0,8.0,Established (7-12m),STANDARD RISK,4.0,2.0,150.53,2,0,1,Female,3,3,2,8,At Risk
53298,1,13.0,Mature (13-24m),STANDARD RISK,8.0,8.0,201.54,2,0,3,Female,1,5,4,10,Potential Loyalists
53299,1,19.0,Mature (13-24m),STANDARD RISK,4.0,8.0,176.6,2,0,3,Male,3,5,4,12,Potential Loyalists
53300,0,17.0,Mature (13-24m),LOW RISK,1.0,2.0,296.59,5,0,1,Male,5,3,5,13,Loyal Customers
53301,0,1.0,New (0-3m),CRITICAL RISK,9.0,2.0,253.08,2,1,1,Male,1,3,5,9,At Risk
53302,0,9.0,Established (7-12m),STANDARD RISK,3.0,2.0,227.21,3,0,1,Male,3,3,5,11,Potential Loyalists
53303,0,2.0,New (0-3m),STANDARD RISK,6.0,8.0,172.79,4,1,3,Female,2,5,3,10,Potential Loyalists
53304,0,8.0,Established (7-12m),STANDARD RISK,3.0,2.0,162.37,2,0,2,Male,3,3,3,9,At Risk
53305,1,1.0,New (0-3m),STANDARD RISK,8.0,2.0,148.66,3,1,1,Female,1,3,2,6,Lost Customers
53306,0,1.0,New (0-3m),STANDARD RISK,1.0,2.0,142.06,2,0,1,Male,5,3,2,10,Potential Loyalists
53307,0,25.0,Loyal (25m+),STANDARD RISK,18.0,5.0,288.07,3,0,3,Female,1,5,5,11,Potential Loyalists
53308,0,18.0,Mature (13-24m),LOW RISK,4.0,3.0,184.33,4,0,1,Male,3,4,4,11,Potential Loyalists
53309,0,1.0,New (0-3m),STANDARD RISK,2.0,2.0,159.24,5,0,1,Male,4,3,3,10,Potential Loyalists
53310,0,7.0,Established (7-12m),STANDARD RISK,9.0,2.0,165.37,5,0,3,Male,1,3,3,7,At Risk
53311,0,9.0,Established (7-12m),STANDARD RISK,2.0,2.0,150.59,5,0,1,Female,4,3,2,9,At Risk
53312,0,10.0,Established (7-12m),STANDARD RISK,12.0,5.0,187.01,2,1,3,Male,1,5,4,10,Potential Loyalists
53313,0,6.0,Growing (4-6m),MEDIUM RISK,4.0,2.0,169.03,2,0,3,Male,3,3,3,9,At Risk
53314,0,4.0,Growing (4-6m),MEDIUM RISK,4.0,2.0,162.61,2,0,1,Male,3,3,3,9,At Risk
53315,0,27.0,Loyal (25m+),STANDARD RISK,5.0,2.0,234.34,2,1,3,Female,2,3,5,10,Potential Loyalists
53316,0,19.0,Mature (13-24m),STANDARD RISK,3.0,2.0,232.61,5,1,3,Male,3,3,5,11,Potential Loyalists
53317,0,6.0,Growing (4-6m),STANDARD RISK,4.0,2.0,176.75,3,0,1,Female,3,3,4,10,Potential Loyalists
53318,0,26.0,Loyal (25m+),STANDARD RISK,1.0,2.0,263.26,2,0,1,Female,5,3,5,13,Loyal Customers
53319,0,11.0,Established (7-12m),STANDARD RISK,1.0,2.0,188.34,3,0,3,Male,5,3,4,12,Potential Loyalists
53320,0,2.0,New (0-3m),STANDARD RISK,5.0,2.0,174.36,2,0,2,Male,2,3,4,9,At Risk
53321,0,1.0,New (0-3m),STANDARD RISK,3.0,3.0,172.75,2,0,1,Male,3,4,3,10,Potential Loyalists
53322,0,18.0,Mature (13-24m),STANDARD RISK,3.0,2.0,153.18,2,1,1,Male,3,3,2,8,At Risk
53323,0,16.0,Mature (13-24m),STANDARD RISK,3.0,3.0,150.15,2,1,1,Male,3,4,2,9,At Risk
53324,0,10.0,Established (7-12m),STANDARD RISK,4.0,2.0,148.42,5,0,2,Male,3,3,2,8,At Risk
53325,0,1.0,New (0-3m),STANDARD RISK,4.0,2.0,166.94,5,1,3,Male,3,3,3,9,At Risk
53326,0,9.0,Established (7-12m),STANDARD RISK,16.0,2.0,231.85,3,1,1,Female,1,3,5,9,At Risk
53327,1,1.0,New (0-3m),STANDARD RISK,9.0,8.0,145.22,4,1,1,Female,1,5,2,8,At Risk
53328,0,6.0,Growing (4-6m),MEDIUM RISK,3.0,2.0,148.14,2,0,1,Male,3,3,2,8,At Risk
53329,0,1.0,New (0-3m),STANDARD RISK,4.0,2.0,167.56,5,0,3,Male,3,3,3,9,At Risk
53330,0,23.0,Mature (13-24m),LOW RISK,3.0,2.0,160.8,5,0,1,Female,3,3,3,9,At Risk
53331,0,1.0,New (0-3m),STANDARD RISK,5.0,4.0,156.62,2,0,1,Male,2,5,3,10,Potential Loyalists
53332,0,6.0,Growing (4-6m),STANDARD RISK,4.0,6.0,190.24,4,0,3,Male,3,5,4,12,Potential Loyalists
53333,0,12.0,Established (7-12m),STANDARD RISK,3.0,2.0,153.99,4,0,3,Male,3,3,3,9,At Risk
53334,0,16.0,Mature (13-24m),STANDARD RISK,4.0,2.0,177.31,2,1,1,Female,3,3,4,10,Potential Loyalists
53335,0,5.0,Growing (4-6m),MEDIUM RISK,3.0,2.0,148.56,2,1,1,Male,3,3,2,8,At Risk
53336,1,1.0,New (0-3m),STANDARD RISK,3.0,2.0,153.0,3,1,3,Female,3,3,2,8,At Risk
53337,0,27.0,Loyal (25m+),STANDARD RISK,3.0,2.0,243.36,2,0,3,Male,3,3,5,11,Potential Loyalists
53338,0,9.0,Established (7-12m),STANDARD RISK,9.0,2.0,234.03,4,0,1,Male,1,3,5,9,At Risk
53339,0,11.0,Established (7-12m),STANDARD RISK,1.0,2.0,154.73,2,0,3,Female,5,3,3,11,Potential Loyalists
53340,0,27.0,Loyal (25m+),STANDARD RISK,9.0,4.0,267.75,2,0,1,Female,1,5,5,11,Potential Loyalists
53341,0,17.0,Mature (13-24m),STANDARD RISK,3.0,3.0,180.62,2,0,1,Female,3,4,4,11,Potential Loyalists
53342,0,21.0,Mature (13-24m),STANDARD RISK,8.0,8.0,170.37,2,1,3,Female,1,5,3,9,At Risk
53343,0,11.0,Established (7-12m),STANDARD RISK,10.0,2.0,201.42,4,1,3,Male,1,3,4,8,At Risk
53344,0,24.0,Mature (13-24m),LOW RISK,8.0,15.0,304.24,5,0,1,Male,1,5,5,11,Potential Loyalists
53345,0,13.0,Mature (13-24m),STANDARD RISK,5.0,2.0,177.04,2,0,2,Female,2,3,4,9,At Risk
53346,0,7.0,Established (7-12m),STANDARD RISK,4.0,2.0,147.77,4,1,2,Male,3,3,2,8,At Risk
53347,1,1.0,New (0-3m),CRITICAL RISK,2.0,2.0,152.95,2,1,1,Male,4,3,2,9,At Risk
53348,0,3.0,New (0-3m),STANDARD RISK,4.0,2.0,150.32,2,0,1,Female,3,3,2,8,At Risk
53349,0,18.0,Mature (13-24m),STANDARD RISK,2.0,8.0,150.59,5,1,1,Male,4,5,2,11,Potential Loyalists
53350,0,2.0,New (0-3m),STANDARD RISK,3.0,2.0,174.08,2,0,3,Male,3,3,4,10,Potential Loyalists
53351,1,21.0,Mature (13-24m),STANDARD RISK,1.0,2.0,148.8,2,1,1,Male,5,3,2,10,Potential Loyalists
53352,0,17.0,Mature (13-24m),LOW RISK,1.0,2.0,172.65,4,0,1,Female,5,3,3,11,Potential Loyalists
53353,1,1.0,New (0-3m),STANDARD RISK,3.0,2.0,145.44,3,0,3,Female,3,3,2,8,At Risk
53354,1,1.0,New (0-3m),STANDARD RISK,1.0,2.0,151.93,2,0,1,Female,5,3,2,10,Potential Loyalists
53355,0,10.0,Established (7-12m),STANDARD RISK,12.0,5.0,190.86,2,1,1,Male,1,5,4,10,Potential Loyalists
53356,0,21.0,Mature (13-24m),STANDARD RISK,3.0,2.0,157.94,2,1,3,Female,3,3,3,9,At Risk
53357,1,1.0,New (0-3m),STANDARD RISK,3.0,2.0,166.71,3,1,1,Female,3,3,3,9,At Risk
53358,1,5.0,Growing (4-6m),MEDIUM RISK,1.0,2.0,152.78,2,1,1,Female,5,3,2,10,Potential Loyalists
53359,0,2.0,New (0-3m),STANDARD RISK,3.0,3.0,148.77,3,0,1,Female,3,4,2,9,At Risk
53360,1,3.0,New (0-3m),STANDARD RISK,3.0,3.0,149.04,5,1,1,Male,3,4,2,9,At Risk
53361,0,1.0,New (0-3m),STANDARD RISK,1.0,2.0,148.18,3,0,1,Female,5,3,2,10,Potential Loyalists
53362,0,8.0,Established (7-12m),STANDARD RISK,1.0,2.0,145.08,4,0,1,Male,5,3,2,10,Potential Loyalists
53363,0,16.0,Mature (13-24m),STANDARD RISK,4.0,2.0,187.44,3,0,3,Female,3,3,4,10,Potential Loyalists
53364,0,7.0,Established (7-12m),STANDARD RISK,3.0,2.0,152.99,5,1,1,Male,3,3,2,8,At Risk
53365,0,31.0,Loyal (25m+),STANDARD RISK,3.0,2.0,230.52,4,1,1,Female,3,3,5,11,Potential Loyalists
53366,0,5.0,Growing (4-6m),STANDARD RISK,3.0,6.0,148.29,3,0,3,Male,3,5,2,10,Potential Loyalists
53367,0,9.0,Established (7-12m),STANDARD RISK,8.0,2.0,165.14,2,1,1,Female,1,3,3,7,At Risk
53368,0,23.0,Mature (13-24m),LOW RISK,8.0,2.0,199.03,4,0,1,Female,1,3,4,8,At Risk
53369,0,22.0,Mature (13-24m),STANDARD RISK,1.0,2.0,147.59,3,0,1,Male,5,3,2,10,Potential Loyalists
53370,0,5.0,Growing (4-6m),STANDARD RISK,1.0,2.0,194.32,3,0,3,Female,5,3,4,12,Potential Loyalists
53371,0,10.0,Established (7-12m),STANDARD RISK,2.0,2.0,171.78,2,0,1,Male,4,3,3,10,Potential Loyalists
53372,0,12.0,Established (7-12m),STANDARD RISK,12.0,6.0,260.82,5,0,1,Female,1,5,5,11,Potential Loyalists
53373,0,6.0,Growing (4-6m),STANDARD RISK,3.0,2.0,148.32,4,0,1,Female,3,3,2,8,At Risk
53374,1,1.0,New (0-3m),STANDARD RISK,1.0,2.0,149.13,4,1,3,Male,5,3,2,10,Potential Loyalists
53375,0,14.0,Mature (13-24m),LOW RISK,3.0,2.0,222.05,4,0,3,Male,3,3,5,11,Potential Loyalists
53376,0,1.0,New (0-3m),STANDARD RISK,8.0,2.0,167.94,5,0,3,Male,1,3,3,7,At Risk
53377,0,15.0,Mature (13-24m),STANDARD RISK,18.0,3.0,172.21,5,1,1,Male,1,4,3,8,At Risk
53378,0,10.0,Established (7-12m),STANDARD RISK,10.0,4.0,150.19,3,0,1,Male,1,5,2,8,At Risk
53379,1,1.0,New (0-3m),STANDARD RISK,1.0,2.0,146.21,4,1,3,Male,5,3,2,10,Potential Loyalists
53380,1,1.0,New (0-3m),STANDARD RISK,1.0,2.0,154.73,5,0,1,Male,5,3,3,11,Potential Loyalists
53381,0,5.0,Growing (4-6m),MEDIUM RISK,6.0,9.0,183.55,2,1,1,Female,2,5,4,11,Potential Loyalists
53382,0,14.0,Mature (13-24m),STANDARD RISK,1.0,2.0,161.17,4,1,1,Male,5,3,3,11,Potential Loyalists
53383,0,6.0,Growing (4-6m),STANDARD RISK,4.0,7.0,192.25,5,0,1,Female,3,5,4,12,Potential Loyalists
53384,1,1.0,New (0-3m),CRITICAL RISK,3.0,4.0,228.25,2,1,3,Male,3,5,5,13,Loyal Customers
53385,0,7.0,Established (7-12m),STANDARD RISK,5.0,2.0,194.49,2,0,1,Female,2,3,4,9,At Risk
53386,1,1.0,New (0-3m),STANDARD RISK,3.0,12.0,231.09,3,0,3,Male,3,5,5,13,Loyal Customers
53387,0,19.0,Mature (13-24m),LOW RISK,9.0,2.0,169.47,4,0,1,Male,1,3,3,7,At Risk
53388,0,3.0,New (0-3m),STANDARD RISK,3.0,2.0,146.57,2,0,3,Female,3,3,2,8,At Risk
53389,0,9.0,Established (7-12m),STANDARD RISK,1.0,2.0,171.01,3,0,3,Female,5,3,3,11,Potential Loyalists
53390,0,26.0,Loyal (25m+),STANDARD RISK,9.0,8.0,295.99,2,0,1,Male,1,5,5,11,Potential Loyalists
53391,1,21.0,Mature (13-24m),STANDARD RISK,1.0,2.0,149.79,3,0,1,Male,5,3,2,10,Potential Loyalists
53392,0,27.0,Loyal (25m+),STANDARD RISK,3.0,16.0,273.52,3,0,3,Male,3,5,5,13,Loyal Customers
53393,0,4.0,Growing (4-6m),STANDARD RISK,8.0,8.0,197.64,3,0,3,Male,1,5,4,10,Potential Loyalists
53394,0,12.0,Established (7-12m),STANDARD RISK,4.0,2.0,181.66,2,1,3,Female,3,3,4,10,Potential Loyalists
53395,0,9.0,Established (7-12m),STANDARD RISK,9.0,2.0,203.23,2,0,3,Male,1,3,4,8,At Risk
53396,0,13.0,Mature (13-24m),STANDARD RISK,8.0,2.0,203.8,3,0,3,Male,1,3,4,8,At Risk
53397,1,4.0,Growing (4-6m),STANDARD RISK,1.0,2.0,256.94,4,1,3,Female,5,3,5,13,Loyal Customers
53398,0,21.0,Mature (13-24m),STANDARD RISK,8.0,3.0,175.67,3,1,1,Male,1,4,4,9,At Risk
53399,0,10.0,Established (7-12m),STANDARD RISK,8.0,2.0,175.79,2,0,3,Male,1,3,4,8,At Risk
53400,1,1.0,New (0-3m),STANDARD RISK,3.0,2.0,148.21,5,1,1,Male,3,3,2,8,At Risk
53401,0,7.0,Established (7-12m),STANDARD RISK,1.0,7.0,299.44,3,0,3,Male,5,5,5,15,Loyal Customers
53402,1,1.0,New (0-3m),STANDARD RISK,1.0,2.0,149.04,5,1,1,Female,5,3,2,10,Potential Loyalists
53403,0,7.0,Established (7-12m),STANDARD RISK,3.0,2.0,159.52,2,0,1,Female,3,3,3,9,At Risk
53404,0,19.0,Mature (13-24m),STANDARD RISK,3.0,2.0,147.7,2,0,1,Female,3,3,2,8,At Risk
53405,0,24.0,Mature (13-24m),STANDARD RISK,4.0,2.0,298.99,2,0,1,Male,3,3,5,11,Potential Loyalists
53406,0,7.0,Established (7-12m),STANDARD RISK,3.0,2.0,179.88,4,1,1,Female,3,3,4,10,Potential Loyalists
53407,0,15.0,Mature (13-24m),STANDARD RISK,12.0,2.0,319.19,3,0,1,Male,1,3,5,9,At Risk
53408,0,1.0,New (0-3m),STANDARD RISK,3.0,3.0,153.11,4,0,1,Female,3,4,2,9,At Risk
53409,0,19.0,Mature (13-24m),STANDARD RISK,9.0,2.0,161.33,5,1,1,Male,1,3,3,7,At Risk
53410,0,21.0,Mature (13-24m),STANDARD RISK,8.0,2.0,166.63,2,1,3,Female,1,3,3,7,At Risk
53411,1,1.0,New (0-3m),STANDARD RISK,2.0,2.0,146.32,3,1,1,Female,4,3,2,9,At Risk
53412,0,24.0,Mature (13-24m),STANDARD RISK,6.0,2.0,264.73,3,1,1,Male,2,3,5,10,Potential Loyalists
53413,0,12.0,Established (7-12m),STANDARD RISK,3.0,2.0,151.84,3,0,1,Male,3,3,2,8,At Risk
53414,0,20.0,Mature (13-24m),STANDARD RISK,8.0,2.0,233.45,3,0,1,Male,1,3,5,9,At Risk
53415,0,1.0,New (0-3m),STANDARD RISK,3.0,4.0,168.77,3,0,1,Female,3,5,3,11,Potential Loyalists
53416,1,1.0,New (0-3m),STANDARD RISK,3.0,2.0,162.43,4,1,1,Male,3,3,3,9,At Risk
53417,0,5.0,Growing (4-6m),STANDARD RISK,4.0,2.0,166.48,5,0,1,Female,3,3,3,9,At Risk
53418,0,1.0,New (0-3m),STANDARD RISK,1.0,2.0,135.51,2,0,1,Male,5,3,1,9,At Risk
53419,0,28.0,Loyal (25m+),STANDARD RISK,9.0,2.0,232.39,3,0,1,Female,1,3,5,9,At Risk
53420,0,9.0,Established (7-12m),STANDARD RISK,3.0,11.0,228.88,3,1,1,Female,3,5,5,13,Loyal Customers
53421,0,4.0,Growing (4-6m),STANDARD RISK,8.0,2.0,239.16000000000005,5,1,1,Female,1,3,5,9,At Risk
53422,1,1.0,New (0-3m),STANDARD RISK,1.0,2.0,151.0,5,1,1,Female,5,3,2,10,Potential Loyalists
53423,1,1.0,New (0-3m),STANDARD RISK,3.0,2.0,149.22,4,0,1,Female,3,3,2,8,At Risk
53424,0,1.0,New (0-3m),STANDARD RISK,4.0,2.0,179.72,2,0,1,Male,3,3,4,10,Potential Loyalists
53425,0,1.0,New (0-3m),STANDARD RISK,2.0,2.0,149.51,5,0,1,Male,4,3,2,9,At Risk
53426,0,22.0,Mature (13-24m),STANDARD RISK,3.0,3.0,167.4,3,0,1,Male,3,4,3,10,Potential Loyalists
53427,0,22.0,Mature (13-24m),STANDARD RISK,9.0,2.0,234.99,3,0,1,Male,1,3,5,9,At Risk
53428,0,15.0,Mature (13-24m),STANDARD RISK,2.0,3.0,175.03,3,0,1,Female,4,4,4,12,Potential Loyalists
53429,0,13.0,Mature (13-24m),STANDARD RISK,9.0,2.0,252.42,2,0,1,Female,1,3,5,9,At Risk
53430,0,1.0,New (0-3m),STANDARD RISK,3.0,3.0,167.27,2,0,1,Female,3,4,3,10,Potential Loyalists
53431,0,9.0,Established (7-12m),STANDARD RISK,3.0,2.0,164.17,2,0,1,Male,3,3,3,9,At Risk
53432,0,16.0,Mature (13-24m),STANDARD RISK,1.0,2.0,308.03,3,0,3,Male,5,3,5,13,Loyal Customers
53433,0,24.0,Mature (13-24m),STANDARD RISK,1.0,2.0,148.8,2,0,1,Male,5,3,2,10,Potential Loyalists
53434,0,31.0,Loyal (25m+),STANDARD RISK,4.0,5.0,262.26,2,1,1,Female,3,5,5,13,Loyal Customers
53435,1,1.0,New (0-3m),STANDARD RISK,1.0,2.0,172.77,4,0,1,Female,5,3,3,11,Potential Loyalists
53436,0,29.0,Loyal (25m+),STANDARD RISK,8.0,7.0,188.85,4,1,1,Male,1,5,4,10,Potential Loyalists
53437,0,15.0,Mature (13-24m),STANDARD RISK,11.0,6.0,324.73,3,0,1,Female,1,5,5,11,Potential Loyalists
53438,0,12.0,Established (7-12m),STANDARD RISK,1.0,2.0,193.61,2,1,3,Male,5,3,4,12,Potential Loyalists
53439,1,1.0,New (0-3m),STANDARD RISK,3.0,3.0,174.69,5,0,3,Male,3,4,4,11,Potential Loyalists
53440,1,16.0,Mature (13-24m),STANDARD RISK,10.0,7.0,323.45,2,0,3,Female,1,5,5,11,Potential Loyalists
53441,0,18.0,Mature (13-24m),STANDARD RISK,12.0,2.0,258.2,2,1,3,Female,1,3,5,9,At Risk
53442,0,24.0,Mature (13-24m),STANDARD RISK,14.0,2.0,188.47,3,0,3,Female,1,3,4,8,At Risk
53443,1,1.0,New (0-3m),STANDARD RISK,15.0,16.0,152.43,5,0,1,Female,1,5,2,8,At Risk
53444,0,13.0,Mature (13-24m),STANDARD RISK,9.0,2.0,233.8,5,1,1,Female,1,3,5,9,At Risk
53445,0,7.0,Established (7-12m),STANDARD RISK,3.0,3.0,148.42,2,0,3,Female,3,4,2,9,At Risk
53446,0,19.0,Mature (13-24m),STANDARD RISK,2.0,2.0,301.5,2,0,3,Female,4,3,5,12,Potential Loyalists
53447,0,6.0,Growing (4-6m),STANDARD RISK,8.0,8.0,165.25,3,0,1,Female,1,5,3,9,At Risk
53448,0,8.0,Established (7-12m),STANDARD RISK,3.0,2.0,222.25,2,0,3,Male,3,3,5,11,Potential Loyalists
53449,0,31.0,Loyal (25m+),STANDARD RISK,5.0,2.0,244.04,2,1,3,Male,2,3,5,10,Potential Loyalists
53450,0,19.0,Mature (13-24m),LOW RISK,5.0,2.0,146.77,4,0,2,Male,2,3,2,7,At Risk
53451,0,27.0,Loyal (25m+),LOW RISK,13.0,7.0,200.25,4,0,3,Female,1,5,4,10,Potential Loyalists
53452,1,1.0,New (0-3m),STANDARD RISK,1.0,2.0,173.34,3,0,1,Male,5,3,4,12,Potential Loyalists
53453,1,1.0,New (0-3m),STANDARD RISK,3.0,2.0,145.42,5,1,1,Male,3,3,2,8,At Risk
53454,0,8.0,Established (7-12m),STANDARD RISK,1.0,2.0,147.2,3,1,3,Female,5,3,2,10,Potential Loyalists
53455,0,2.0,New (0-3m),STANDARD RISK,1.0,2.0,135.52,4,0,3,Male,5,3,1,9,At Risk
53456,0,12.0,Established (7-12m),STANDARD RISK,3.0,3.0,153.21,3,0,1,Male,3,4,2,9,At Risk
53457,0,24.0,Mature (13-24m),STANDARD RISK,8.0,8.0,317.37,3,1,1,Male,1,5,5,11,Potential Loyalists
53458,0,11.0,Established (7-12m),STANDARD RISK,2.0,2.0,166.07,4,0,1,Female,4,3,3,10,Potential Loyalists
53459,0,14.0,Mature (13-24m),LOW RISK,6.0,8.0,208.96,5,0,3,Male,2,5,5,12,Potential Loyalists
53460,0,1.0,New (0-3m),STANDARD RISK,4.0,2.0,145.07,3,0,1,Female,3,3,2,8,At Risk
53461,0,20.0,Mature (13-24m),STANDARD RISK,3.0,3.0,321.27,2,0,1,Male,3,4,5,12,Potential Loyalists
53462,0,28.0,Loyal (25m+),STANDARD RISK,1.0,2.0,231.86,3,0,3,Female,5,3,5,13,Loyal Customers
53463,0,30.0,Loyal (25m+),STANDARD RISK,4.0,2.0,154.42,3,0,1,Female,3,3,3,9,At Risk
53464,0,10.0,Established (7-12m),STANDARD RISK,3.0,8.0,213.58,2,0,1,Female,3,5,5,13,Loyal Customers
53465,0,29.0,Loyal (25m+),LOW RISK,3.0,7.0,292.56,5,0,1,Male,3,5,5,13,Loyal Customers
53466,0,17.0,Mature (13-24m),STANDARD RISK,1.0,2.0,259.0,2,0,3,Male,5,3,5,13,Loyal Customers
53467,1,1.0,New (0-3m),CRITICAL RISK,3.0,2.0,148.23,2,1,3,Female,3,3,2,8,At Risk
53468,1,1.0,New (0-3m),STANDARD RISK,1.0,2.0,139.16,5,0,1,Female,5,3,1,9,At Risk
53469,0,20.0,Mature (13-24m),STANDARD RISK,8.0,2.0,171.15,5,1,1,Female,1,3,3,7,At Risk
53470,1,15.0,Mature (13-24m),STANDARD RISK,8.0,3.0,149.61,3,1,1,Male,1,4,2,7,At Risk
53471,1,1.0,New (0-3m),STANDARD RISK,3.0,2.0,212.22,5,0,1,Male,3,3,5,11,Potential Loyalists
53472,0,1.0,New (0-3m),STANDARD RISK,4.0,2.0,164.55,5,0,1,Male,3,3,3,9,At Risk
53473,0,4.0,Growing (4-6m),STANDARD RISK,3.0,2.0,224.57,5,0,1,Male,3,3,5,11,Potential Loyalists
53474,0,15.0,Mature (13-24m),STANDARD RISK,9.0,2.0,158.76,3,0,1,Female,1,3,3,7,At Risk
53475,0,12.0,Established (7-12m),STANDARD RISK,3.0,2.0,213.23,3,0,1,Female,3,3,5,11,Potential Loyalists
53476,0,14.0,Mature (13-24m),STANDARD RISK,3.0,12.0,228.22,2,0,1,Male,3,5,5,13,Loyal Customers
53477,0,1.0,New (0-3m),STANDARD RISK,3.0,2.0,171.21,3,0,1,Male,3,3,3,9,At Risk
53478,0,29.0,Loyal (25m+),LOW RISK,3.0,2.0,234.76,4,0,1,Male,3,3,5,11,Potential Loyalists
53479,0,2.0,New (0-3m),STANDARD RISK,8.0,2.0,161.6,3,0,1,Female,1,3,3,7,At Risk
53480,1,8.0,Established (7-12m),STANDARD RISK,3.0,4.0,229.82,5,0,2,Male,3,5,5,13,Loyal Customers
53481,0,7.0,Established (7-12m),STANDARD RISK,3.0,2.0,196.19,2,0,1,Male,3,3,4,10,Potential Loyalists
53482,1,1.0,New (0-3m),STANDARD RISK,3.0,5.0,220.82,5,1,3,Male,3,5,5,13,Loyal Customers
53483,1,1.0,New (0-3m),STANDARD RISK,9.0,4.0,170.08,3,0,1,Female,1,5,3,9,At Risk
53484,0,2.0,New (0-3m),STANDARD RISK,3.0,3.0,147.07,3,0,1,Male,3,4,2,9,At Risk
53485,0,8.0,Established (7-12m),STANDARD RISK,5.0,2.0,202.56,2,0,1,Male,2,3,4,9,At Risk
53486,0,11.0,Established (7-12m),STANDARD RISK,1.0,2.0,191.94,2,1,3,Female,5,3,4,12,Potential Loyalists
53487,1,1.0,New (0-3m),CRITICAL RISK,7.0,6.0,161.91,2,1,1,Male,2,5,3,10,Potential Loyalists
53488,1,1.0,New (0-3m),STANDARD RISK,1.0,2.0,148.77,3,0,1,Male,5,3,2,10,Potential Loyalists
53489,1,1.0,New (0-3m),STANDARD RISK,3.0,3.0,148.13,4,1,1,Male,3,4,2,9,At Risk
53490,0,16.0,Mature (13-24m),LOW RISK,8.0,14.0,301.65,5,0,1,Male,1,5,5,11,Potential Loyalists
53491,1,1.0,New (0-3m),STANDARD RISK,1.0,2.0,150.96,4,0,1,Male,5,3,2,10,Potential Loyalists
53492,1,14.0,Mature (13-24m),STANDARD RISK,1.0,2.0,172.28,3,1,3,Male,5,3,3,11,Potential Loyalists
53493,0,7.0,Established (7-12m),STANDARD RISK,3.0,2.0,168.02,4,0,3,Female,3,3,3,9,At Risk
53494,0,8.0,Established (7-12m),STANDARD RISK,1.0,2.0,154.79,2,0,1,Male,5,3,3,11,Potential Loyalists
53495,0,22.0,Mature (13-24m),STANDARD RISK,2.0,3.0,293.85,2,0,1,Male,4,4,5,13,Loyal Customers
53496,0,19.0,Mature (13-24m),STANDARD RISK,13.0,5.0,180.93,3,0,3,Female,1,5,4,10,Potential Loyalists
53497,0,26.0,Loyal (25m+),LOW RISK,3.0,5.0,229.45,4,0,1,Male,3,5,5,13,Loyal Customers
53498,0,12.0,Established (7-12m),STANDARD RISK,3.0,3.0,212.4,3,1,3,Male,3,4,5,12,Potential Loyalists
53499,0,3.0,New (0-3m),STANDARD RISK,8.0,2.0,150.14,2,0,1,Female,1,3,2,6,Lost Customers
53500,0,2.0,New (0-3m),STANDARD RISK,8.0,2.0,201.55,4,0,1,Female,1,3,4,8,At Risk
53501,0,20.0,Mature (13-24m),STANDARD RISK,10.0,5.0,299.65,3,0,3,Male,1,5,5,11,Potential Loyalists
53502,0,12.0,Established (7-12m),STANDARD RISK,1.0,2.0,198.51,4,0,3,Male,5,3,4,12,Potential Loyalists
53503,0,17.0,Mature (13-24m),LOW RISK,2.0,2.0,233.2,5,0,1,Female,4,3,5,12,Potential Loyalists
53504,1,3.0,New (0-3m),STANDARD RISK,6.0,2.0,246.69,2,0,1,Male,2,3,5,10,Potential Loyalists
53505,0,14.0,Mature (13-24m),STANDARD RISK,10.0,5.0,321.26,3,0,1,Male,1,5,5,11,Potential Loyalists
53506,0,1.0,New (0-3m),STANDARD RISK,3.0,3.0,145.7,4,1,1,Female,3,4,2,9,At Risk
53507,0,13.0,Mature (13-24m),LOW RISK,4.0,2.0,192.82,4,0,1,Male,3,3,4,10,Potential Loyalists
53508,0,10.0,Established (7-12m),STANDARD RISK,10.0,2.0,202.79,2,0,1,Male,1,3,4,8,At Risk
53509,0,5.0,Growing (4-6m),MEDIUM RISK,3.0,3.0,152.91,2,0,3,Male,3,4,2,9,At Risk
53510,0,2.0,New (0-3m),STANDARD RISK,5.0,2.0,157.01,4,0,1,Male,2,3,3,8,At Risk
53511,0,9.0,Established (7-12m),STANDARD RISK,3.0,2.0,174.68,2,0,3,Male,3,3,4,10,Potential Loyalists
53512,0,23.0,Mature (13-24m),LOW RISK,4.0,2.0,256.2,4,0,3,Male,3,3,5,11,Potential Loyalists
53513,0,8.0,Established (7-12m),STANDARD RISK,3.0,2.0,165.33,3,0,1,Male,3,3,3,9,At Risk
53514,0,3.0,New (0-3m),STANDARD RISK,2.0,2.0,157.91,4,0,1,Female,4,3,3,10,Potential Loyalists
53515,0,16.0,Mature (13-24m),STANDARD RISK,1.0,2.0,167.72,2,0,1,Male,5,3,3,11,Potential Loyalists
53516,0,3.0,New (0-3m),CRITICAL RISK,3.0,2.0,175.56,2,1,1,Male,3,3,4,10,Potential Loyalists
53517,0,12.0,Established (7-12m),STANDARD RISK,1.0,6.0,153.44,3,0,2,Male,5,5,2,12,Potential Loyalists
53518,0,5.0,Growing (4-6m),STANDARD RISK,3.0,2.0,152.03,3,1,1,Male,3,3,2,8,At Risk
53519,1,1.0,New (0-3m),STANDARD RISK,1.0,2.0,144.04,3,0,1,Male,5,3,2,10,Potential Loyalists
53520,1,1.0,New (0-3m),STANDARD RISK,4.0,2.0,207.24,5,1,3,Female,3,3,4,10,Potential Loyalists
53521,0,15.0,Mature (13-24m),STANDARD RISK,1.0,2.0,172.66,2,1,1,Male,5,3,3,11,Potential Loyalists
53522,1,1.0,New (0-3m),STANDARD RISK,3.0,3.0,151.1,3,0,1,Male,3,4,2,9,At Risk
53523,0,11.0,Established (7-12m),STANDARD RISK,4.0,2.0,182.31,2,0,1,Female,3,3,4,10,Potential Loyalists
53524,0,1.0,New (0-3m),STANDARD RISK,3.0,3.0,150.39,3,0,1,Male,3,4,2,9,At Risk
53525,0,8.0,Established (7-12m),STANDARD RISK,4.0,2.0,182.14,3,0,3,Female,3,3,4,10,Potential Loyalists
53526,0,9.0,Established (7-12m),STANDARD RISK,5.0,2.0,168.23,3,0,2,Male,2,3,3,8,At Risk
53527,1,1.0,New (0-3m),STANDARD RISK,11.0,4.0,198.36,5,0,3,Female,1,5,4,10,Potential Loyalists
53528,0,14.0,Mature (13-24m),STANDARD RISK,14.0,2.0,259.99,3,0,1,Female,1,3,5,9,At Risk
53529,1,6.0,Growing (4-6m),STANDARD RISK,15.0,14.0,262.58,5,1,3,Male,1,5,5,11,Potential Loyalists
53530,0,16.0,Mature (13-24m),LOW RISK,6.0,2.0,176.55,5,0,3,Male,2,3,4,9,At Risk
53531,0,9.0,Established (7-12m),STANDARD RISK,8.0,2.0,147.58,3,0,1,Male,1,3,2,6,Lost Customers
53532,0,1.0,New (0-3m),STANDARD RISK,3.0,2.0,160.97,4,0,1,Male,3,3,3,9,At Risk
53533,1,1.0,New (0-3m),CRITICAL RISK,1.0,2.0,150.15,2,1,1,Female,5,3,2,10,Potential Loyalists
53534,0,1.0,New (0-3m),STANDARD RISK,8.0,2.0,169.2,2,0,1,Male,1,3,3,7,At Risk
53535,0,4.0,Growing (4-6m),STANDARD RISK,5.0,2.0,190.78,3,0,3,Male,2,3,4,9,At Risk
53536,0,14.0,Mature (13-24m),STANDARD RISK,1.0,2.0,169.22,2,1,1,Female,5,3,3,11,Potential Loyalists
53537,0,9.0,Established (7-12m),STANDARD RISK,3.0,7.0,227.74,4,0,1,Male,3,5,5,13,Loyal Customers
53538,0,8.0,Established (7-12m),STANDARD RISK,10.0,5.0,178.43,5,0,1,Male,1,5,4,10,Potential Loyalists
53539,0,9.0,Established (7-12m),STANDARD RISK,3.0,3.0,148.76,2,0,1,Male,3,4,2,9,At Risk
53540,1,7.0,Established (7-12m),STANDARD RISK,4.0,2.0,178.46,3,0,3,Female,3,3,4,10,Potential Loyalists
53541,0,6.0,Growing (4-6m),STANDARD RISK,1.0,2.0,153.27,5,0,3,Female,5,3,2,10,Potential Loyalists
53542,0,30.0,Loyal (25m+),LOW RISK,3.0,5.0,324.43,5,0,1,Female,3,5,5,13,Loyal Customers
53543,0,3.0,New (0-3m),STANDARD RISK,9.0,2.0,156.31,2,0,1,Female,1,3,3,7,At Risk
53544,0,1.0,New (0-3m),STANDARD RISK,1.0,2.0,150.52,5,0,1,Male,5,3,2,10,Potential Loyalists
53545,0,19.0,Mature (13-24m),STANDARD RISK,3.0,2.0,169.77,3,1,1,Female,3,3,3,9,At Risk
53546,0,11.0,Established (7-12m),STANDARD RISK,12.0,4.0,189.74,2,0,1,Female,1,5,4,10,Potential Loyalists
53547,0,1.0,New (0-3m),STANDARD RISK,3.0,2.0,155.33,3,0,1,Male,3,3,3,9,At Risk
53548,1,8.0,Established (7-12m),STANDARD RISK,3.0,2.0,154.36,3,1,1,Male,3,3,3,9,At Risk
53549,0,27.0,Loyal (25m+),STANDARD RISK,8.0,5.0,311.06,3,0,1,Female,1,5,5,11,Potential Loyalists
53550,0,3.0,New (0-3m),CRITICAL RISK,4.0,2.0,146.68,2,1,1,Female,3,3,2,8,At Risk
53551,1,1.0,New (0-3m),CRITICAL RISK,1.0,2.0,153.53,2,1,1,Male,5,3,2,10,Potential Loyalists
53552,0,20.0,Mature (13-24m),LOW RISK,10.0,16.0,295.48,5,0,3,Female,1,5,5,11,Potential Loyalists
53553,0,18.0,Mature (13-24m),STANDARD RISK,1.0,2.0,147.9,3,0,1,Male,5,3,2,10,Potential Loyalists
53554,0,7.0,Established (7-12m),STANDARD RISK,5.0,2.0,161.0,3,0,2,Male,2,3,3,8,At Risk
53555,1,5.0,Growing (4-6m),STANDARD RISK,1.0,2.0,146.07,5,0,1,Male,5,3,2,10,Potential Loyalists
53556,0,4.0,Growing (4-6m),STANDARD RISK,4.0,2.0,166.15,5,0,3,Male,3,3,3,9,At Risk
53557,0,14.0,Mature (13-24m),LOW RISK,1.0,2.0,168.27,4,0,3,Male,5,3,3,11,Potential Loyalists
53558,0,24.0,Mature (13-24m),LOW RISK,3.0,3.0,303.56,5,0,1,Female,3,4,5,12,Potential Loyalists
53559,0,2.0,New (0-3m),STANDARD RISK,4.0,4.0,156.96,5,0,1,Male,3,5,3,11,Potential Loyalists
53560,0,20.0,Mature (13-24m),LOW RISK,4.0,2.0,315.81,4,0,1,Male,3,3,5,11,Potential Loyalists
53561,0,9.0,Established (7-12m),STANDARD RISK,3.0,2.0,214.66,5,1,3,Male,3,3,5,11,Potential Loyalists
53562,1,1.0,New (0-3m),STANDARD RISK,1.0,2.0,147.1,4,0,1,Female,5,3,2,10,Potential Loyalists
53563,0,7.0,Established (7-12m),STANDARD RISK,2.0,2.0,170.39,3,0,3,Female,4,3,3,10,Potential Loyalists
53564,0,10.0,Established (7-12m),STANDARD RISK,8.0,2.0,152.41,3,0,1,Male,1,3,2,6,Lost Customers
53565,0,4.0,Growing (4-6m),STANDARD RISK,10.0,9.0,159.91,3,0,1,Male,1,5,3,9,At Risk
53566,0,18.0,Mature (13-24m),STANDARD RISK,18.0,2.0,170.41,2,0,1,Male,1,3,3,7,At Risk
53567,0,1.0,New (0-3m),STANDARD RISK,3.0,3.0,151.78,2,0,3,Male,3,4,2,9,At Risk
53568,0,20.0,Mature (13-24m),STANDARD RISK,5.0,2.0,198.79,2,0,1,Male,2,3,4,9,At Risk
53569,0,16.0,Mature (13-24m),LOW RISK,4.0,2.0,187.72,5,0,2,Male,3,3,4,10,Potential Loyalists
53570,0,31.0,Loyal (25m+),STANDARD RISK,10.0,2.0,177.2,2,1,3,Male,1,3,4,8,At Risk
53571,0,6.0,Growing (4-6m),STANDARD RISK,3.0,3.0,152.43,4,0,1,Female,3,4,2,9,At Risk
53572,0,6.0,Growing (4-6m),STANDARD RISK,8.0,2.0,174.98,3,1,1,Female,1,3,4,8,At Risk
53573,0,10.0,Established (7-12m),STANDARD RISK,3.0,8.0,227.52,5,1,1,Female,3,5,5,13,Loyal Customers
53574,0,7.0,Established (7-12m),STANDARD RISK,11.0,5.0,152.81,2,0,1,Male,1,5,2,8,At Risk
53575,0,14.0,Mature (13-24m),LOW RISK,4.0,2.0,193.52,4,0,3,Female,3,3,4,10,Potential Loyalists
53576,0,1.0,New (0-3m),STANDARD RISK,2.0,2.0,174.5,2,0,3,Male,4,3,4,11,Potential Loyalists
53577,0,4.0,Growing (4-6m),STANDARD RISK,8.0,6.0,160.79,4,1,1,Male,1,5,3,9,At Risk
53578,0,16.0,Mature (13-24m),STANDARD RISK,1.0,2.0,256.91,5,1,1,Female,5,3,5,13,Loyal Customers
53579,0,9.0,Established (7-12m),STANDARD RISK,3.0,5.0,228.77,2,1,3,Female,3,5,5,13,Loyal Customers
53580,0,1.0,New (0-3m),STANDARD RISK,9.0,7.0,147.35,5,1,1,Male,1,5,2,8,At Risk
53581,0,28.0,Loyal (25m+),STANDARD RISK,3.0,2.0,230.02,3,0,1,Female,3,3,5,11,Potential Loyalists
53582,0,18.0,Mature (13-24m),STANDARD RISK,8.0,8.0,145.11,2,0,1,Female,1,5,2,8,At Risk
53583,1,1.0,New (0-3m),STANDARD RISK,1.0,2.0,143.59,4,1,1,Female,5,3,2,10,Potential Loyalists
53584,0,3.0,New (0-3m),STANDARD RISK,3.0,2.0,162.6,2,0,1,Female,3,3,3,9,At Risk
53585,0,28.0,Loyal (25m+),STANDARD RISK,10.0,2.0,302.79,2,0,1,Male,1,3,5,9,At Risk
53586,0,5.0,Growing (4-6m),STANDARD RISK,2.0,2.0,193.33,5,1,1,Male,4,3,4,11,Potential Loyalists
53587,0,5.0,Growing (4-6m),STANDARD RISK,9.0,2.0,193.12,5,0,1,Female,1,3,4,8,At Risk
53588,0,31.0,Loyal (25m+),STANDARD RISK,6.0,2.0,176.71,2,0,3,Female,2,3,4,9,At Risk
53589,0,17.0,Mature (13-24m),STANDARD RISK,8.0,2.0,322.4,2,0,1,Male,1,3,5,9,At Risk
53590,0,23.0,Mature (13-24m),STANDARD RISK,1.0,2.0,312.11,3,0,1,Male,5,3,5,13,Loyal Customers
53591,0,10.0,Established (7-12m),STANDARD RISK,8.0,2.0,161.92,4,0,1,Male,1,3,3,7,At Risk
53592,0,22.0,Mature (13-24m),LOW RISK,1.0,2.0,150.59,4,0,1,Male,5,3,2,10,Potential Loyalists
53593,0,1.0,New (0-3m),STANDARD RISK,4.0,2.0,150.17,3,0,1,Male,3,3,2,8,At Risk
53594,0,3.0,New (0-3m),CRITICAL RISK,1.0,2.0,191.23,2,1,1,Male,5,3,4,12,Potential Loyalists
53595,0,22.0,Mature (13-24m),STANDARD RISK,1.0,2.0,307.65,2,0,1,Male,5,3,5,13,Loyal Customers
53596,0,3.0,New (0-3m),STANDARD RISK,8.0,2.0,286.24,2,0,1,Female,1,3,5,9,At Risk
53597,0,8.0,Established (7-12m),STANDARD RISK,1.0,2.0,150.85,3,0,1,Female,5,3,2,10,Potential Loyalists
53598,0,18.0,Mature (13-24m),LOW RISK,11.0,4.0,307.13,4,0,3,Male,1,5,5,11,Potential Loyalists
53599,0,7.0,Established (7-12m),STANDARD RISK,9.0,2.0,208.8,3,1,3,Male,1,3,4,8,At Risk
53600,0,1.0,New (0-3m),CRITICAL RISK,2.0,2.0,154.94,2,1,1,Female,4,3,3,10,Potential Loyalists
53601,0,1.0,New (0-3m),STANDARD RISK,2.0,2.0,137.23,3,0,1,Male,4,3,1,8,At Risk
53602,1,1.0,New (0-3m),CRITICAL RISK,1.0,2.0,136.18,2,1,3,Male,5,3,1,9,At Risk
53603,0,1.0,New (0-3m),CRITICAL RISK,3.0,3.0,153.75,2,1,1,Male,3,4,3,10,Potential Loyalists
53604,1,9.0,Established (7-12m),STANDARD RISK,12.0,2.0,313.24,4,1,3,Female,1,3,5,9,At Risk
53605,0,29.0,Loyal (25m+),STANDARD RISK,1.0,16.0,260.77,4,1,1,Male,5,5,5,15,Loyal Customers
53606,1,1.0,New (0-3m),STANDARD RISK,3.0,3.0,151.25,3,0,1,Female,3,4,2,9,At Risk
53607,0,20.0,Mature (13-24m),LOW RISK,9.0,2.0,312.89,4,0,3,Female,1,3,5,9,At Risk
53608,0,8.0,Established (7-12m),STANDARD RISK,3.0,2.0,170.38,5,1,3,Female,3,3,3,9,At Risk
53609,0,25.0,Loyal (25m+),STANDARD RISK,11.0,12.0,323.47,4,1,3,Male,1,5,5,11,Potential Loyalists
53610,0,31.0,Loyal (25m+),STANDARD RISK,3.0,6.0,230.12,2,0,1,Male,3,5,5,13,Loyal Customers
53611,0,8.0,Established (7-12m),STANDARD RISK,11.0,6.0,169.44,4,0,1,Female,1,5,3,9,At Risk
53612,0,2.0,New (0-3m),STANDARD RISK,3.0,2.0,146.54,3,1,1,Male,3,3,2,8,At Risk
53613,0,18.0,Mature (13-24m),LOW RISK,14.0,15.0,316.9,5,0,1,Male,1,5,5,11,Potential Loyalists
53614,0,8.0,Established (7-12m),STANDARD RISK,9.0,2.0,169.9,4,0,2,Male,1,3,3,7,At Risk
53615,0,9.0,Established (7-12m),STANDARD RISK,3.0,3.0,160.06,3,1,1,Male,3,4,3,10,Potential Loyalists
53616,0,16.0,Mature (13-24m),STANDARD RISK,1.0,2.0,148.72,4,1,1,Female,5,3,2,10,Potential Loyalists
53617,0,17.0,Mature (13-24m),STANDARD RISK,3.0,16.0,227.31,2,0,3,Female,3,5,5,13,Loyal Customers
53618,0,10.0,Established (7-12m),STANDARD RISK,13.0,6.0,179.1,4,1,1,Female,1,5,4,10,Potential Loyalists
53619,1,8.0,Established (7-12m),STANDARD RISK,6.0,2.0,204.78,2,0,1,Female,2,3,4,9,At Risk
53620,0,2.0,New (0-3m),CRITICAL RISK,3.0,3.0,163.67,2,1,1,Male,3,4,3,10,Potential Loyalists
53621,0,25.0,Loyal (25m+),STANDARD RISK,8.0,8.0,153.38,3,0,1,Female,1,5,2,8,At Risk
53622,0,4.0,Growing (4-6m),STANDARD RISK,8.0,2.0,171.95,3,1,1,Female,1,3,3,7,At Risk
53623,1,1.0,New (0-3m),STANDARD RISK,8.0,8.0,158.39,3,1,1,Female,1,5,3,9,At Risk
53624,0,2.0,New (0-3m),STANDARD RISK,3.0,2.0,145.8,5,0,1,Male,3,3,2,8,At Risk
53625,0,1.0,New (0-3m),STANDARD RISK,2.0,3.0,145.96,4,0,1,Female,4,4,2,10,Potential Loyalists
53626,0,6.0,Growing (4-6m),MEDIUM RISK,9.0,2.0,187.09,2,0,3,Male,1,3,4,8,At Risk
53627,0,19.0,Mature (13-24m),LOW RISK,1.0,2.0,305.61,4,0,1,Female,5,3,5,13,Loyal Customers
53628,0,13.0,Mature (13-24m),STANDARD RISK,3.0,16.0,296.23,4,1,1,Female,3,5,5,13,Loyal Customers
53629,0,31.0,Loyal (25m+),STANDARD RISK,3.0,3.0,148.72,3,0,1,Male,3,4,2,9,At Risk
53630,1,1.0,New (0-3m),STANDARD RISK,2.0,2.0,173.83,3,0,1,Male,4,3,4,11,Potential Loyalists
53631,1,3.0,New (0-3m),STANDARD RISK,4.0,2.0,164.04,5,0,1,Male,3,3,3,9,At Risk
53632,0,4.0,Growing (4-6m),MEDIUM RISK,8.0,7.0,171.27,2,0,1,Female,1,5,3,9,At Risk
53633,0,10.0,Established (7-12m),STANDARD RISK,8.0,2.0,195.94,3,0,1,Female,1,3,4,8,At Risk
53634,0,20.0,Mature (13-24m),LOW RISK,8.0,6.0,159.23,5,0,2,Female,1,5,3,9,At Risk
53635,0,2.0,New (0-3m),STANDARD RISK,6.0,8.0,191.74,2,0,1,Female,2,5,4,11,Potential Loyalists
53636,0,24.0,Mature (13-24m),STANDARD RISK,3.0,2.0,293.8,5,1,1,Female,3,3,5,11,Potential Loyalists
53637,1,4.0,Growing (4-6m),STANDARD RISK,3.0,2.0,215.94,4,1,3,Male,3,3,5,11,Potential Loyalists
53638,1,16.0,Mature (13-24m),STANDARD RISK,3.0,8.0,209.46,4,1,3,Male,3,5,5,13,Loyal Customers
53639,0,4.0,Growing (4-6m),STANDARD RISK,9.0,2.0,244.16000000000005,5,1,1,Female,1,3,5,9,At Risk
53640,0,13.0,Mature (13-24m),STANDARD RISK,8.0,2.0,170.34,3,0,1,Male,1,3,3,7,At Risk
53641,0,5.0,Growing (4-6m),STANDARD RISK,3.0,10.0,223.52,3,1,3,Female,3,5,5,13,Loyal Customers
53642,0,15.0,Mature (13-24m),LOW RISK,10.0,12.0,186.51,4,0,3,Male,1,5,4,10,Potential Loyalists
53643,1,1.0,New (0-3m),STANDARD RISK,3.0,3.0,148.02,4,1,3,Female,3,4,2,9,At Risk
53644,1,8.0,Established (7-12m),STANDARD RISK,3.0,2.0,148.62,5,0,1,Male,3,3,2,8,At Risk
53645,0,16.0,Mature (13-24m),STANDARD RISK,11.0,3.0,303.61,3,1,1,Male,1,4,5,10,Potential Loyalists
53646,0,29.0,Loyal (25m+),STANDARD RISK,12.0,10.0,316.87,3,0,1,Female,1,5,5,11,Potential Loyalists
53647,0,30.0,Loyal (25m+),LOW RISK,8.0,8.0,322.17,4,0,2,Male,1,5,5,11,Potential Loyalists
53648,0,14.0,Mature (13-24m),STANDARD RISK,1.0,2.0,160.44,3,0,1,Male,5,3,3,11,Potential Loyalists
53649,0,8.0,Established (7-12m),STANDARD RISK,3.0,2.0,210.0,2,0,1,Male,3,3,5,11,Potential Loyalists
53650,0,14.0,Mature (13-24m),STANDARD RISK,9.0,9.0,171.61,2,0,1,Male,1,5,3,9,At Risk
53651,0,15.0,Mature (13-24m),LOW RISK,8.0,2.0,166.03,5,0,3,Female,1,3,3,7,At Risk
53652,0,9.0,Established (7-12m),STANDARD RISK,2.0,2.0,167.49,3,1,1,Male,4,3,3,10,Potential Loyalists
53653,0,25.0,Loyal (25m+),STANDARD RISK,11.0,2.0,265.26,4,1,2,Male,1,3,5,9,At Risk
53654,0,12.0,Established (7-12m),STANDARD RISK,8.0,2.0,193.93,5,0,3,Female,1,3,4,8,At Risk
53655,0,8.0,Established (7-12m),STANDARD RISK,7.0,10.0,186.25,5,0,3,Female,2,5,4,11,Potential Loyalists
53656,0,1.0,New (0-3m),STANDARD RISK,3.0,2.0,161.69,2,0,1,Male,3,3,3,9,At Risk
53657,1,21.0,Mature (13-24m),STANDARD RISK,3.0,6.0,225.08,5,1,1,Female,3,5,5,13,Loyal Customers
53658,0,14.0,Mature (13-24m),LOW RISK,4.0,2.0,148.87,4,0,1,Male,3,3,2,8,At Risk
53659,0,10.0,Established (7-12m),STANDARD RISK,14.0,7.0,171.39,5,0,3,Female,1,5,3,9,At Risk
53660,0,22.0,Mature (13-24m),STANDARD RISK,9.0,2.0,203.98,2,0,1,Male,1,3,4,8,At Risk
53661,0,1.0,New (0-3m),STANDARD RISK,1.0,2.0,150.34,2,0,3,Female,5,3,2,10,Potential Loyalists
53662,0,25.0,Loyal (25m+),LOW RISK,4.0,2.0,256.42,4,0,1,Female,3,3,5,11,Potential Loyalists
53663,0,1.0,New (0-3m),STANDARD RISK,1.0,2.0,141.11,2,0,1,Female,5,3,2,10,Potential Loyalists
53664,0,9.0,Established (7-12m),STANDARD RISK,1.0,2.0,178.63,2,0,1,Female,5,3,4,12,Potential Loyalists
53665,0,1.0,New (0-3m),STANDARD RISK,1.0,2.0,175.71,2,0,3,Male,5,3,4,12,Potential Loyalists
53666,1,19.0,Mature (13-24m),STANDARD RISK,9.0,4.0,261.95,3,1,3,Male,1,5,5,11,Potential Loyalists
53667,0,30.0,Loyal (25m+),STANDARD RISK,10.0,2.0,259.02,4,1,1,Male,1,3,5,9,At Risk
53668,0,8.0,Established (7-12m),STANDARD RISK,1.0,2.0,145.29,3,0,1,Female,5,3,2,10,Potential Loyalists
53669,0,14.0,Mature (13-24m),STANDARD RISK,9.0,12.0,188.77,3,0,1,Female,1,5,4,10,Potential Loyalists
53670,0,8.0,Established (7-12m),STANDARD RISK,8.0,8.0,179.29,3,0,1,Male,1,5,4,10,Potential Loyalists
53671,1,1.0,New (0-3m),STANDARD RISK,1.0,2.0,152.85,2,0,3,Female,5,3,2,10,Potential Loyalists
53672,1,1.0,New (0-3m),STANDARD RISK,3.0,4.0,171.14,3,1,3,Female,3,5,3,11,Potential Loyalists
53673,0,12.0,Established (7-12m),STANDARD RISK,4.0,2.0,151.1,3,0,1,Male,3,3,2,8,At Risk
53674,0,8.0,Established (7-12m),STANDARD RISK,12.0,5.0,191.87,2,0,1,Female,1,5,4,10,Potential Loyalists
53675,0,2.0,New (0-3m),STANDARD RISK,5.0,2.0,172.24,5,0,3,Male,2,3,3,8,At Risk
53676,1,1.0,New (0-3m),STANDARD RISK,8.0,7.0,186.79,3,1,1,Male,1,5,4,10,Potential Loyalists
53677,0,13.0,Mature (13-24m),STANDARD RISK,5.0,2.0,186.2,2,1,3,Male,2,3,4,9,At Risk
53678,0,25.0,Loyal (25m+),LOW RISK,3.0,4.0,230.96,4,0,3,Male,3,5,5,13,Loyal Customers
53679,0,15.0,Mature (13-24m),STANDARD RISK,4.0,4.0,179.67,2,1,1,Female,3,5,4,12,Potential Loyalists
53680,0,11.0,Established (7-12m),STANDARD RISK,4.0,2.0,154.96,3,1,1,Male,3,3,3,9,At Risk
53681,0,7.0,Established (7-12m),STANDARD RISK,3.0,2.0,224.98,2,0,3,Male,3,3,5,11,Potential Loyalists
53682,0,6.0,Growing (4-6m),STANDARD RISK,3.0,2.0,165.78,4,1,3,Male,3,3,3,9,At Risk
53683,0,13.0,Mature (13-24m),STANDARD RISK,6.0,2.0,234.2,3,0,1,Male,2,3,5,10,Potential Loyalists
53684,0,1.0,New (0-3m),STANDARD RISK,3.0,2.0,187.32,3,0,3,Male,3,3,4,10,Potential Loyalists
53685,0,26.0,Loyal (25m+),STANDARD RISK,3.0,2.0,257.47,3,1,1,Female,3,3,5,11,Potential Loyalists
53686,0,17.0,Mature (13-24m),STANDARD RISK,9.0,2.0,165.81,3,1,1,Female,1,3,3,7,At Risk
53687,0,1.0,New (0-3m),CRITICAL RISK,5.0,5.0,182.69,2,1,3,Female,2,5,4,11,Potential Loyalists
53688,1,1.0,New (0-3m),STANDARD RISK,8.0,8.0,148.94,3,1,1,Female,1,5,2,8,At Risk
53689,0,1.0,New (0-3m),STANDARD RISK,2.0,2.0,164.04,2,0,1,Male,4,3,3,10,Potential Loyalists
53690,0,16.0,Mature (13-24m),LOW RISK,10.0,2.0,292.99,5,0,2,Female,1,3,5,9,At Risk
53691,0,26.0,Loyal (25m+),LOW RISK,5.0,2.0,154.5,5,0,1,Female,2,3,3,8,At Risk
53692,0,11.0,Established (7-12m),STANDARD RISK,3.0,2.0,161.29,3,0,1,Female,3,3,3,9,At Risk
53693,0,9.0,Established (7-12m),STANDARD RISK,3.0,3.0,218.62,2,0,1,Male,3,4,5,12,Potential Loyalists
53694,0,1.0,New (0-3m),STANDARD RISK,3.0,2.0,157.29,2,0,1,Male,3,3,3,9,At Risk
53695,0,1.0,New (0-3m),STANDARD RISK,8.0,2.0,160.78,5,0,1,Male,1,3,3,7,At Risk
53696,0,3.0,New (0-3m),STANDARD RISK,10.0,2.0,204.88,5,0,2,Male,1,3,4,8,At Risk
53697,1,1.0,New (0-3m),STANDARD RISK,4.0,2.0,167.84,5,0,1,Male,3,3,3,9,At Risk
53698,1,1.0,New (0-3m),CRITICAL RISK,8.0,8.0,200.53,2,1,1,Female,1,5,4,10,Potential Loyalists
53699,0,28.0,Loyal (25m+),STANDARD RISK,8.0,13.0,298.28,2,0,1,Female,1,5,5,11,Potential Loyalists
53700,0,31.0,Loyal (25m+),STANDARD RISK,6.0,2.0,322.01,5,1,1,Female,2,3,5,10,Potential Loyalists
53701,0,29.0,Loyal (25m+),STANDARD RISK,1.0,2.0,272.32,2,0,1,Male,5,3,5,13,Loyal Customers
53702,0,10.0,Established (7-12m),STANDARD RISK,3.0,2.0,217.78,4,1,3,Female,3,3,5,11,Potential Loyalists
53703,1,1.0,New (0-3m),STANDARD RISK,1.0,2.0,138.59,3,0,3,Female,5,3,1,9,At Risk
53704,0,4.0,Growing (4-6m),STANDARD RISK,3.0,2.0,172.79,5,0,3,Female,3,3,3,9,At Risk
53705,0,5.0,Growing (4-6m),STANDARD RISK,1.0,2.0,289.22,4,0,1,Female,5,3,5,13,Loyal Customers
53706,0,8.0,Established (7-12m),STANDARD RISK,4.0,2.0,154.96,5,0,1,Male,3,3,3,9,At Risk
53707,1,1.0,New (0-3m),STANDARD RISK,1.0,2.0,137.61,4,0,1,Female,5,3,1,9,At Risk
53708,0,1.0,New (0-3m),STANDARD RISK,5.0,2.0,145.99,5,0,1,Male,2,3,2,7,At Risk
53709,0,10.0,Established (7-12m),STANDARD RISK,9.0,2.0,183.1,2,0,1,Male,1,3,4,8,At Risk
53710,0,10.0,Established (7-12m),STANDARD RISK,3.0,2.0,181.47,5,0,3,Female,3,3,4,10,Potential Loyalists
53711,0,21.0,Mature (13-24m),STANDARD RISK,3.0,2.0,159.2,2,0,1,Male,3,3,3,9,At Risk
53712,1,1.0,New (0-3m),STANDARD RISK,3.0,3.0,169.0,5,0,3,Male,3,4,3,10,Potential Loyalists
53713,0,11.0,Established (7-12m),STANDARD RISK,4.0,2.0,160.0,3,0,1,Male,3,3,3,9,At Risk
53714,0,30.0,Loyal (25m+),LOW RISK,1.0,2.0,145.66,5,0,1,Female,5,3,2,10,Potential Loyalists
53715,0,21.0,Mature (13-24m),STANDARD RISK,7.0,6.0,296.69,3,0,1,Female,2,5,5,12,Potential Loyalists
53716,0,1.0,New (0-3m),STANDARD RISK,4.0,2.0,166.62,3,1,3,Female,3,3,3,9,At Risk
53717,0,6.0,Growing (4-6m),MEDIUM RISK,3.0,2.0,217.04,2,0,3,Male,3,3,5,11,Potential Loyalists
53718,0,8.0,Established (7-12m),STANDARD RISK,3.0,2.0,157.94,4,0,1,Female,3,3,3,9,At Risk
53719,0,15.0,Mature (13-24m),STANDARD RISK,4.0,2.0,146.27,3,1,1,Male,3,3,2,8,At Risk
53720,0,14.0,Mature (13-24m),STANDARD RISK,8.0,2.0,164.75,3,0,1,Male,1,3,3,7,At Risk
53721,0,5.0,Growing (4-6m),MEDIUM RISK,10.0,2.0,232.93,2,0,3,Male,1,3,5,9,At Risk
53722,1,10.0,Established (7-12m),STANDARD RISK,3.0,5.0,225.96,1,0,3,Male,3,5,5,13,Loyal Customers
53723,1,3.0,New (0-3m),STANDARD RISK,1.0,2.0,161.46,5,1,1,Female,5,3,3,11,Potential Loyalists
53724,1,1.0,New (0-3m),STANDARD RISK,8.0,5.0,199.46,4,0,1,Female,1,5,4,10,Potential Loyalists
53725,0,19.0,Mature (13-24m),STANDARD RISK,8.0,2.0,233.51,5,1,1,Male,1,3,5,9,At Risk
53726,0,5.0,Growing (4-6m),STANDARD RISK,3.0,2.0,146.09,4,0,2,Female,3,3,2,8,At Risk
53727,1,1.0,New (0-3m),CRITICAL RISK,3.0,3.0,162.22,1,1,1,Male,3,4,3,10,Potential Loyalists
53728,0,19.0,Mature (13-24m),STANDARD RISK,3.0,2.0,218.8,1,1,1,Male,3,3,5,11,Potential Loyalists
53729,0,22.0,Mature (13-24m),LOW RISK,3.0,3.0,179.86,5,0,3,Male,3,4,4,11,Potential Loyalists
53730,1,1.0,New (0-3m),STANDARD RISK,3.0,3.0,152.42,3,0,2,Female,3,4,2,9,At Risk
53731,0,14.0,Mature (13-24m),LOW RISK,9.0,5.0,262.57,4,0,1,Male,1,5,5,11,Potential Loyalists
53732,0,2.0,New (0-3m),STANDARD RISK,3.0,2.0,209.63,5,0,3,Male,3,3,5,11,Potential Loyalists
53733,0,18.0,Mature (13-24m),STANDARD RISK,4.0,2.0,156.62,3,0,1,Male,3,3,3,9,At Risk
53734,0,27.0,Loyal (25m+),LOW RISK,9.0,9.0,290.98,4,0,1,Male,1,5,5,11,Potential Loyalists
53735,0,23.0,Mature (13-24m),STANDARD RISK,3.0,2.0,191.51,3,0,1,Male,3,3,4,10,Potential Loyalists
53736,0,14.0,Mature (13-24m),STANDARD RISK,3.0,2.0,148.45,3,0,1,Male,3,3,2,8,At Risk
53737,0,18.0,Mature (13-24m),LOW RISK,4.0,2.0,159.2,4,0,1,Male,3,3,3,9,At Risk
53738,0,7.0,Established (7-12m),STANDARD RISK,4.0,2.0,168.73,5,0,3,Male,3,3,3,9,At Risk
53739,0,8.0,Established (7-12m),STANDARD RISK,13.0,4.0,172.59,5,0,3,Male,1,5,3,9,At Risk
53740,0,4.0,Growing (4-6m),STANDARD RISK,3.0,3.0,178.01,3,0,3,Male,3,4,4,11,Potential Loyalists
53741,0,16.0,Mature (13-24m),STANDARD RISK,9.0,6.0,161.73,1,0,1,Female,1,5,3,9,At Risk
53742,0,18.0,Mature (13-24m),STANDARD RISK,1.0,2.0,172.68,3,0,3,Female,5,3,3,11,Potential Loyalists
53743,0,4.0,Growing (4-6m),STANDARD RISK,1.0,2.0,137.74,3,0,1,Male,5,3,1,9,At Risk
53744,0,51.0,Loyal (25m+),STANDARD RISK,9.0,3.0,174.0,3,0,1,Male,1,4,4,9,At Risk
53745,0,23.0,Mature (13-24m),LOW RISK,3.0,2.0,229.66,4,0,1,Male,3,3,5,11,Potential Loyalists
53746,0,8.0,Established (7-12m),STANDARD RISK,10.0,7.0,295.07,5,0,1,Male,1,5,5,11,Potential Loyalists
53747,1,1.0,New (0-3m),STANDARD RISK,3.0,2.0,154.09,3,0,3,Male,3,3,3,9,At Risk
53748,1,1.0,New (0-3m),STANDARD RISK,1.0,2.0,182.65,4,0,3,Female,5,3,4,12,Potential Loyalists
53749,1,1.0,New (0-3m),STANDARD RISK,11.0,11.0,170.99,4,1,3,Female,1,5,3,9,At Risk
53750,0,9.0,Established (7-12m),STANDARD RISK,1.0,2.0,149.04,3,0,3,Male,5,3,2,10,Potential Loyalists
53751,1,1.0,New (0-3m),STANDARD RISK,1.0,2.0,156.72,5,1,1,Male,5,3,3,11,Potential Loyalists
53752,0,1.0,New (0-3m),STANDARD RISK,1.0,2.0,145.33,4,0,3,Female,5,3,2,10,Potential Loyalists
53753,0,18.0,Mature (13-24m),STANDARD RISK,3.0,3.0,227.09,3,1,1,Male,3,4,5,12,Potential Loyalists
53754,0,3.0,New (0-3m),STANDARD RISK,3.0,2.0,211.2,3,0,3,Male,3,3,5,11,Potential Loyalists
53755,0,4.0,Growing (4-6m),STANDARD RISK,4.0,2.0,145.64,3,0,2,Male,2,3,2,7,At Risk
53756,0,29.0,Loyal (25m+),STANDARD RISK,3.0,2.0,165.35,3,1,1,Male,3,3,3,9,At Risk
53757,0,7.0,Established (7-12m),STANDARD RISK,3.0,2.0,163.38,4,0,1,Female,3,3,3,9,At Risk
53758,0,21.0,Mature (13-24m),STANDARD RISK,3.0,2.0,170.91,3,1,3,Female,3,3,3,9,At Risk
53759,1,1.0,New (0-3m),STANDARD RISK,1.0,2.0,150.61,5,0,1,Male,5,3,2,10,Potential Loyalists
53760,0,2.0,New (0-3m),STANDARD RISK,1.0,2.0,140.63,3,0,1,Male,5,3,1,9,At Risk
53761,0,2.0,New (0-3m),STANDARD RISK,4.0,2.0,173.98,5,0,3,Male,2,3,4,9,At Risk
53762,0,23.0,Mature (13-24m),LOW RISK,3.0,2.0,172.89,5,0,1,Female,3,3,3,9,At Risk
53763,0,3.0,New (0-3m),STANDARD RISK,3.0,2.0,156.8,4,0,1,Female,3,3,3,9,At Risk
53764,0,2.0,New (0-3m),STANDARD RISK,8.0,2.0,190.49,4,0,1,Male,1,3,4,8,At Risk
53765,0,7.0,Established (7-12m),STANDARD RISK,1.0,2.0,188.88,3,1,1,Male,5,3,4,12,Potential Loyalists
53766,0,6.0,Growing (4-6m),MEDIUM RISK,1.0,2.0,237.44,1,0,1,Male,5,3,5,13,Loyal Customers
53767,0,28.0,Loyal (25m+),STANDARD RISK,13.0,2.0,285.32,1,0,1,Female,1,3,5,9,At Risk
53768,1,1.0,New (0-3m),STANDARD RISK,8.0,2.0,148.62,5,0,1,Male,1,3,2,6,Lost Customers
53769,0,18.0,Mature (13-24m),LOW RISK,18.0,15.0,288.28,5,0,1,Male,1,5,5,11,Potential Loyalists
53770,0,13.0,Mature (13-24m),LOW RISK,3.0,3.0,208.76,4,0,1,Female,3,4,4,11,Potential Loyalists
53771,0,20.0,Mature (13-24m),LOW RISK,2.0,6.0,291.06,4,0,3,Female,4,5,5,14,Loyal Customers
53772,0,9.0,Established (7-12m),STANDARD RISK,3.0,4.0,211.06,4,0,1,Female,3,5,5,13,Loyal Customers
53773,0,1.0,New (0-3m),STANDARD RISK,3.0,2.0,147.72,3,0,1,Male,3,3,2,8,At Risk
53774,1,4.0,Growing (4-6m),STANDARD RISK,1.0,2.0,145.18,5,0,1,Male,5,3,2,10,Potential Loyalists
53775,0,8.0,Established (7-12m),STANDARD RISK,7.0,9.0,195.83,3,1,3,Male,2,5,4,11,Potential Loyalists
53776,1,1.0,New (0-3m),STANDARD RISK,8.0,8.0,165.84,3,0,1,Female,1,5,3,9,At Risk
53777,0,24.0,Mature (13-24m),STANDARD RISK,10.0,14.0,269.11,1,1,1,Male,1,5,5,11,Potential Loyalists
53778,0,8.0,Established (7-12m),STANDARD RISK,8.0,6.0,148.08,3,1,3,Male,1,5,2,8,At Risk
53779,0,16.0,Mature (13-24m),LOW RISK,1.0,2.0,173.41,4,0,1,Male,5,3,4,12,Potential Loyalists
53780,0,11.0,Established (7-12m),STANDARD RISK,8.0,4.0,167.85,1,0,1,Male,1,5,3,9,At Risk
53781,0,3.0,New (0-3m),STANDARD RISK,3.0,2.0,222.15,5,0,1,Female,3,3,5,11,Potential Loyalists
53782,0,7.0,Established (7-12m),STANDARD RISK,3.0,2.0,168.2,4,0,1,Male,3,3,3,9,At Risk
53783,0,19.0,Mature (13-24m),STANDARD RISK,4.0,2.0,146.32,1,0,1,Male,2,3,2,7,At Risk
53784,0,16.0,Mature (13-24m),STANDARD RISK,3.0,14.0,226.24,1,1,1,Male,3,5,5,13,Loyal Customers
53785,0,14.0,Mature (13-24m),LOW RISK,2.0,8.0,179.73,5,0,3,Male,4,5,4,13,Loyal Customers
53786,0,7.0,Established (7-12m),STANDARD RISK,8.0,6.0,177.07,3,1,1,Male,1,5,4,10,Potential Loyalists
53787,0,14.0,Mature (13-24m),STANDARD RISK,8.0,8.0,289.37,1,1,2,Male,1,5,5,11,Potential Loyalists
53788,0,1.0,New (0-3m),STANDARD RISK,1.0,2.0,147.96,5,0,1,Male,5,3,2,10,Potential Loyalists
53789,0,14.0,Mature (13-24m),STANDARD RISK,3.0,3.0,165.69,1,1,1,Male,3,4,3,10,Potential Loyalists
53790,0,19.0,Mature (13-24m),LOW RISK,8.0,8.0,199.41,4,0,1,Male,1,5,4,10,Potential Loyalists
53791,0,9.0,Established (7-12m),STANDARD RISK,3.0,5.0,149.3,3,0,3,Female,3,5,2,10,Potential Loyalists
53792,0,6.0,Growing (4-6m),STANDARD RISK,6.0,3.0,183.78,4,0,1,Female,2,4,4,10,Potential Loyalists
53793,0,10.0,Established (7-12m),STANDARD RISK,3.0,2.0,151.44,1,1,3,Male,3,3,2,8,At Risk
53794,0,22.0,Mature (13-24m),STANDARD RISK,8.0,8.0,189.39,3,0,3,Female,1,5,4,10,Potential Loyalists
53795,0,3.0,New (0-3m),STANDARD RISK,1.0,2.0,149.51,3,0,1,Male,5,3,2,10,Potential Loyalists
53796,0,7.0,Established (7-12m),STANDARD RISK,3.0,3.0,188.92,5,0,3,Male,3,4,4,11,Potential Loyalists
53797,1,1.0,New (0-3m),STANDARD RISK,3.0,7.0,222.14,5,0,3,Male,3,5,5,13,Loyal Customers
53798,0,12.0,Established (7-12m),STANDARD RISK,3.0,2.0,185.77,3,0,2,Male,3,3,4,10,Potential Loyalists
53799,0,9.0,Established (7-12m),STANDARD RISK,3.0,2.0,149.5,5,0,1,Male,3,3,2,8,At Risk
53800,0,4.0,Growing (4-6m),STANDARD RISK,3.0,2.0,217.5,4,0,3,Male,3,3,5,11,Potential Loyalists
53801,1,1.0,New (0-3m),STANDARD RISK,1.0,2.0,145.74,5,1,1,Female,5,3,2,10,Potential Loyalists
53802,1,17.0,Mature (13-24m),STANDARD RISK,3.0,2.0,226.69,1,0,1,Female,3,3,5,11,Potential Loyalists
53803,1,2.0,New (0-3m),STANDARD RISK,5.0,2.0,173.55,4,0,1,Male,2,3,4,9,At Risk
53804,0,6.0,Growing (4-6m),STANDARD RISK,3.0,2.0,165.87,5,0,1,Male,3,3,3,9,At Risk
53805,0,22.0,Mature (13-24m),LOW RISK,7.0,8.0,148.67,5,0,1,Female,2,5,2,9,At Risk
53806,0,8.0,Established (7-12m),STANDARD RISK,1.0,2.0,154.72,1,0,1,Male,5,3,3,11,Potential Loyalists
53807,0,29.0,Loyal (25m+),STANDARD RISK,14.0,3.0,320.86,1,0,3,Male,1,4,5,10,Potential Loyalists
53808,0,8.0,Established (7-12m),STANDARD RISK,2.0,3.0,179.84,1,0,1,Male,4,4,4,12,Potential Loyalists
53809,0,1.0,New (0-3m),STANDARD RISK,1.0,2.0,145.61,1,0,1,Female,5,3,2,10,Potential Loyalists
53810,0,12.0,Established (7-12m),STANDARD RISK,3.0,8.0,224.24,4,0,3,Male,3,5,5,13,Loyal Customers
53811,0,12.0,Established (7-12m),STANDARD RISK,3.0,2.0,166.98,4,0,3,Female,3,3,3,9,At Risk
53812,0,10.0,Established (7-12m),STANDARD RISK,1.0,2.0,193.15,3,0,3,Female,5,3,4,12,Potential Loyalists
53813,0,3.0,New (0-3m),STANDARD RISK,6.0,2.0,172.23,5,1,1,Male,2,3,3,8,At Risk
53814,0,9.0,Established (7-12m),STANDARD RISK,5.0,2.0,186.42,3,1,1,Female,2,3,4,9,At Risk
53815,0,13.0,Mature (13-24m),STANDARD RISK,7.0,8.0,207.37,3,0,3,Male,2,5,4,11,Potential Loyalists
53816,0,3.0,New (0-3m),STANDARD RISK,3.0,2.0,213.53,1,0,1,Male,3,3,5,11,Potential Loyalists
53817,0,24.0,Mature (13-24m),STANDARD RISK,1.0,2.0,318.31,3,1,3,Male,5,3,5,13,Loyal Customers
53818,0,1.0,New (0-3m),STANDARD RISK,3.0,3.0,145.73,3,0,1,Male,3,4,2,9,At Risk
53819,0,10.0,Established (7-12m),STANDARD RISK,3.0,2.0,180.62,5,1,1,Male,3,3,4,10,Potential Loyalists
53820,0,16.0,Mature (13-24m),STANDARD RISK,2.0,2.0,321.13,1,0,1,Male,4,3,5,12,Potential Loyalists
53821,0,9.0,Established (7-12m),STANDARD RISK,9.0,7.0,159.07,3,0,1,Male,1,5,3,9,At Risk
53822,0,8.0,Established (7-12m),STANDARD RISK,8.0,8.0,175.63,3,0,1,Male,1,5,4,10,Potential Loyalists
53823,0,14.0,Mature (13-24m),LOW RISK,3.0,2.0,171.39,5,0,3,Female,3,3,3,9,At Risk
53824,0,17.0,Mature (13-24m),LOW RISK,3.0,2.0,173.76,4,0,1,Male,3,3,4,10,Potential Loyalists
53825,0,9.0,Established (7-12m),STANDARD RISK,2.0,2.0,151.9,1,0,1,Male,4,3,2,9,At Risk
53826,0,20.0,Mature (13-24m),LOW RISK,13.0,2.0,300.67,5,0,3,Male,1,3,5,9,At Risk
53827,1,1.0,New (0-3m),STANDARD RISK,1.0,2.0,149.08,4,1,1,Male,5,3,2,10,Potential Loyalists
53828,0,1.0,New (0-3m),STANDARD RISK,4.0,2.0,153.14,3,1,1,Female,2,3,2,7,At Risk
53829,0,24.0,Mature (13-24m),STANDARD RISK,14.0,2.0,237.45,3,1,1,Male,1,3,5,9,At Risk
53830,0,6.0,Growing (4-6m),MEDIUM RISK,3.0,2.0,158.12,1,0,1,Female,3,3,3,9,At Risk
53831,0,18.0,Mature (13-24m),STANDARD RISK,11.0,2.0,315.49,1,1,1,Female,1,3,5,9,At Risk
53832,0,4.0,Growing (4-6m),STANDARD RISK,2.0,2.0,146.41,4,0,1,Male,4,3,2,9,At Risk
53833,0,19.0,Mature (13-24m),STANDARD RISK,5.0,2.0,182.69,5,1,1,Female,2,3,4,9,At Risk
53834,0,19.0,Mature (13-24m),LOW RISK,6.0,5.0,168.85,5,0,3,Male,2,5,3,10,Potential Loyalists
53835,0,5.0,Growing (4-6m),STANDARD RISK,4.0,2.0,178.32,5,0,3,Male,2,3,4,9,At Risk
53836,0,10.0,Established (7-12m),STANDARD RISK,2.0,2.0,171.63,3,1,1,Female,4,3,3,10,Potential Loyalists
53837,0,8.0,Established (7-12m),STANDARD RISK,3.0,8.0,172.24,1,0,1,Male,3,5,3,11,Potential Loyalists
53838,0,23.0,Mature (13-24m),LOW RISK,5.0,2.0,157.11,5,0,1,Female,2,3,3,8,At Risk
53839,0,13.0,Mature (13-24m),LOW RISK,8.0,8.0,178.77,5,0,1,Male,1,5,4,10,Potential Loyalists
53840,0,1.0,New (0-3m),STANDARD RISK,8.0,2.0,165.66,5,0,1,Male,1,3,3,7,At Risk
53841,0,9.0,Established (7-12m),STANDARD RISK,11.0,2.0,177.08,5,0,1,Male,1,3,4,8,At Risk
53842,0,2.0,New (0-3m),STANDARD RISK,1.0,2.0,25.0,5,0,1,Female,5,3,1,9,At Risk
53843,0,1.0,New (0-3m),STANDARD RISK,3.0,3.0,156.17,1,0,1,Male,3,4,3,10,Potential Loyalists
53844,1,1.0,New (0-3m),CRITICAL RISK,1.0,2.0,140.69,1,1,3,Female,5,3,1,9,At Risk
53845,0,21.0,Mature (13-24m),STANDARD RISK,1.0,2.0,321.58,3,0,2,Female,5,3,5,13,Loyal Customers
53846,0,13.0,Mature (13-24m),STANDARD RISK,8.0,2.0,155.69,3,0,1,Male,1,3,3,7,At Risk
53847,0,14.0,Mature (13-24m),STANDARD RISK,3.0,15.0,229.35,3,0,1,Female,3,5,5,13,Loyal Customers
53848,0,9.0,Established (7-12m),STANDARD RISK,10.0,3.0,166.48,3,0,1,Female,1,4,3,8,At Risk
53849,0,11.0,Established (7-12m),STANDARD RISK,3.0,2.0,182.68,3,0,1,Male,3,3,4,10,Potential Loyalists
53850,0,13.0,Mature (13-24m),STANDARD RISK,9.0,4.0,175.42,3,0,1,Female,1,5,4,10,Potential Loyalists
53851,0,19.0,Mature (13-24m),STANDARD RISK,10.0,4.0,182.7,1,0,1,Female,1,5,4,10,Potential Loyalists
53852,0,12.0,Established (7-12m),STANDARD RISK,3.0,2.0,202.56,3,1,1,Female,3,3,4,10,Potential Loyalists
53853,1,1.0,New (0-3m),STANDARD RISK,3.0,7.0,228.06,5,0,3,Male,3,5,5,13,Loyal Customers
53854,0,11.0,Established (7-12m),STANDARD RISK,8.0,8.0,164.36,4,0,1,Female,1,5,3,9,At Risk
53855,0,14.0,Mature (13-24m),STANDARD RISK,4.0,4.0,204.45,1,1,1,Female,2,5,4,11,Potential Loyalists
53856,0,18.0,Mature (13-24m),STANDARD RISK,3.0,2.0,182.43,1,1,2,Male,3,3,4,10,Potential Loyalists
53857,0,22.0,Mature (13-24m),STANDARD RISK,3.0,3.0,277.02,1,0,1,Male,3,4,5,12,Potential Loyalists
53858,1,1.0,New (0-3m),CRITICAL RISK,3.0,3.0,179.4,1,1,3,Male,3,4,4,11,Potential Loyalists
53859,0,1.0,New (0-3m),CRITICAL RISK,4.0,2.0,162.6,1,1,1,Female,2,3,3,8,At Risk
53860,0,1.0,New (0-3m),STANDARD RISK,3.0,2.0,160.17,3,0,1,Female,3,3,3,9,At Risk
53861,0,1.0,New (0-3m),STANDARD RISK,3.0,2.0,150.8,1,0,1,Male,3,3,2,8,At Risk
53862,1,4.0,Growing (4-6m),STANDARD RISK,4.0,2.0,146.66,5,1,1,Male,2,3,2,7,At Risk
53863,0,3.0,New (0-3m),STANDARD RISK,5.0,2.0,183.69,3,0,3,Male,2,3,4,9,At Risk
53864,0,10.0,Established (7-12m),STANDARD RISK,3.0,2.0,205.08,5,0,1,Female,3,3,4,10,Potential Loyalists
53865,0,1.0,New (0-3m),STANDARD RISK,8.0,2.0,177.06,3,0,1,Male,1,3,4,8,At Risk
53866,0,13.0,Mature (13-24m),LOW RISK,1.0,2.0,177.95,4,0,1,Male,5,3,4,12,Potential Loyalists
53867,0,23.0,Mature (13-24m),LOW RISK,3.0,2.0,289.13,4,0,1,Female,3,3,5,11,Potential Loyalists
53868,0,24.0,Mature (13-24m),LOW RISK,12.0,2.0,257.69,5,0,1,Female,1,3,5,9,At Risk
53869,0,1.0,New (0-3m),STANDARD RISK,3.0,3.0,152.83,3,0,3,Female,3,4,2,9,At Risk
53870,0,8.0,Established (7-12m),STANDARD RISK,10.0,8.0,179.33,4,0,1,Female,1,5,4,10,Potential Loyalists
53871,0,10.0,Established (7-12m),STANDARD RISK,4.0,2.0,145.13,4,0,1,Male,2,3,2,7,At Risk
53872,0,23.0,Mature (13-24m),STANDARD RISK,13.0,3.0,264.66,3,1,1,Female,1,4,5,10,Potential Loyalists
53873,0,10.0,Established (7-12m),STANDARD RISK,3.0,2.0,168.74,3,0,1,Female,3,3,3,9,At Risk
53874,0,10.0,Established (7-12m),STANDARD RISK,5.0,2.0,193.42,5,0,1,Male,2,3,4,9,At Risk
53875,0,28.0,Loyal (25m+),STANDARD RISK,8.0,5.0,299.26,3,0,1,Female,1,5,5,11,Potential Loyalists
53876,0,17.0,Mature (13-24m),STANDARD RISK,12.0,7.0,301.03,3,0,1,Male,1,5,5,11,Potential Loyalists
53877,1,1.0,New (0-3m),CRITICAL RISK,8.0,7.0,170.81,1,1,3,Male,1,5,3,9,At Risk
53878,0,12.0,Established (7-12m),STANDARD RISK,10.0,3.0,172.35,1,0,1,Male,1,4,3,8,At Risk
53879,0,3.0,New (0-3m),STANDARD RISK,10.0,2.0,166.87,4,1,3,Male,1,3,3,7,At Risk
53880,0,7.0,Established (7-12m),STANDARD RISK,5.0,2.0,180.05,1,0,3,Male,2,3,4,9,At Risk
53881,0,6.0,Growing (4-6m),STANDARD RISK,7.0,2.0,179.7,4,0,1,Male,2,3,4,9,At Risk
53882,0,5.0,Growing (4-6m),MEDIUM RISK,3.0,2.0,179.76,1,0,3,Female,3,3,4,10,Potential Loyalists
53883,0,23.0,Mature (13-24m),STANDARD RISK,3.0,3.0,150.87,5,1,1,Female,3,4,2,9,At Risk
53884,0,12.0,Established (7-12m),STANDARD RISK,4.0,4.0,149.4,4,0,1,Female,2,5,2,9,At Risk
53885,0,21.0,Mature (13-24m),LOW RISK,3.0,2.0,284.72,4,0,3,Female,3,3,5,11,Potential Loyalists
53886,0,23.0,Mature (13-24m),STANDARD RISK,1.0,2.0,278.79,3,0,1,Male,5,3,5,13,Loyal Customers
53887,0,15.0,Mature (13-24m),STANDARD RISK,3.0,2.0,195.82,3,1,3,Male,3,3,4,10,Potential Loyalists
53888,0,1.0,New (0-3m),STANDARD RISK,3.0,2.0,152.28,5,0,3,Male,3,3,2,8,At Risk
53889,0,7.0,Established (7-12m),STANDARD RISK,3.0,2.0,178.68,1,1,3,Female,3,3,4,10,Potential Loyalists
53890,0,10.0,Established (7-12m),STANDARD RISK,3.0,2.0,178.47,3,0,1,Male,3,3,4,10,Potential Loyalists
53891,0,18.0,Mature (13-24m),STANDARD RISK,3.0,3.0,156.95,1,1,2,Female,3,4,3,10,Potential Loyalists
53892,1,1.0,New (0-3m),STANDARD RISK,3.0,2.0,164.89,3,1,1,Male,3,3,3,9,At Risk
53893,0,12.0,Established (7-12m),STANDARD RISK,1.0,2.0,158.06,3,0,1,Female,5,3,3,11,Potential Loyalists
53894,0,27.0,Loyal (25m+),STANDARD RISK,3.0,2.0,195.05,1,0,1,Male,3,3,4,10,Potential Loyalists
53895,1,12.0,Established (7-12m),STANDARD RISK,8.0,8.0,151.55,3,1,3,Female,1,5,2,8,At Risk
53896,1,1.0,New (0-3m),STANDARD RISK,1.0,2.0,138.93,4,0,1,Male,5,3,1,9,At Risk
53897,0,1.0,New (0-3m),STANDARD RISK,8.0,6.0,150.7,1,0,1,Male,1,5,2,8,At Risk
53898,0,29.0,Loyal (25m+),LOW RISK,3.0,2.0,160.37,4,0,1,Male,3,3,3,9,At Risk
53899,0,8.0,Established (7-12m),STANDARD RISK,14.0,5.0,164.86,1,0,1,Male,1,5,3,9,At Risk
53900,0,31.0,Loyal (25m+),STANDARD RISK,1.0,2.0,233.83,1,0,1,Male,5,3,5,13,Loyal Customers
53901,0,7.0,Established (7-12m),STANDARD RISK,14.0,3.0,145.28,4,0,1,Male,1,4,2,7,At Risk
53902,0,11.0,Established (7-12m),STANDARD RISK,3.0,2.0,220.25,1,0,3,Male,3,3,5,11,Potential Loyalists
53903,0,8.0,Established (7-12m),STANDARD RISK,8.0,9.0,154.29,1,0,1,Female,1,5,3,9,At Risk
53904,1,1.0,New (0-3m),CRITICAL RISK,3.0,2.0,147.75,1,1,3,Male,3,3,2,8,At Risk
53905,0,18.0,Mature (13-24m),STANDARD RISK,8.0,7.0,203.79,1,1,1,Female,1,5,4,10,Potential Loyalists
53906,0,9.0,Established (7-12m),STANDARD RISK,5.0,2.0,174.3,1,1,1,Male,2,3,4,9,At Risk
53907,0,17.0,Mature (13-24m),STANDARD RISK,9.0,9.0,203.47,1,1,3,Male,1,5,4,10,Potential Loyalists
53908,0,1.0,New (0-3m),STANDARD RISK,5.0,2.0,169.01,3,0,1,Male,2,3,3,8,At Risk
53909,0,15.0,Mature (13-24m),STANDARD RISK,3.0,9.0,217.41,3,0,3,Male,3,5,5,13,Loyal Customers
53910,0,3.0,New (0-3m),STANDARD RISK,3.0,2.0,154.74,3,0,1,Female,3,3,3,9,At Risk
53911,0,10.0,Established (7-12m),STANDARD RISK,8.0,7.0,170.02,1,0,3,Female,1,5,3,9,At Risk
53912,0,19.0,Mature (13-24m),STANDARD RISK,5.0,2.0,232.48,3,0,1,Male,2,3,5,10,Potential Loyalists
53913,1,1.0,New (0-3m),STANDARD RISK,1.0,2.0,140.55,3,0,2,Male,5,3,1,9,At Risk
53914,1,11.0,Established (7-12m),STANDARD RISK,11.0,2.0,254.36,3,0,3,Male,1,3,5,9,At Risk
53915,0,1.0,New (0-3m),STANDARD RISK,3.0,2.0,148.05,3,0,1,Male,3,3,2,8,At Risk
53916,0,19.0,Mature (13-24m),LOW RISK,7.0,9.0,292.04,4,0,1,Female,2,5,5,12,Potential Loyalists
53917,0,6.0,Growing (4-6m),STANDARD RISK,4.0,2.0,159.33,3,0,1,Male,2,3,3,8,At Risk
53918,0,5.0,Growing (4-6m),STANDARD RISK,4.0,2.0,159.77,3,0,1,Male,2,3,3,8,At Risk
53919,0,15.0,Mature (13-24m),LOW RISK,3.0,2.0,189.3,4,0,2,Male,3,3,4,10,Potential Loyalists
53920,0,14.0,Mature (13-24m),STANDARD RISK,1.0,2.0,190.16,5,1,1,Female,5,3,4,12,Potential Loyalists
53921,0,1.0,New (0-3m),STANDARD RISK,3.0,2.0,164.07,5,0,1,Male,3,3,3,9,At Risk
53922,0,20.0,Mature (13-24m),LOW RISK,10.0,2.0,180.62,4,0,1,Male,1,3,4,8,At Risk
53923,0,9.0,Established (7-12m),STANDARD RISK,8.0,2.0,193.83,3,0,1,Male,1,3,4,8,At Risk
53924,0,4.0,Growing (4-6m),MEDIUM RISK,9.0,2.0,153.62,1,0,1,Male,1,3,2,6,Lost Customers
53925,0,21.0,Mature (13-24m),LOW RISK,1.0,2.0,174.78,4,0,3,Male,5,3,4,12,Potential Loyalists
53926,0,20.0,Mature (13-24m),STANDARD RISK,3.0,2.0,228.68,1,1,3,Male,3,3,5,11,Potential Loyalists
53927,1,1.0,New (0-3m),STANDARD RISK,3.0,3.0,186.34,5,1,3,Male,3,4,4,11,Potential Loyalists
53928,1,1.0,New (0-3m),STANDARD RISK,1.0,2.0,192.35,4,0,3,Male,5,3,4,12,Potential Loyalists
53929,0,1.0,New (0-3m),STANDARD RISK,3.0,2.0,157.95,4,0,1,Female,3,3,3,9,At Risk
53930,0,5.0,Growing (4-6m),MEDIUM RISK,5.0,2.0,177.38,1,0,1,Female,2,3,4,9,At Risk
53931,0,13.0,Mature (13-24m),STANDARD RISK,9.0,6.0,189.72,1,1,1,Male,1,5,4,10,Potential Loyalists
53932,0,6.0,Growing (4-6m),STANDARD RISK,3.0,2.0,221.1,3,0,3,Male,3,3,5,11,Potential Loyalists
53933,0,14.0,Mature (13-24m),LOW RISK,9.0,13.0,323.33,4,0,3,Male,1,5,5,11,Potential Loyalists
53934,0,19.0,Mature (13-24m),STANDARD RISK,3.0,2.0,222.56,3,0,2,Female,3,3,5,11,Potential Loyalists
53935,0,4.0,Growing (4-6m),STANDARD RISK,8.0,2.0,174.68,5,0,1,Female,1,3,4,8,At Risk
53936,0,1.0,New (0-3m),STANDARD RISK,2.0,3.0,146.45,1,0,2,Male,4,4,2,10,Potential Loyalists
53937,1,1.0,New (0-3m),STANDARD RISK,3.0,2.0,146.8,1,0,2,Female,3,3,2,8,At Risk
53938,0,5.0,Growing (4-6m),STANDARD RISK,3.0,2.0,208.46,3,0,3,Male,3,3,4,10,Potential Loyalists
53939,0,1.0,New (0-3m),STANDARD RISK,5.0,2.0,159.45,1,0,1,Female,2,3,3,8,At Risk
53940,1,1.0,New (0-3m),STANDARD RISK,3.0,3.0,152.6,4,0,3,Female,3,4,2,9,At Risk
53941,0,3.0,New (0-3m),STANDARD RISK,3.0,2.0,187.94,3,1,1,Male,3,3,4,10,Potential Loyalists
53942,0,4.0,Growing (4-6m),STANDARD RISK,8.0,2.0,196.4,5,0,3,Male,1,3,4,8,At Risk
53943,0,8.0,Established (7-12m),STANDARD RISK,3.0,2.0,154.32,1,1,1,Male,3,3,3,9,At Risk
53944,0,7.0,Established (7-12m),STANDARD RISK,8.0,2.0,176.47,4,0,3,Female,1,3,4,8,At Risk
53945,0,23.0,Mature (13-24m),STANDARD RISK,5.0,2.0,170.07,1,0,3,Female,2,3,3,8,At Risk
53946,1,1.0,New (0-3m),STANDARD RISK,3.0,2.0,210.64,5,1,3,Female,3,3,5,11,Potential Loyalists
53947,0,12.0,Established (7-12m),STANDARD RISK,6.0,2.0,149.68,4,0,1,Female,2,3,2,7,At Risk
53948,1,1.0,New (0-3m),STANDARD RISK,1.0,2.0,206.61,3,0,3,Male,5,3,4,12,Potential Loyalists
53949,0,3.0,New (0-3m),STANDARD RISK,1.0,2.0,146.09,5,0,1,Female,5,3,2,10,Potential Loyalists
53950,0,1.0,New (0-3m),STANDARD RISK,8.0,2.0,177.94,3,0,1,Male,1,3,4,8,At Risk
53951,0,6.0,Growing (4-6m),STANDARD RISK,8.0,2.0,152.18,4,0,1,Male,1,3,2,6,Lost Customers
53952,0,12.0,Established (7-12m),STANDARD RISK,1.0,2.0,183.11,1,1,1,Male,5,3,4,12,Potential Loyalists
53953,1,7.0,Established (7-12m),STANDARD RISK,1.0,2.0,149.37,3,1,1,Male,5,3,2,10,Potential Loyalists
53954,0,16.0,Mature (13-24m),LOW RISK,5.0,2.0,152.66,4,0,1,Male,2,3,2,7,At Risk
53955,0,29.0,Loyal (25m+),LOW RISK,1.0,2.0,315.38,5,0,1,Male,5,3,5,13,Loyal Customers
53956,0,7.0,Established (7-12m),STANDARD RISK,8.0,2.0,155.55,4,0,1,Male,1,3,3,7,At Risk
53957,0,15.0,Mature (13-24m),LOW RISK,5.0,2.0,147.89,5,0,1,Male,2,3,2,7,At Risk
53958,0,8.0,Established (7-12m),STANDARD RISK,8.0,2.0,165.01,3,1,3,Male,1,3,3,7,At Risk
53959,0,27.0,Loyal (25m+),STANDARD RISK,3.0,2.0,254.65,3,1,1,Female,3,3,5,11,Potential Loyalists
53960,0,17.0,Mature (13-24m),STANDARD RISK,9.0,2.0,160.39,1,0,2,Male,1,3,3,7,At Risk
53961,0,8.0,Established (7-12m),STANDARD RISK,3.0,3.0,185.29,1,0,3,Female,3,4,4,11,Potential Loyalists
53962,1,1.0,New (0-3m),STANDARD RISK,1.0,2.0,151.79,4,0,3,Male,5,3,2,10,Potential Loyalists
53963,0,12.0,Established (7-12m),STANDARD RISK,5.0,2.0,162.02,3,0,1,Female,2,3,3,8,At Risk
53964,1,1.0,New (0-3m),STANDARD RISK,1.0,2.0,148.98,5,1,1,Female,5,3,2,10,Potential Loyalists
53965,0,5.0,Growing (4-6m),MEDIUM RISK,8.0,6.0,179.68,1,0,3,Female,1,5,4,10,Potential Loyalists
53966,0,25.0,Loyal (25m+),STANDARD RISK,3.0,2.0,256.16,3,0,1,Female,3,3,5,11,Potential Loyalists
53967,0,11.0,Established (7-12m),STANDARD RISK,4.0,2.0,166.89,4,0,3,Male,2,3,3,8,At Risk
53968,0,20.0,Mature (13-24m),STANDARD RISK,3.0,3.0,318.28,1,1,1,Male,3,4,5,12,Potential Loyalists
53969,0,10.0,Established (7-12m),STANDARD RISK,8.0,6.0,208.21,5,1,1,Male,1,5,4,10,Potential Loyalists
53970,1,8.0,Established (7-12m),STANDARD RISK,4.0,3.0,148.42,4,1,1,Male,2,4,2,8,At Risk
53971,0,11.0,Established (7-12m),STANDARD RISK,8.0,5.0,165.71,4,0,2,Male,1,5,3,9,At Risk
53972,1,1.0,New (0-3m),CRITICAL RISK,8.0,8.0,183.13,1,1,3,Male,1,5,4,10,Potential Loyalists
53973,0,7.0,Established (7-12m),STANDARD RISK,7.0,8.0,156.43,5,0,1,Male,2,5,3,10,Potential Loyalists
53974,0,2.0,New (0-3m),STANDARD RISK,4.0,2.0,145.44,1,0,1,Male,2,3,2,7,At Risk
53975,0,13.0,Mature (13-24m),STANDARD RISK,3.0,2.0,259.64,3,0,1,Male,3,3,5,11,Potential Loyalists
53976,0,20.0,Mature (13-24m),LOW RISK,3.0,3.0,204.91,4,0,3,Male,3,4,4,11,Potential Loyalists
53977,0,14.0,Mature (13-24m),LOW RISK,3.0,2.0,158.77,5,0,1,Female,3,3,3,9,At Risk
53978,0,16.0,Mature (13-24m),LOW RISK,1.0,2.0,180.38,5,0,1,Male,5,3,4,12,Potential Loyalists
53979,0,9.0,Established (7-12m),STANDARD RISK,8.0,2.0,182.62,1,0,1,Male,1,3,4,8,At Risk
53980,0,12.0,Established (7-12m),STANDARD RISK,9.0,4.0,150.92,4,0,2,Male,1,5,2,8,At Risk
53981,1,1.0,New (0-3m),STANDARD RISK,8.0,2.0,178.46,5,0,1,Male,1,3,4,8,At Risk
53982,1,1.0,New (0-3m),STANDARD RISK,9.0,2.0,167.13,5,0,1,Male,1,3,3,7,At Risk
53983,0,13.0,Mature (13-24m),STANDARD RISK,3.0,3.0,166.27,1,0,3,Male,3,4,3,10,Potential Loyalists
53984,0,17.0,Mature (13-24m),STANDARD RISK,3.0,2.0,149.38,3,0,1,Male,3,3,2,8,At Risk
53985,0,15.0,Mature (13-24m),LOW RISK,3.0,2.0,193.7,4,0,1,Male,3,3,4,10,Potential Loyalists
53986,0,15.0,Mature (13-24m),STANDARD RISK,3.0,14.0,229.47,3,1,3,Female,3,5,5,13,Loyal Customers
53987,0,4.0,Growing (4-6m),STANDARD RISK,3.0,2.0,221.67,3,0,1,Female,3,3,5,11,Potential Loyalists
53988,1,1.0,New (0-3m),STANDARD RISK,5.0,2.0,146.48,4,1,2,Female,2,3,2,7,At Risk
53989,1,10.0,Established (7-12m),STANDARD RISK,3.0,4.0,214.26,4,0,1,Female,3,5,5,13,Loyal Customers
53990,0,14.0,Mature (13-24m),STANDARD RISK,4.0,2.0,190.13,1,0,1,Female,2,3,4,9,At Risk
53991,0,8.0,Established (7-12m),STANDARD RISK,9.0,5.0,192.99,3,0,3,Male,1,5,4,10,Potential Loyalists
53992,0,31.0,Loyal (25m+),LOW RISK,15.0,15.0,25.0,4,0,3,Male,1,5,1,7,At Risk
53993,0,9.0,Established (7-12m),STANDARD RISK,4.0,2.0,152.05,3,0,1,Male,2,3,2,7,At Risk
53994,0,21.0,Mature (13-24m),STANDARD RISK,3.0,15.0,228.33,4,1,1,Female,3,5,5,13,Loyal Customers
53995,0,14.0,Mature (13-24m),LOW RISK,8.0,8.0,169.48,5,0,1,Female,1,5,3,9,At Risk
53996,0,28.0,Loyal (25m+),STANDARD RISK,8.0,2.0,193.54,1,0,1,Female,1,3,4,8,At Risk
53997,0,5.0,Growing (4-6m),STANDARD RISK,3.0,3.0,221.37,5,0,3,Female,3,4,5,12,Potential Loyalists
53998,0,2.0,New (0-3m),STANDARD RISK,3.0,2.0,160.91,5,0,1,Female,3,3,3,9,At Risk
53999,0,12.0,Established (7-12m),STANDARD RISK,4.0,2.0,179.05,1,1,3,Female,2,3,4,9,At Risk
54000,0,1.0,New (0-3m),STANDARD RISK,3.0,2.0,171.84,1,0,3,Male,3,3,3,9,At Risk
54001,0,31.0,Loyal (25m+),STANDARD RISK,3.0,3.0,282.87,3,1,1,Male,3,4,5,12,Potential Loyalists
54002,0,1.0,New (0-3m),STANDARD RISK,1.0,2.0,140.14,3,0,1,Female,5,3,1,9,At Risk
54003,1,1.0,New (0-3m),STANDARD RISK,1.0,2.0,154.56,5,0,2,Male,5,3,3,11,Potential Loyalists
54004,1,1.0,New (0-3m),STANDARD RISK,1.0,3.0,148.35,5,1,2,Male,5,4,2,11,Potential Loyalists
54005,0,19.0,Mature (13-24m),STANDARD RISK,8.0,6.0,176.54,3,0,3,Female,1,5,4,10,Potential Loyalists
54006,0,10.0,Established (7-12m),STANDARD RISK,1.0,2.0,194.62,4,1,1,Female,5,3,4,12,Potential Loyalists
54007,0,17.0,Mature (13-24m),STANDARD RISK,8.0,8.0,181.75,1,0,3,Male,1,5,4,10,Potential Loyalists
54008,0,1.0,New (0-3m),CRITICAL RISK,3.0,2.0,148.79,1,1,1,Female,3,3,2,8,At Risk
54009,0,3.0,New (0-3m),STANDARD RISK,11.0,4.0,163.12,1,0,1,Male,1,5,3,9,At Risk
54010,0,6.0,Growing (4-6m),MEDIUM RISK,1.0,2.0,171.48,1,0,3,Male,5,3,3,11,Potential Loyalists
54011,0,16.0,Mature (13-24m),STANDARD RISK,4.0,4.0,154.36,3,0,1,Male,2,5,3,10,Potential Loyalists
54012,0,21.0,Mature (13-24m),STANDARD RISK,1.0,3.0,146.05,3,0,1,Female,5,4,2,11,Potential Loyalists
54013,0,20.0,Mature (13-24m),STANDARD RISK,3.0,5.0,210.78,1,0,1,Male,3,5,5,13,Loyal Customers
54014,0,2.0,New (0-3m),STANDARD RISK,3.0,3.0,152.06,1,0,2,Male,3,4,2,9,At Risk
54015,0,3.0,New (0-3m),STANDARD RISK,7.0,2.0,188.84,3,0,1,Male,2,3,4,9,At Risk
54016,0,16.0,Mature (13-24m),STANDARD RISK,1.0,2.0,164.68,3,0,1,Male,5,3,3,11,Potential Loyalists
54017,1,1.0,New (0-3m),STANDARD RISK,3.0,3.0,224.07,4,1,3,Male,3,4,5,12,Potential Loyalists
54018,0,20.0,Mature (13-24m),LOW RISK,9.0,2.0,257.25,5,0,3,Female,1,3,5,9,At Risk
54019,0,1.0,New (0-3m),STANDARD RISK,9.0,6.0,160.4,3,0,3,Female,1,5,3,9,At Risk
54020,0,3.0,New (0-3m),STANDARD RISK,1.0,2.0,153.04,4,0,2,Male,5,3,2,10,Potential Loyalists
54021,0,17.0,Mature (13-24m),STANDARD RISK,15.0,7.0,318.92,3,0,1,Female,1,5,5,11,Potential Loyalists
54022,0,22.0,Mature (13-24m),LOW RISK,10.0,13.0,321.65,4,0,1,Male,1,5,5,11,Potential Loyalists
54023,1,1.0,New (0-3m),CRITICAL RISK,1.0,2.0,149.39,1,1,1,Male,5,3,2,10,Potential Loyalists
54024,1,10.0,Established (7-12m),STANDARD RISK,8.0,2.0,198.14,4,0,3,Female,1,3,4,8,At Risk
54025,0,1.0,New (0-3m),STANDARD RISK,4.0,8.0,172.74,5,0,1,Female,2,5,3,10,Potential Loyalists
54026,0,13.0,Mature (13-24m),STANDARD RISK,3.0,3.0,164.02,1,0,1,Male,3,4,3,10,Potential Loyalists
54027,0,29.0,Loyal (25m+),STANDARD RISK,5.0,2.0,151.62,1,0,1,Male,2,3,2,7,At Risk
54028,0,2.0,New (0-3m),STANDARD RISK,1.0,2.0,153.56,4,0,3,Female,5,3,2,10,Potential Loyalists
54029,1,1.0,New (0-3m),STANDARD RISK,1.0,2.0,135.81,1,0,3,Male,5,3,1,9,At Risk
54030,1,1.0,New (0-3m),STANDARD RISK,1.0,2.0,149.72,4,1,1,Male,5,3,2,10,Potential Loyalists
54031,0,10.0,Established (7-12m),STANDARD RISK,8.0,2.0,181.73,3,1,3,Female,1,3,4,8,At Risk
54032,0,5.0,Growing (4-6m),STANDARD RISK,3.0,2.0,166.97,3,0,1,Male,3,3,3,9,At Risk
54033,0,8.0,Established (7-12m),STANDARD RISK,3.0,2.0,222.13,1,1,3,Male,3,3,5,11,Potential Loyalists
54034,0,3.0,New (0-3m),STANDARD RISK,3.0,2.0,145.62,5,0,1,Male,3,3,2,8,At Risk
54035,0,11.0,Established (7-12m),STANDARD RISK,5.0,2.0,167.84,5,1,1,Male,2,3,3,8,At Risk
54036,0,9.0,Established (7-12m),STANDARD RISK,3.0,2.0,172.88,4,1,1,Female,3,3,3,9,At Risk
54037,0,19.0,Mature (13-24m),STANDARD RISK,9.0,4.0,184.06,1,0,1,Female,1,5,4,10,Potential Loyalists
54038,0,10.0,Established (7-12m),STANDARD RISK,9.0,2.0,163.86,1,0,2,Male,1,3,3,7,At Risk
54039,0,14.0,Mature (13-24m),LOW RISK,17.0,12.0,293.23,5,0,1,Male,1,5,5,11,Potential Loyalists
54040,0,1.0,New (0-3m),STANDARD RISK,1.0,2.0,154.33,3,1,1,Female,5,3,3,11,Potential Loyalists
54041,0,1.0,New (0-3m),STANDARD RISK,8.0,2.0,190.0,3,0,3,Female,1,3,4,8,At Risk
54042,0,22.0,Mature (13-24m),STANDARD RISK,8.0,5.0,296.74,1,0,1,Female,1,5,5,11,Potential Loyalists
54043,0,18.0,Mature (13-24m),LOW RISK,3.0,3.0,175.33,5,0,1,Male,3,4,4,11,Potential Loyalists
54044,1,1.0,New (0-3m),STANDARD RISK,1.0,4.0,148.07,5,1,1,Male,5,5,2,12,Potential Loyalists
54045,1,20.0,Mature (13-24m),STANDARD RISK,1.0,2.0,150.87,1,0,1,Male,5,3,2,10,Potential Loyalists
54046,0,10.0,Established (7-12m),STANDARD RISK,4.0,2.0,180.07,4,0,3,Male,2,3,4,9,At Risk
54047,0,15.0,Mature (13-24m),LOW RISK,5.0,2.0,168.93,4,0,3,Female,2,3,3,8,At Risk
54048,0,16.0,Mature (13-24m),LOW RISK,8.0,2.0,258.48,5,0,1,Male,1,3,5,9,At Risk
54049,0,5.0,Growing (4-6m),MEDIUM RISK,5.0,2.0,190.83,1,1,3,Female,2,3,4,9,At Risk
54050,0,8.0,Established (7-12m),STANDARD RISK,2.0,2.0,206.03,1,1,3,Female,4,3,4,11,Potential Loyalists
54051,0,5.0,Growing (4-6m),STANDARD RISK,3.0,3.0,164.78,3,0,1,Female,3,4,3,10,Potential Loyalists
54052,0,1.0,New (0-3m),STANDARD RISK,8.0,8.0,150.44,1,0,1,Male,1,5,2,8,At Risk
54053,0,19.0,Mature (13-24m),STANDARD RISK,4.0,2.0,178.99,3,0,1,Male,2,3,4,9,At Risk
54054,0,7.0,Established (7-12m),STANDARD RISK,10.0,2.0,179.87,3,0,3,Male,1,3,4,8,At Risk
54055,0,2.0,New (0-3m),CRITICAL RISK,8.0,2.0,193.34,1,1,3,Male,1,3,4,8,At Risk
54056,1,1.0,New (0-3m),STANDARD RISK,1.0,2.0,135.91,5,0,3,Male,5,3,1,9,At Risk
54057,0,13.0,Mature (13-24m),STANDARD RISK,3.0,2.0,182.36,3,0,3,Female,3,3,4,10,Potential Loyalists
54058,0,1.0,New (0-3m),STANDARD RISK,3.0,2.0,147.26,4,0,1,Male,3,3,2,8,At Risk
54059,0,8.0,Established (7-12m),STANDARD RISK,12.0,7.0,182.47,1,1,1,Male,1,5,4,10,Potential Loyalists
54060,1,1.0,New (0-3m),STANDARD RISK,3.0,3.0,223.54,3,1,3,Female,3,4,5,12,Potential Loyalists
54061,0,21.0,Mature (13-24m),LOW RISK,8.0,2.0,179.67,4,0,1,Male,1,3,4,8,At Risk
54062,0,30.0,Loyal (25m+),LOW RISK,1.0,2.0,178.8,5,0,3,Female,5,3,4,12,Potential Loyalists
54063,0,13.0,Mature (13-24m),LOW RISK,10.0,8.0,176.51,5,0,1,Male,1,5,4,10,Potential Loyalists
54064,0,12.0,Established (7-12m),STANDARD RISK,8.0,2.0,146.33,4,1,1,Female,1,3,2,6,Lost Customers
54065,0,31.0,Loyal (25m+),STANDARD RISK,1.0,2.0,303.75,1,1,3,Female,5,3,5,13,Loyal Customers
54066,1,1.0,New (0-3m),STANDARD RISK,4.0,2.0,149.32,3,1,1,Female,2,3,2,7,At Risk
54067,0,12.0,Established (7-12m),STANDARD RISK,4.0,2.0,172.71,1,0,1,Male,2,3,3,8,At Risk
54068,0,23.0,Mature (13-24m),STANDARD RISK,4.0,5.0,316.61,1,0,1,Male,2,5,5,12,Potential Loyalists
54069,0,16.0,Mature (13-24m),STANDARD RISK,1.0,2.0,175.87,1,1,3,Male,5,3,4,12,Potential Loyalists
54070,1,1.0,New (0-3m),STANDARD RISK,1.0,2.0,153.63,4,0,2,Female,5,3,2,10,Potential Loyalists
54071,0,9.0,Established (7-12m),STANDARD RISK,5.0,2.0,25.0,5,0,3,Male,2,3,1,6,Lost Customers
54072,0,2.0,New (0-3m),STANDARD RISK,5.0,2.0,146.44,3,0,1,Male,2,3,2,7,At Risk
54073,0,5.0,Growing (4-6m),STANDARD RISK,4.0,3.0,155.65,5,1,1,Male,2,4,3,9,At Risk
54074,0,10.0,Established (7-12m),STANDARD RISK,3.0,2.0,153.1,4,0,1,Male,3,3,2,8,At Risk
54075,0,8.0,Established (7-12m),STANDARD RISK,3.0,3.0,223.88,1,0,3,Male,3,4,5,12,Potential Loyalists
54076,0,8.0,Established (7-12m),STANDARD RISK,3.0,2.0,211.28,3,0,3,Male,3,3,5,11,Potential Loyalists
54077,0,1.0,New (0-3m),STANDARD RISK,7.0,8.0,153.67,5,0,1,Male,2,5,3,10,Potential Loyalists
54078,0,3.0,New (0-3m),STANDARD RISK,3.0,2.0,178.73,5,0,1,Male,3,3,4,10,Potential Loyalists
54079,0,6.0,Growing (4-6m),MEDIUM RISK,3.0,2.0,191.67,1,0,1,Female,3,3,4,10,Potential Loyalists
54080,0,5.0,Growing (4-6m),STANDARD RISK,8.0,9.0,175.03,5,0,1,Male,1,5,4,10,Potential Loyalists
54081,1,1.0,New (0-3m),STANDARD RISK,4.0,2.0,148.67,1,0,1,Male,2,3,2,7,At Risk
54082,0,12.0,Established (7-12m),STANDARD RISK,1.0,2.0,153.58,5,0,3,Male,5,3,2,10,Potential Loyalists
54083,0,9.0,Established (7-12m),STANDARD RISK,10.0,2.0,177.04,1,1,3,Female,1,3,4,8,At Risk
54084,0,1.0,New (0-3m),STANDARD RISK,8.0,2.0,166.05,1,0,3,Male,1,3,3,7,At Risk
54085,0,6.0,Growing (4-6m),MEDIUM RISK,3.0,2.0,221.79,1,0,1,Male,3,3,5,11,Potential Loyalists
54086,1,1.0,New (0-3m),CRITICAL RISK,9.0,2.0,181.17,1,1,3,Male,1,3,4,8,At Risk
54087,1,17.0,Mature (13-24m),STANDARD RISK,3.0,3.0,229.48,5,1,3,Male,3,4,5,12,Potential Loyalists
54088,0,28.0,Loyal (25m+),STANDARD RISK,4.0,3.0,153.97,3,0,1,Female,2,4,3,9,At Risk
54089,0,7.0,Established (7-12m),STANDARD RISK,9.0,3.0,184.68,3,0,1,Male,1,4,4,9,At Risk
54090,0,17.0,Mature (13-24m),STANDARD RISK,10.0,2.0,200.1,3,0,1,Male,1,3,4,8,At Risk
54091,0,12.0,Established (7-12m),STANDARD RISK,3.0,2.0,154.91,4,1,2,Male,3,3,3,9,At Risk
54092,0,29.0,Loyal (25m+),STANDARD RISK,5.0,2.0,321.36,4,1,2,Male,2,3,5,10,Potential Loyalists
54093,0,5.0,Growing (4-6m),MEDIUM RISK,1.0,2.0,136.29,1,1,1,Female,5,3,1,9,At Risk
54094,0,13.0,Mature (13-24m),LOW RISK,11.0,2.0,258.41,5,0,3,Male,1,3,5,9,At Risk
54095,0,16.0,Mature (13-24m),STANDARD RISK,8.0,4.0,168.32,3,0,1,Male,1,5,3,9,At Risk
54096,0,5.0,Growing (4-6m),STANDARD RISK,9.0,2.0,235.31,3,0,1,Female,1,3,5,9,At Risk
54097,0,28.0,Loyal (25m+),STANDARD RISK,5.0,2.0,169.4,5,1,1,Female,2,3,3,8,At Risk
54098,0,1.0,New (0-3m),STANDARD RISK,3.0,2.0,171.17,3,0,1,Male,3,3,3,9,At Risk
54099,0,1.0,New (0-3m),STANDARD RISK,5.0,2.0,151.47,1,0,1,Male,2,3,2,7,At Risk
54100,0,14.0,Mature (13-24m),STANDARD RISK,5.0,10.0,188.23,3,0,1,Female,2,5,4,11,Potential Loyalists
54101,0,14.0,Mature (13-24m),LOW RISK,11.0,6.0,181.77,4,0,3,Female,1,5,4,10,Potential Loyalists
54102,0,1.0,New (0-3m),STANDARD RISK,3.0,2.0,146.87,4,0,2,Female,3,3,2,8,At Risk
54103,0,4.0,Growing (4-6m),STANDARD RISK,8.0,2.0,162.48,4,0,1,Male,1,3,3,7,At Risk
54104,0,1.0,New (0-3m),STANDARD RISK,3.0,2.0,164.77,3,1,1,Male,3,3,3,9,At Risk
54105,0,21.0,Mature (13-24m),STANDARD RISK,3.0,13.0,211.33,3,0,1,Male,3,5,5,13,Loyal Customers
54106,0,7.0,Established (7-12m),STANDARD RISK,1.0,2.0,145.08,3,0,1,Male,5,3,2,10,Potential Loyalists
54107,0,12.0,Established (7-12m),STANDARD RISK,9.0,6.0,169.4,4,0,3,Male,1,5,3,9,At Risk
54108,0,5.0,Growing (4-6m),STANDARD RISK,3.0,2.0,155.67,3,0,3,Male,3,3,3,9,At Risk
54109,0,12.0,Established (7-12m),STANDARD RISK,8.0,8.0,178.21,3,0,1,Male,1,5,4,10,Potential Loyalists
54110,0,16.0,Mature (13-24m),STANDARD RISK,3.0,2.0,179.1,5,1,1,Male,3,3,4,10,Potential Loyalists
54111,0,15.0,Mature (13-24m),STANDARD RISK,1.0,2.0,152.82,1,0,1,Male,5,3,2,10,Potential Loyalists
54112,0,21.0,Mature (13-24m),LOW RISK,13.0,2.0,244.57,4,0,1,Female,1,3,5,9,At Risk
54113,0,9.0,Established (7-12m),STANDARD RISK,3.0,3.0,151.6,3,1,1,Male,3,4,2,9,At Risk
54114,0,1.0,New (0-3m),STANDARD RISK,3.0,2.0,158.75,3,0,1,Male,3,3,3,9,At Risk
54115,0,9.0,Established (7-12m),STANDARD RISK,9.0,2.0,175.98,3,0,1,Male,1,3,4,8,At Risk
54116,0,7.0,Established (7-12m),STANDARD RISK,2.0,9.0,37.0,1,1,1,Female,4,5,1,10,Potential Loyalists
54117,0,6.0,Growing (4-6m),STANDARD RISK,2.0,5.0,153.37,4,0,1,Female,4,5,2,11,Potential Loyalists
54118,0,14.0,Mature (13-24m),STANDARD RISK,1.0,2.0,149.06,1,0,1,Male,5,3,2,10,Potential Loyalists
54119,0,6.0,Growing (4-6m),STANDARD RISK,3.0,3.0,147.69,4,0,3,Male,3,4,2,9,At Risk
54120,0,13.0,Mature (13-24m),STANDARD RISK,8.0,2.0,166.08,1,0,1,Male,1,3,3,7,At Risk
54121,0,12.0,Established (7-12m),STANDARD RISK,12.0,2.0,257.06,3,0,1,Female,1,3,5,9,At Risk
54122,0,6.0,Growing (4-6m),MEDIUM RISK,3.0,6.0,229.22,1,0,3,Female,3,5,5,13,Loyal Customers
54123,0,11.0,Established (7-12m),STANDARD RISK,9.0,7.0,262.44,1,1,1,Female,1,5,5,11,Potential Loyalists
54124,0,1.0,New (0-3m),STANDARD RISK,5.0,2.0,174.07,3,1,3,Female,2,3,4,9,At Risk
54125,0,26.0,Loyal (25m+),STANDARD RISK,1.0,2.0,159.82,1,0,3,Male,5,3,3,11,Potential Loyalists
54126,0,18.0,Mature (13-24m),STANDARD RISK,3.0,2.0,149.36,1,1,1,Male,3,3,2,8,At Risk
54127,0,1.0,New (0-3m),STANDARD RISK,3.0,2.0,148.8,5,1,3,Male,3,3,2,8,At Risk
54128,0,13.0,Mature (13-24m),STANDARD RISK,4.0,2.0,319.31,1,0,1,Male,2,3,5,10,Potential Loyalists
54129,1,1.0,New (0-3m),STANDARD RISK,1.0,2.0,142.9,5,0,3,Male,5,3,2,10,Potential Loyalists
54130,0,10.0,Established (7-12m),STANDARD RISK,5.0,4.0,201.44,1,0,3,Female,2,5,4,11,Potential Loyalists
54131,0,10.0,Established (7-12m),STANDARD RISK,3.0,2.0,176.31,4,0,1,Female,3,3,4,10,Potential Loyalists
54132,0,30.0,Loyal (25m+),STANDARD RISK,10.0,2.0,188.06,3,0,1,Male,1,3,4,8,At Risk
54133,1,1.0,New (0-3m),CRITICAL RISK,3.0,3.0,172.87,1,1,1,Male,3,4,3,10,Potential Loyalists
54134,0,16.0,Mature (13-24m),STANDARD RISK,15.0,5.0,313.8,3,0,1,Male,1,5,5,11,Potential Loyalists
54135,1,20.0,Mature (13-24m),STANDARD RISK,9.0,10.0,148.39,3,0,1,Male,1,5,2,8,At Risk
54136,0,15.0,Mature (13-24m),LOW RISK,11.0,2.0,260.7,4,0,1,Female,1,3,5,9,At Risk
54137,0,8.0,Established (7-12m),STANDARD RISK,8.0,2.0,192.12,3,0,3,Female,1,3,4,8,At Risk
54138,0,10.0,Established (7-12m),STANDARD RISK,12.0,12.0,179.06,1,0,3,Male,1,5,4,10,Potential Loyalists
54139,0,15.0,Mature (13-24m),LOW RISK,3.0,2.0,214.38,4,0,3,Male,3,3,5,11,Potential Loyalists
54140,0,6.0,Growing (4-6m),STANDARD RISK,3.0,2.0,149.39,5,0,1,Male,3,3,2,8,At Risk
54141,0,9.0,Established (7-12m),STANDARD RISK,3.0,2.0,213.37,1,1,2,Female,3,3,5,11,Potential Loyalists
54142,0,12.0,Established (7-12m),STANDARD RISK,10.0,2.0,178.43,1,0,3,Female,1,3,4,8,At Risk
54143,1,14.0,Mature (13-24m),STANDARD RISK,2.0,2.0,192.28,3,0,3,Male,4,3,4,11,Potential Loyalists
54144,0,10.0,Established (7-12m),STANDARD RISK,1.0,2.0,191.52,1,0,3,Female,5,3,4,12,Potential Loyalists
54145,0,19.0,Mature (13-24m),STANDARD RISK,2.0,2.0,173.5,3,0,3,Female,4,3,4,11,Potential Loyalists
54146,0,14.0,Mature (13-24m),STANDARD RISK,3.0,3.0,153.09,3,0,1,Male,3,4,2,9,At Risk
54147,0,9.0,Established (7-12m),STANDARD RISK,3.0,2.0,181.89,3,1,1,Male,3,3,4,10,Potential Loyalists
54148,0,14.0,Mature (13-24m),STANDARD RISK,3.0,2.0,145.01,3,0,1,Female,3,3,2,8,At Risk
54149,0,9.0,Established (7-12m),STANDARD RISK,2.0,2.0,154.77,1,0,1,Female,4,3,3,10,Potential Loyalists
54150,0,3.0,New (0-3m),STANDARD RISK,4.0,2.0,165.25,4,1,1,Male,2,3,3,8,At Risk
54151,0,3.0,New (0-3m),STANDARD RISK,5.0,2.0,162.85,5,0,1,Female,2,3,3,8,At Risk
54152,1,14.0,Mature (13-24m),STANDARD RISK,1.0,2.0,233.54,5,1,3,Male,5,3,5,13,Loyal Customers
54153,0,13.0,Mature (13-24m),STANDARD RISK,7.0,2.0,245.31,1,0,3,Female,2,3,5,10,Potential Loyalists
54154,0,5.0,Growing (4-6m),STANDARD RISK,3.0,2.0,224.36,5,0,1,Male,3,3,5,11,Potential Loyalists
54155,0,1.0,New (0-3m),STANDARD RISK,1.0,2.0,154.66,3,0,3,Female,5,3,3,11,Potential Loyalists
54156,0,10.0,Established (7-12m),STANDARD RISK,4.0,2.0,150.71,1,0,1,Male,2,3,2,7,At Risk
54157,0,13.0,Mature (13-24m),LOW RISK,3.0,2.0,224.91,5,0,1,Male,3,3,5,11,Potential Loyalists
54158,0,1.0,New (0-3m),STANDARD RISK,4.0,2.0,186.42,4,1,1,Male,2,3,4,9,At Risk
54159,0,23.0,Mature (13-24m),LOW RISK,9.0,2.0,178.9,4,0,3,Male,1,3,4,8,At Risk
54160,0,8.0,Established (7-12m),STANDARD RISK,3.0,2.0,169.04,3,0,1,Male,3,3,3,9,At Risk
54161,1,5.0,Growing (4-6m),MEDIUM RISK,6.0,2.0,184.93,1,1,3,Female,2,3,4,9,At Risk
54162,0,23.0,Mature (13-24m),LOW RISK,8.0,2.0,176.3,4,0,1,Male,1,3,4,8,At Risk
54163,1,1.0,New (0-3m),STANDARD RISK,1.0,2.0,145.9,3,1,1,Male,5,3,2,10,Potential Loyalists
54164,0,7.0,Established (7-12m),STANDARD RISK,1.0,4.0,154.09,3,1,1,Female,5,5,3,13,Loyal Customers
54165,0,1.0,New (0-3m),STANDARD RISK,3.0,3.0,159.68,4,0,1,Male,3,4,3,10,Potential Loyalists
54166,0,6.0,Growing (4-6m),MEDIUM RISK,7.0,4.0,155.68,1,0,1,Male,2,5,3,10,Potential Loyalists
54167,0,31.0,Loyal (25m+),STANDARD RISK,1.0,2.0,151.7,5,1,1,Female,5,3,2,10,Potential Loyalists
54168,0,4.0,Growing (4-6m),STANDARD RISK,1.0,2.0,151.93,3,0,1,Male,5,3,2,10,Potential Loyalists
54169,0,12.0,Established (7-12m),STANDARD RISK,3.0,2.0,220.26,3,0,1,Male,3,3,5,11,Potential Loyalists
54170,0,10.0,Established (7-12m),STANDARD RISK,8.0,8.0,177.37,3,0,1,Male,1,5,4,10,Potential Loyalists
54171,0,9.0,Established (7-12m),STANDARD RISK,4.0,2.0,149.26,4,0,1,Male,2,3,2,7,At Risk
54172,0,3.0,New (0-3m),STANDARD RISK,9.0,2.0,166.93,3,1,1,Female,1,3,3,7,At Risk
54173,0,5.0,Growing (4-6m),STANDARD RISK,4.0,5.0,154.11,3,0,1,Male,2,5,3,10,Potential Loyalists
54174,0,8.0,Established (7-12m),STANDARD RISK,3.0,2.0,151.61,1,0,1,Male,3,3,2,8,At Risk
54175,1,1.0,New (0-3m),STANDARD RISK,4.0,2.0,145.28,3,1,1,Male,2,3,2,7,At Risk
54176,0,3.0,New (0-3m),STANDARD RISK,3.0,9.0,224.8,5,0,1,Female,3,5,5,13,Loyal Customers
54177,0,6.0,Growing (4-6m),STANDARD RISK,6.0,2.0,157.98,4,1,1,Male,2,3,3,8,At Risk
54178,0,1.0,New (0-3m),CRITICAL RISK,1.0,2.0,154.35,1,1,1,Male,5,3,3,11,Potential Loyalists
54179,0,27.0,Loyal (25m+),STANDARD RISK,8.0,4.0,279.27,1,0,3,Female,1,5,5,11,Potential Loyalists
54180,0,12.0,Established (7-12m),STANDARD RISK,3.0,2.0,164.44,1,1,1,Male,3,3,3,9,At Risk
54181,0,1.0,New (0-3m),STANDARD RISK,4.0,2.0,165.11,3,0,1,Female,2,3,3,8,At Risk
54182,1,1.0,New (0-3m),STANDARD RISK,4.0,2.0,159.07,5,0,3,Male,2,3,3,8,At Risk
54183,0,8.0,Established (7-12m),STANDARD RISK,12.0,2.0,244.94,4,0,1,Female,1,3,5,9,At Risk
54184,0,1.0,New (0-3m),STANDARD RISK,1.0,2.0,137.32,1,0,1,Male,5,3,1,9,At Risk
54185,1,1.0,New (0-3m),STANDARD RISK,4.0,2.0,154.6,5,0,1,Male,2,3,3,8,At Risk
54186,0,27.0,Loyal (25m+),STANDARD RISK,9.0,5.0,315.94,3,0,1,Female,1,5,5,11,Potential Loyalists
54187,1,1.0,New (0-3m),STANDARD RISK,8.0,7.0,164.19,5,1,1,Female,1,5,3,9,At Risk
54188,0,16.0,Mature (13-24m),LOW RISK,3.0,5.0,193.25,4,0,3,Male,3,5,4,12,Potential Loyalists
54189,0,18.0,Mature (13-24m),STANDARD RISK,3.0,6.0,227.48,1,0,1,Female,3,5,5,13,Loyal Customers
54190,0,20.0,Mature (13-24m),LOW RISK,2.0,3.0,314.47,5,0,3,Female,4,4,5,13,Loyal Customers
54191,0,7.0,Established (7-12m),STANDARD RISK,1.0,2.0,149.96,1,0,1,Male,5,3,2,10,Potential Loyalists
54192,0,18.0,Mature (13-24m),STANDARD RISK,4.0,2.0,189.65,1,1,1,Male,2,3,4,9,At Risk
54193,0,4.0,Growing (4-6m),STANDARD RISK,9.0,2.0,147.06,3,0,1,Male,1,3,2,6,Lost Customers
54194,1,3.0,New (0-3m),STANDARD RISK,1.0,2.0,145.86,1,0,3,Male,5,3,2,10,Potential Loyalists
54195,1,1.0,New (0-3m),CRITICAL RISK,1.0,3.0,147.93,1,1,1,Male,5,4,2,11,Potential Loyalists
54196,0,17.0,Mature (13-24m),STANDARD RISK,5.0,2.0,151.45,3,0,1,Female,2,3,2,7,At Risk
54197,1,14.0,Mature (13-24m),STANDARD RISK,3.0,2.0,151.83,3,1,3,Male,3,3,2,8,At Risk
54198,0,9.0,Established (7-12m),STANDARD RISK,3.0,3.0,145.14,1,0,3,Female,3,4,2,9,At Risk
54199,0,10.0,Established (7-12m),STANDARD RISK,1.0,2.0,159.19,5,1,1,Female,5,3,3,11,Potential Loyalists
54200,0,7.0,Established (7-12m),STANDARD RISK,4.0,2.0,178.76,5,0,3,Female,2,3,4,9,At Risk
54201,0,9.0,Established (7-12m),STANDARD RISK,1.0,2.0,144.51,1,0,1,Male,5,3,2,10,Potential Loyalists
54202,0,1.0,New (0-3m),STANDARD RISK,1.0,2.0,148.41,5,0,1,Female,5,3,2,10,Potential Loyalists
54203,1,1.0,New (0-3m),STANDARD RISK,2.0,2.0,147.93,3,0,1,Male,4,3,2,9,At Risk
54204,0,1.0,New (0-3m),STANDARD RISK,3.0,2.0,212.26,3,0,3,Male,3,3,5,11,Potential Loyalists
54205,0,4.0,Growing (4-6m),MEDIUM RISK,8.0,4.0,165.11,1,0,1,Female,1,5,3,9,At Risk
54206,1,5.0,Growing (4-6m),STANDARD RISK,9.0,16.0,320.45,3,0,1,Female,1,5,5,11,Potential Loyalists
54207,0,8.0,Established (7-12m),STANDARD RISK,8.0,9.0,170.68,3,0,3,Male,1,5,3,9,At Risk
54208,0,11.0,Established (7-12m),STANDARD RISK,1.0,2.0,155.22,4,0,1,Male,5,3,3,11,Potential Loyalists
54209,0,20.0,Mature (13-24m),STANDARD RISK,9.0,2.0,182.72,1,1,3,Male,1,3,4,8,At Risk
54210,0,9.0,Established (7-12m),STANDARD RISK,2.0,2.0,147.69,1,0,1,Male,4,3,2,9,At Risk
54211,1,12.0,Established (7-12m),STANDARD RISK,1.0,2.0,178.81,3,1,1,Male,5,3,4,12,Potential Loyalists
54212,1,1.0,New (0-3m),STANDARD RISK,3.0,3.0,159.41,3,1,1,Male,3,4,3,10,Potential Loyalists
54213,0,18.0,Mature (13-24m),STANDARD RISK,4.0,2.0,179.54,5,1,3,Female,2,3,4,9,At Risk
54214,0,9.0,Established (7-12m),STANDARD RISK,3.0,3.0,223.84,5,1,1,Male,3,4,5,12,Potential Loyalists
54215,0,1.0,New (0-3m),CRITICAL RISK,1.0,2.0,166.57,1,1,3,Female,5,3,3,11,Potential Loyalists
54216,0,7.0,Established (7-12m),STANDARD RISK,13.0,2.0,259.58,1,1,1,Female,1,3,5,9,At Risk
54217,0,9.0,Established (7-12m),STANDARD RISK,3.0,2.0,215.69,5,0,3,Male,3,3,5,11,Potential Loyalists
54218,0,9.0,Established (7-12m),STANDARD RISK,3.0,3.0,165.14,5,1,1,Female,3,4,3,10,Potential Loyalists
54219,0,5.0,Growing (4-6m),MEDIUM RISK,8.0,2.0,184.15,1,0,1,Male,1,3,4,8,At Risk
54220,0,11.0,Established (7-12m),STANDARD RISK,8.0,2.0,184.93,3,0,1,Male,1,3,4,8,At Risk
54221,0,6.0,Growing (4-6m),MEDIUM RISK,9.0,8.0,186.62,1,1,1,Male,1,5,4,10,Potential Loyalists
54222,0,12.0,Established (7-12m),STANDARD RISK,10.0,10.0,149.06,1,0,1,Female,1,5,2,8,At Risk
54223,0,24.0,Mature (13-24m),STANDARD RISK,9.0,14.0,312.4,3,1,1,Female,1,5,5,11,Potential Loyalists
54224,0,31.0,Loyal (25m+),LOW RISK,10.0,8.0,201.37,5,0,3,Female,1,5,4,10,Potential Loyalists
54225,0,10.0,Established (7-12m),STANDARD RISK,3.0,13.0,225.96,3,0,1,Female,3,5,5,13,Loyal Customers
54226,0,29.0,Loyal (25m+),STANDARD RISK,3.0,2.0,272.56,3,1,1,Female,3,3,5,11,Potential Loyalists
54227,0,10.0,Established (7-12m),STANDARD RISK,4.0,2.0,189.99,4,0,1,Male,2,3,4,9,At Risk
54228,0,19.0,Mature (13-24m),LOW RISK,3.0,2.0,222.24,5,0,1,Male,3,3,5,11,Potential Loyalists
54229,0,9.0,Established (7-12m),STANDARD RISK,3.0,2.0,146.94,5,0,1,Male,3,3,2,8,At Risk
54230,1,1.0,New (0-3m),STANDARD RISK,1.0,2.0,158.88,3,1,1,Male,5,3,3,11,Potential Loyalists
54231,0,31.0,Loyal (25m+),STANDARD RISK,4.0,2.0,179.73,3,0,3,Female,2,3,4,9,At Risk
54232,0,3.0,New (0-3m),STANDARD RISK,5.0,2.0,152.03,4,0,1,Male,2,3,2,7,At Risk
54233,0,5.0,Growing (4-6m),STANDARD RISK,1.0,2.0,150.01,4,0,1,Male,5,3,2,10,Potential Loyalists
54234,0,6.0,Growing (4-6m),STANDARD RISK,10.0,2.0,187.2,4,0,1,Male,1,3,4,8,At Risk
54235,0,10.0,Established (7-12m),STANDARD RISK,1.0,2.0,155.38,1,0,1,Female,5,3,3,11,Potential Loyalists
54236,0,5.0,Growing (4-6m),MEDIUM RISK,9.0,2.0,169.24,1,0,1,Female,1,3,3,7,At Risk
54237,0,9.0,Established (7-12m),STANDARD RISK,9.0,3.0,168.12,5,0,3,Male,1,4,3,8,At Risk
54238,0,19.0,Mature (13-24m),STANDARD RISK,1.0,2.0,257.45,5,1,1,Male,5,3,5,13,Loyal Customers
54239,0,11.0,Established (7-12m),STANDARD RISK,3.0,2.0,261.64,3,0,1,Male,3,3,5,11,Potential Loyalists
54240,0,20.0,Mature (13-24m),STANDARD RISK,3.0,2.0,175.21,4,1,2,Male,3,3,4,10,Potential Loyalists
54241,0,4.0,Growing (4-6m),MEDIUM RISK,1.0,4.0,176.26,1,1,1,Male,5,5,4,14,Loyal Customers
54242,0,9.0,Established (7-12m),STANDARD RISK,5.0,2.0,153.59,3,0,1,Male,2,3,2,7,At Risk
54243,0,29.0,Loyal (25m+),STANDARD RISK,3.0,2.0,227.39,1,0,3,Male,3,3,5,11,Potential Loyalists
54244,0,12.0,Established (7-12m),STANDARD RISK,10.0,2.0,178.29,1,1,1,Female,1,3,4,8,At Risk
54245,0,8.0,Established (7-12m),STANDARD RISK,4.0,2.0,168.25,4,0,1,Male,2,3,3,8,At Risk
54246,0,30.0,Loyal (25m+),STANDARD RISK,3.0,2.0,197.6,1,0,1,Male,3,3,4,10,Potential Loyalists
54247,0,1.0,New (0-3m),STANDARD RISK,1.0,2.0,148.22,5,0,3,Male,5,3,2,10,Potential Loyalists
54248,0,25.0,Loyal (25m+),STANDARD RISK,4.0,2.0,145.75,1,0,1,Male,2,3,2,7,At Risk
54249,0,4.0,Growing (4-6m),MEDIUM RISK,9.0,11.0,166.52,1,0,1,Male,1,5,3,9,At Risk
54250,1,10.0,Established (7-12m),STANDARD RISK,3.0,5.0,221.19,1,0,3,Male,3,5,5,13,Loyal Customers
54251,0,14.0,Mature (13-24m),LOW RISK,12.0,2.0,260.03,4,0,1,Male,1,3,5,9,At Risk
54252,0,25.0,Loyal (25m+),STANDARD RISK,1.0,2.0,179.41,1,1,3,Male,5,3,4,12,Potential Loyalists
54253,0,4.0,Growing (4-6m),STANDARD RISK,8.0,3.0,177.09,4,1,3,Female,1,4,4,9,At Risk
54254,0,20.0,Mature (13-24m),STANDARD RISK,6.0,2.0,231.73,5,1,1,Male,2,3,5,10,Potential Loyalists
54255,0,6.0,Growing (4-6m),STANDARD RISK,8.0,6.0,175.1,3,0,3,Male,1,5,4,10,Potential Loyalists
54256,0,28.0,Loyal (25m+),STANDARD RISK,4.0,2.0,260.49,3,0,1,Female,2,3,5,10,Potential Loyalists
54257,0,1.0,New (0-3m),STANDARD RISK,3.0,2.0,174.99,3,0,3,Female,3,3,4,10,Potential Loyalists
54258,0,2.0,New (0-3m),STANDARD RISK,5.0,2.0,167.21,3,0,3,Male,2,3,3,8,At Risk
54259,0,31.0,Loyal (25m+),STANDARD RISK,9.0,2.0,263.72,3,0,3,Male,1,3,5,9,At Risk
54260,0,18.0,Mature (13-24m),LOW RISK,3.0,2.0,145.42,4,0,1,Male,3,3,2,8,At Risk
54261,1,1.0,New (0-3m),STANDARD RISK,3.0,2.0,145.73,5,1,2,Male,3,3,2,8,At Risk
54262,0,6.0,Growing (4-6m),STANDARD RISK,1.0,2.0,154.56,5,0,1,Male,5,3,3,11,Potential Loyalists
54263,1,1.0,New (0-3m),CRITICAL RISK,1.0,2.0,154.26,1,1,1,Female,5,3,3,11,Potential Loyalists
54264,0,8.0,Established (7-12m),STANDARD RISK,11.0,3.0,173.09,3,0,1,Female,1,4,4,9,At Risk
54265,0,11.0,Established (7-12m),STANDARD RISK,1.0,2.0,176.63,1,0,1,Male,5,3,4,12,Potential Loyalists
54266,0,31.0,Loyal (25m+),STANDARD RISK,3.0,3.0,313.44,1,0,2,Female,3,4,5,12,Potential Loyalists
54267,0,24.0,Mature (13-24m),STANDARD RISK,8.0,2.0,306.72,4,1,1,Female,1,3,5,9,At Risk
54268,1,1.0,New (0-3m),STANDARD RISK,4.0,2.0,182.44,3,1,3,Male,2,3,4,9,At Risk
54269,0,1.0,New (0-3m),STANDARD RISK,2.0,3.0,153.89,1,0,1,Male,4,4,3,11,Potential Loyalists
54270,0,1.0,New (0-3m),STANDARD RISK,1.0,2.0,153.71,1,0,1,Female,5,3,3,11,Potential Loyalists
54271,0,25.0,Loyal (25m+),LOW RISK,9.0,13.0,199.84,5,0,1,Female,1,5,4,10,Potential Loyalists
54272,1,1.0,New (0-3m),STANDARD RISK,7.0,2.0,185.74,3,1,1,Male,2,3,4,9,At Risk
54273,0,28.0,Loyal (25m+),STANDARD RISK,5.0,5.0,298.28,1,1,2,Female,2,5,5,12,Potential Loyalists
54274,0,1.0,New (0-3m),STANDARD RISK,3.0,2.0,152.74,3,0,1,Male,3,3,2,8,At Risk
54275,0,8.0,Established (7-12m),STANDARD RISK,1.0,2.0,170.05,4,0,1,Female,5,3,3,11,Potential Loyalists
54276,0,11.0,Established (7-12m),STANDARD RISK,4.0,2.0,199.28,1,0,3,Male,2,3,4,9,At Risk
54277,0,8.0,Established (7-12m),STANDARD RISK,9.0,2.0,241.31,5,0,1,Female,1,3,5,9,At Risk
54278,0,10.0,Established (7-12m),STANDARD RISK,3.0,3.0,222.38,1,0,3,Female,3,4,5,12,Potential Loyalists
54279,0,10.0,Established (7-12m),STANDARD RISK,1.0,2.0,153.35,1,0,1,Female,5,3,2,10,Potential Loyalists
54280,0,17.0,Mature (13-24m),STANDARD RISK,13.0,5.0,294.59,1,1,3,Male,1,5,5,11,Potential Loyalists
54281,0,4.0,Growing (4-6m),STANDARD RISK,10.0,2.0,151.13,3,0,1,Male,1,3,2,6,Lost Customers
54282,0,7.0,Established (7-12m),STANDARD RISK,8.0,2.0,186.46,4,0,3,Male,1,3,4,8,At Risk
54283,1,20.0,Mature (13-24m),STANDARD RISK,4.0,5.0,174.63,4,1,1,Female,2,5,4,11,Potential Loyalists
54284,0,25.0,Loyal (25m+),STANDARD RISK,16.0,16.0,320.37,3,0,1,Male,1,5,5,11,Potential Loyalists
54285,1,1.0,New (0-3m),STANDARD RISK,8.0,8.0,186.72,3,1,3,Male,1,5,4,10,Potential Loyalists
54286,0,1.0,New (0-3m),STANDARD RISK,4.0,5.0,148.68,4,0,1,Female,2,5,2,9,At Risk
54287,1,21.0,Mature (13-24m),STANDARD RISK,3.0,16.0,228.12,1,0,1,Female,3,5,5,13,Loyal Customers
54288,1,1.0,New (0-3m),STANDARD RISK,1.0,2.0,141.75,3,1,3,Male,5,3,2,10,Potential Loyalists
54289,0,1.0,New (0-3m),STANDARD RISK,2.0,3.0,150.23,1,0,1,Male,4,4,2,10,Potential Loyalists
54290,0,23.0,Mature (13-24m),LOW RISK,12.0,6.0,190.67,5,0,1,Female,1,5,4,10,Potential Loyalists
54291,0,17.0,Mature (13-24m),STANDARD RISK,3.0,2.0,172.39,3,0,1,Female,3,3,3,9,At Risk
54292,0,24.0,Mature (13-24m),STANDARD RISK,3.0,3.0,217.08,1,0,3,Female,3,4,5,12,Potential Loyalists
54293,1,1.0,New (0-3m),STANDARD RISK,3.0,3.0,170.59,3,1,3,Female,3,4,3,10,Potential Loyalists
54294,0,15.0,Mature (13-24m),STANDARD RISK,8.0,2.0,206.89,3,1,3,Male,1,3,4,8,At Risk
54295,0,1.0,New (0-3m),STANDARD RISK,8.0,6.0,154.42,3,0,2,Female,1,5,3,9,At Risk
54296,0,10.0,Established (7-12m),STANDARD RISK,2.0,2.0,174.41,4,0,1,Male,4,3,4,11,Potential Loyalists
54297,1,15.0,Mature (13-24m),STANDARD RISK,4.0,2.0,231.5,1,0,1,Male,2,3,5,10,Potential Loyalists
54298,0,13.0,Mature (13-24m),STANDARD RISK,10.0,6.0,184.02,3,0,3,Female,1,5,4,10,Potential Loyalists
54299,0,1.0,New (0-3m),STANDARD RISK,3.0,3.0,211.39,3,0,3,Male,3,4,5,12,Potential Loyalists
54300,0,4.0,Growing (4-6m),MEDIUM RISK,8.0,5.0,188.47,1,1,2,Male,1,5,4,10,Potential Loyalists
54301,1,1.0,New (0-3m),STANDARD RISK,5.0,2.0,167.0,5,0,1,Female,2,3,3,8,At Risk
54302,0,19.0,Mature (13-24m),STANDARD RISK,4.0,2.0,159.52,1,0,1,Male,2,3,3,8,At Risk
54303,0,12.0,Established (7-12m),STANDARD RISK,3.0,3.0,168.17,3,1,1,Female,3,4,3,10,Potential Loyalists
54304,0,4.0,Growing (4-6m),STANDARD RISK,5.0,2.0,151.32,3,0,1,Female,2,3,2,7,At Risk
54305,0,6.0,Growing (4-6m),MEDIUM RISK,8.0,2.0,171.68,1,0,3,Male,1,3,3,7,At Risk
54306,0,4.0,Growing (4-6m),STANDARD RISK,31.0,3.0,157.04,5,0,1,Female,1,4,3,8,At Risk
54307,0,4.0,Growing (4-6m),MEDIUM RISK,3.0,2.0,152.2,1,0,1,Male,3,3,2,8,At Risk
54308,0,15.0,Mature (13-24m),LOW RISK,8.0,8.0,296.81,5,0,1,Male,1,5,5,11,Potential Loyalists
54309,0,15.0,Mature (13-24m),LOW RISK,5.0,2.0,147.38,5,0,1,Male,2,3,2,7,At Risk
54310,0,1.0,New (0-3m),STANDARD RISK,1.0,2.0,139.83,4,0,1,Female,5,3,1,9,At Risk
54311,0,14.0,Mature (13-24m),LOW RISK,14.0,3.0,181.05,4,0,1,Female,1,4,4,9,At Risk
54312,0,9.0,Established (7-12m),STANDARD RISK,7.0,2.0,197.95,4,0,3,Male,2,3,4,9,At Risk
54313,0,27.0,Loyal (25m+),STANDARD RISK,6.0,5.0,148.06,3,1,3,Male,2,5,2,9,At Risk
54314,0,19.0,Mature (13-24m),LOW RISK,16.0,2.0,148.48,4,0,1,Male,1,3,2,6,Lost Customers
54315,0,6.0,Growing (4-6m),MEDIUM RISK,3.0,4.0,214.98,1,0,3,Female,3,5,5,13,Loyal Customers
54316,0,3.0,New (0-3m),STANDARD RISK,10.0,2.0,168.19,3,0,1,Male,1,3,3,7,At Risk
54317,0,25.0,Loyal (25m+),STANDARD RISK,1.0,2.0,186.32,3,0,1,Male,5,3,4,12,Potential Loyalists
54318,0,31.0,Loyal (25m+),STANDARD RISK,1.0,2.0,158.46,4,1,1,Female,5,3,3,11,Potential Loyalists
54319,0,14.0,Mature (13-24m),STANDARD RISK,12.0,2.0,233.55,1,0,3,Male,1,3,5,9,At Risk
54320,0,8.0,Established (7-12m),STANDARD RISK,3.0,2.0,147.31,3,0,3,Female,3,3,2,8,At Risk
54321,0,1.0,New (0-3m),STANDARD RISK,3.0,3.0,148.23,1,0,1,Male,3,4,2,9,At Risk
54322,0,1.0,New (0-3m),STANDARD RISK,3.0,3.0,145.24,4,0,1,Male,3,4,2,9,At Risk
54323,0,2.0,New (0-3m),STANDARD RISK,3.0,2.0,152.13,1,0,1,Male,3,3,2,8,At Risk
54324,0,31.0,Loyal (25m+),STANDARD RISK,3.0,2.0,219.39,1,1,1,Male,3,3,5,11,Potential Loyalists
54325,0,1.0,New (0-3m),STANDARD RISK,2.0,2.0,150.66,3,1,1,Male,4,3,2,9,At Risk
54326,0,24.0,Mature (13-24m),LOW RISK,5.0,5.0,324.26,4,0,1,Female,2,5,5,12,Potential Loyalists
54327,0,15.0,Mature (13-24m),STANDARD RISK,9.0,2.0,149.51,3,0,1,Male,1,3,2,6,Lost Customers
54328,0,4.0,Growing (4-6m),MEDIUM RISK,3.0,8.0,219.19,1,0,3,Female,3,5,5,13,Loyal Customers
54329,0,12.0,Established (7-12m),STANDARD RISK,3.0,2.0,211.86,1,0,3,Female,3,3,5,11,Potential Loyalists
54330,0,6.0,Growing (4-6m),STANDARD RISK,5.0,2.0,155.38,3,0,1,Male,2,3,3,8,At Risk
54331,0,1.0,New (0-3m),STANDARD RISK,2.0,2.0,155.58,4,1,1,Male,4,3,3,10,Potential Loyalists
54332,1,1.0,New (0-3m),STANDARD RISK,1.0,2.0,148.25,5,0,3,Female,5,3,2,10,Potential Loyalists
54333,0,10.0,Established (7-12m),STANDARD RISK,3.0,8.0,145.88,4,0,1,Male,3,5,2,10,Potential Loyalists
54334,0,4.0,Growing (4-6m),STANDARD RISK,11.0,7.0,155.72,5,0,1,Male,1,5,3,9,At Risk
54335,0,19.0,Mature (13-24m),STANDARD RISK,4.0,2.0,175.06,5,1,3,Female,2,3,4,9,At Risk
54336,0,30.0,Loyal (25m+),STANDARD RISK,3.0,3.0,167.57,5,1,1,Female,3,4,3,10,Potential Loyalists
54337,0,7.0,Established (7-12m),STANDARD RISK,3.0,2.0,150.0,1,0,1,Male,3,3,2,8,At Risk
54338,1,1.0,New (0-3m),STANDARD RISK,1.0,2.0,136.02,1,0,1,Male,5,3,1,9,At Risk
54339,0,20.0,Mature (13-24m),LOW RISK,3.0,16.0,229.53,5,0,3,Female,3,5,5,13,Loyal Customers
54340,0,12.0,Established (7-12m),STANDARD RISK,2.0,3.0,147.88,1,0,1,Female,4,4,2,10,Potential Loyalists
54341,0,5.0,Growing (4-6m),MEDIUM RISK,3.0,2.0,164.29,1,1,1,Female,3,3,3,9,At Risk
54342,0,8.0,Established (7-12m),STANDARD RISK,3.0,2.0,148.11,4,0,1,Female,3,3,2,8,At Risk
54343,1,5.0,Growing (4-6m),STANDARD RISK,3.0,2.0,156.4,4,1,3,Female,3,3,3,9,At Risk
54344,0,24.0,Mature (13-24m),STANDARD RISK,3.0,2.0,161.9,3,0,1,Male,3,3,3,9,At Risk
54345,0,27.0,Loyal (25m+),LOW RISK,4.0,2.0,169.5,5,0,1,Female,2,3,3,8,At Risk
54346,0,7.0,Established (7-12m),STANDARD RISK,7.0,2.0,152.56,4,0,1,Female,2,3,2,7,At Risk
54347,0,14.0,Mature (13-24m),STANDARD RISK,10.0,10.0,315.33,3,0,1,Female,1,5,5,11,Potential Loyalists
54348,0,29.0,Loyal (25m+),LOW RISK,16.0,3.0,312.22,4,0,1,Male,1,4,5,10,Potential Loyalists
54349,0,8.0,Established (7-12m),STANDARD RISK,3.0,2.0,220.47,3,0,1,Male,3,3,5,11,Potential Loyalists
54350,0,25.0,Loyal (25m+),LOW RISK,1.0,2.0,262.34,4,0,1,Female,5,3,5,13,Loyal Customers
54351,0,26.0,Loyal (25m+),STANDARD RISK,10.0,12.0,324.99,3,0,1,Male,1,5,5,11,Potential Loyalists
54352,0,1.0,New (0-3m),STANDARD RISK,4.0,2.0,147.79,4,0,1,Female,2,3,2,7,At Risk
54353,1,1.0,New (0-3m),STANDARD RISK,2.0,2.0,184.16,3,1,1,Male,4,3,4,11,Potential Loyalists
54354,0,17.0,Mature (13-24m),STANDARD RISK,3.0,3.0,145.89,1,0,1,Male,3,4,2,9,At Risk
54355,0,19.0,Mature (13-24m),STANDARD RISK,9.0,12.0,292.92,1,0,1,Male,1,5,5,11,Potential Loyalists
54356,0,11.0,Established (7-12m),STANDARD RISK,8.0,2.0,160.64,5,1,1,Male,1,3,3,7,At Risk
54357,0,9.0,Established (7-12m),STANDARD RISK,3.0,2.0,169.25,4,0,1,Female,3,3,3,9,At Risk
54358,0,16.0,Mature (13-24m),STANDARD RISK,3.0,2.0,177.65,3,0,1,Female,3,3,4,10,Potential Loyalists
54359,0,12.0,Established (7-12m),STANDARD RISK,1.0,2.0,190.53,3,0,1,Male,5,3,4,12,Potential Loyalists
54360,0,12.0,Established (7-12m),STANDARD RISK,8.0,2.0,187.61,1,0,1,Male,1,3,4,8,At Risk
54361,0,1.0,New (0-3m),STANDARD RISK,1.0,3.0,167.98,5,0,1,Male,5,4,3,12,Potential Loyalists
54362,0,23.0,Mature (13-24m),STANDARD RISK,8.0,2.0,193.04,1,1,1,Male,1,3,4,8,At Risk
54363,0,8.0,Established (7-12m),STANDARD RISK,1.0,3.0,163.15,3,1,1,Male,5,4,3,12,Potential Loyalists
54364,0,14.0,Mature (13-24m),STANDARD RISK,8.0,4.0,152.41,1,1,1,Male,1,5,2,8,At Risk
54365,1,2.0,New (0-3m),STANDARD RISK,1.0,2.0,191.73,5,1,1,Male,5,3,4,12,Potential Loyalists
54366,1,1.0,New (0-3m),STANDARD RISK,10.0,2.0,201.39,1,0,3,Female,1,3,4,8,At Risk
54367,0,1.0,New (0-3m),STANDARD RISK,3.0,3.0,148.28,4,1,1,Male,3,4,2,9,At Risk
54368,0,10.0,Established (7-12m),STANDARD RISK,8.0,2.0,146.53,1,0,1,Female,1,3,2,6,Lost Customers
54369,0,14.0,Mature (13-24m),STANDARD RISK,3.0,2.0,173.76,1,0,1,Male,3,3,4,10,Potential Loyalists
54370,0,20.0,Mature (13-24m),LOW RISK,3.0,2.0,218.96,5,0,1,Male,3,3,5,11,Potential Loyalists
54371,1,1.0,New (0-3m),STANDARD RISK,3.0,10.0,229.0,1,0,3,Male,3,5,5,13,Loyal Customers
54372,0,4.0,Growing (4-6m),STANDARD RISK,3.0,6.0,209.74,3,0,1,Male,3,5,5,13,Loyal Customers
54373,0,1.0,New (0-3m),STANDARD RISK,3.0,2.0,224.81,3,0,3,Female,3,3,5,11,Potential Loyalists
54374,0,25.0,Loyal (25m+),LOW RISK,8.0,2.0,249.9,4,0,1,Male,1,3,5,9,At Risk
54375,1,1.0,New (0-3m),STANDARD RISK,5.0,2.0,151.57,5,1,1,Female,2,3,2,7,At Risk
54376,0,15.0,Mature (13-24m),STANDARD RISK,1.0,2.0,260.91,1,1,3,Female,5,3,5,13,Loyal Customers
54377,1,1.0,New (0-3m),STANDARD RISK,2.0,2.0,191.96,5,0,3,Female,4,3,4,11,Potential Loyalists
54378,1,1.0,New (0-3m),STANDARD RISK,6.0,2.0,145.58,3,0,1,Male,2,3,2,7,At Risk
54379,0,19.0,Mature (13-24m),STANDARD RISK,3.0,13.0,213.65,1,0,3,Female,3,5,5,13,Loyal Customers
54380,0,28.0,Loyal (25m+),LOW RISK,6.0,2.0,184.4,5,0,3,Female,2,3,4,9,At Risk
54381,0,10.0,Established (7-12m),STANDARD RISK,8.0,4.0,184.14,4,0,1,Male,1,5,4,10,Potential Loyalists
54382,0,7.0,Established (7-12m),STANDARD RISK,2.0,2.0,151.22,4,0,1,Female,4,3,2,9,At Risk
54383,0,11.0,Established (7-12m),STANDARD RISK,8.0,2.0,246.85,1,1,1,Male,1,3,5,9,At Risk
54384,0,12.0,Established (7-12m),STANDARD RISK,3.0,6.0,231.09,3,0,3,Male,3,5,5,13,Loyal Customers
54385,0,5.0,Growing (4-6m),STANDARD RISK,5.0,2.0,168.45,3,0,1,Male,2,3,3,8,At Risk
54386,0,31.0,Loyal (25m+),STANDARD RISK,1.0,2.0,146.77,1,0,1,Male,5,3,2,10,Potential Loyalists
54387,0,11.0,Established (7-12m),STANDARD RISK,9.0,6.0,152.93,1,0,3,Male,1,5,2,8,At Risk
54388,0,3.0,New (0-3m),STANDARD RISK,2.0,5.0,204.18,1,0,3,Female,4,5,4,13,Loyal Customers
54389,0,9.0,Established (7-12m),STANDARD RISK,3.0,2.0,212.89,3,0,3,Female,3,3,5,11,Potential Loyalists
54390,1,1.0,New (0-3m),CRITICAL RISK,2.0,2.0,148.89,1,1,1,Male,4,3,2,9,At Risk
54391,0,26.0,Loyal (25m+),STANDARD RISK,3.0,3.0,157.12,1,0,1,Female,3,4,3,10,Potential Loyalists
54392,0,16.0,Mature (13-24m),STANDARD RISK,16.0,12.0,317.32,1,0,1,Male,1,5,5,11,Potential Loyalists
54393,0,31.0,Loyal (25m+),STANDARD RISK,3.0,3.0,147.67,3,0,2,Male,3,4,2,9,At Risk
54394,0,24.0,Mature (13-24m),STANDARD RISK,7.0,2.0,320.17,1,0,3,Female,2,3,5,10,Potential Loyalists
54395,1,1.0,New (0-3m),CRITICAL RISK,5.0,2.0,149.36,1,1,1,Male,2,3,2,7,At Risk
54396,0,17.0,Mature (13-24m),STANDARD RISK,10.0,2.0,285.64,1,1,3,Female,1,3,5,9,At Risk
54397,1,1.0,New (0-3m),STANDARD RISK,8.0,2.0,152.07,5,0,1,Female,1,3,2,6,Lost Customers
54398,0,26.0,Loyal (25m+),STANDARD RISK,13.0,16.0,315.68,3,1,3,Male,1,5,5,11,Potential Loyalists
54399,0,6.0,Growing (4-6m),STANDARD RISK,3.0,2.0,164.31,4,0,3,Female,3,3,3,9,At Risk
54400,1,1.0,New (0-3m),STANDARD RISK,3.0,2.0,162.3,3,1,1,Male,3,3,3,9,At Risk
54401,0,13.0,Mature (13-24m),STANDARD RISK,3.0,2.0,147.32,3,0,1,Female,3,3,2,8,At Risk
54402,0,6.0,Growing (4-6m),MEDIUM RISK,3.0,3.0,169.65,1,0,3,Male,3,4,3,10,Potential Loyalists
54403,0,15.0,Mature (13-24m),LOW RISK,1.0,2.0,155.72,5,0,1,Male,5,3,3,11,Potential Loyalists
54404,0,14.0,Mature (13-24m),STANDARD RISK,8.0,5.0,158.19,1,0,1,Male,1,5,3,9,At Risk
54405,0,19.0,Mature (13-24m),STANDARD RISK,8.0,2.0,317.02,1,0,1,Male,1,3,5,9,At Risk
54406,0,5.0,Growing (4-6m),STANDARD RISK,3.0,3.0,261.75,3,0,1,Male,3,4,5,12,Potential Loyalists
54407,0,7.0,Established (7-12m),STANDARD RISK,3.0,2.0,154.11,1,0,1,Female,3,3,3,9,At Risk
54408,0,8.0,Established (7-12m),STANDARD RISK,10.0,6.0,184.57,5,0,1,Male,1,5,4,10,Potential Loyalists
54409,0,11.0,Established (7-12m),STANDARD RISK,3.0,2.0,164.2,5,0,1,Female,3,3,3,9,At Risk
54410,0,19.0,Mature (13-24m),STANDARD RISK,3.0,2.0,189.34,3,0,1,Male,3,3,4,10,Potential Loyalists
54411,1,1.0,New (0-3m),STANDARD RISK,3.0,2.0,225.48,3,0,1,Male,3,3,5,11,Potential Loyalists
54412,0,13.0,Mature (13-24m),STANDARD RISK,9.0,2.0,234.38,3,0,1,Female,1,3,5,9,At Risk
54413,0,3.0,New (0-3m),STANDARD RISK,6.0,2.0,148.4,1,0,1,Male,2,3,2,7,At Risk
54414,0,16.0,Mature (13-24m),STANDARD RISK,3.0,2.0,190.45,5,1,1,Female,3,3,4,10,Potential Loyalists
54415,0,3.0,New (0-3m),STANDARD RISK,3.0,2.0,194.31,1,0,3,Male,3,3,4,10,Potential Loyalists
54416,0,1.0,New (0-3m),STANDARD RISK,3.0,2.0,173.98,3,0,1,Female,3,3,4,10,Potential Loyalists
54417,0,16.0,Mature (13-24m),STANDARD RISK,9.0,8.0,150.93,5,1,1,Female,1,5,2,8,At Risk
54418,0,14.0,Mature (13-24m),STANDARD RISK,10.0,4.0,319.36,3,0,1,Male,1,5,5,11,Potential Loyalists
54419,0,25.0,Loyal (25m+),STANDARD RISK,1.0,2.0,152.23,1,0,1,Male,5,3,2,10,Potential Loyalists
54420,1,1.0,New (0-3m),STANDARD RISK,5.0,2.0,159.79,4,0,1,Male,2,3,3,8,At Risk
54421,0,6.0,Growing (4-6m),STANDARD RISK,4.0,2.0,152.94,4,0,1,Male,2,3,2,7,At Risk
54422,0,12.0,Established (7-12m),STANDARD RISK,6.0,8.0,177.49,1,0,3,Male,2,5,4,11,Potential Loyalists
54423,0,6.0,Growing (4-6m),STANDARD RISK,5.0,2.0,146.76,5,0,1,Male,2,3,2,7,At Risk
54424,0,20.0,Mature (13-24m),STANDARD RISK,8.0,8.0,293.72,4,1,3,Female,1,5,5,11,Potential Loyalists
54425,1,1.0,New (0-3m),STANDARD RISK,1.0,2.0,159.85,3,0,1,Male,5,3,3,11,Potential Loyalists
54426,0,3.0,New (0-3m),STANDARD RISK,1.0,2.0,191.44,4,0,3,Male,5,3,4,12,Potential Loyalists
54427,0,5.0,Growing (4-6m),MEDIUM RISK,9.0,8.0,180.82,1,0,1,Male,1,5,4,10,Potential Loyalists
54428,0,1.0,New (0-3m),STANDARD RISK,6.0,2.0,165.0,5,0,1,Male,2,3,3,8,At Risk
54429,0,19.0,Mature (13-24m),STANDARD RISK,11.0,2.0,259.96,1,1,1,Male,1,3,5,9,At Risk
54430,0,10.0,Established (7-12m),STANDARD RISK,12.0,11.0,157.1,1,0,1,Male,1,5,3,9,At Risk
54431,0,29.0,Loyal (25m+),STANDARD RISK,14.0,5.0,315.45,5,1,1,Male,1,5,5,11,Potential Loyalists
54432,1,11.0,Established (7-12m),STANDARD RISK,10.0,2.0,243.49,4,1,1,Male,1,3,5,9,At Risk
54433,0,2.0,New (0-3m),STANDARD RISK,5.0,2.0,145.7,1,0,1,Male,2,3,2,7,At Risk
54434,0,11.0,Established (7-12m),STANDARD RISK,2.0,2.0,190.02,1,0,3,Male,4,3,4,11,Potential Loyalists
54435,0,1.0,New (0-3m),STANDARD RISK,1.0,2.0,157.3,3,0,1,Male,5,3,3,11,Potential Loyalists
54436,0,11.0,Established (7-12m),STANDARD RISK,3.0,2.0,261.03,1,1,1,Female,3,3,5,11,Potential Loyalists
54437,0,9.0,Established (7-12m),STANDARD RISK,3.0,2.0,244.96,4,0,1,Female,3,3,5,11,Potential Loyalists
54438,0,12.0,Established (7-12m),STANDARD RISK,8.0,8.0,181.05,5,1,3,Female,1,5,4,10,Potential Loyalists
54439,0,1.0,New (0-3m),STANDARD RISK,5.0,2.0,188.97,4,0,1,Female,2,3,4,9,At Risk
54440,0,24.0,Mature (13-24m),LOW RISK,7.0,2.0,316.44,4,0,1,Male,2,3,5,10,Potential Loyalists
54441,0,27.0,Loyal (25m+),STANDARD RISK,4.0,2.0,300.84,3,1,1,Male,2,3,5,10,Potential Loyalists
54442,0,16.0,Mature (13-24m),STANDARD RISK,7.0,12.0,174.07,3,0,3,Male,2,5,4,11,Potential Loyalists
54443,0,3.0,New (0-3m),STANDARD RISK,10.0,2.0,170.54,1,0,3,Male,1,3,3,7,At Risk
54444,0,29.0,Loyal (25m+),STANDARD RISK,9.0,2.0,179.15,1,1,1,Male,1,3,4,8,At Risk
54445,0,1.0,New (0-3m),STANDARD RISK,4.0,4.0,172.41,5,1,1,Male,2,5,3,10,Potential Loyalists
54446,0,11.0,Established (7-12m),STANDARD RISK,8.0,6.0,146.15,1,0,1,Female,1,5,2,8,At Risk
54447,1,8.0,Established (7-12m),STANDARD RISK,1.0,2.0,156.61,3,1,1,Male,5,3,3,11,Potential Loyalists
54448,0,12.0,Established (7-12m),STANDARD RISK,3.0,2.0,182.45,1,0,1,Male,3,3,4,10,Potential Loyalists
54449,1,1.0,New (0-3m),STANDARD RISK,3.0,2.0,148.73,4,1,1,Male,3,3,2,8,At Risk
54450,0,2.0,New (0-3m),STANDARD RISK,3.0,2.0,158.1,1,0,1,Female,3,3,3,9,At Risk
54451,0,23.0,Mature (13-24m),STANDARD RISK,3.0,2.0,311.65,5,1,1,Female,3,3,5,11,Potential Loyalists
54452,0,10.0,Established (7-12m),STANDARD RISK,8.0,8.0,169.85,4,0,1,Male,1,5,3,9,At Risk
54453,0,5.0,Growing (4-6m),STANDARD RISK,3.0,3.0,152.89,4,0,3,Female,3,4,2,9,At Risk
54454,1,1.0,New (0-3m),CRITICAL RISK,5.0,8.0,183.28,1,1,3,Male,2,5,4,11,Potential Loyalists
54455,0,11.0,Established (7-12m),STANDARD RISK,3.0,2.0,148.26,1,1,1,Male,3,3,2,8,At Risk
54456,0,16.0,Mature (13-24m),LOW RISK,9.0,2.0,260.25,4,0,3,Female,1,3,5,9,At Risk
54457,1,1.0,New (0-3m),STANDARD RISK,1.0,2.0,139.2,3,0,1,Male,5,3,1,9,At Risk
54458,0,9.0,Established (7-12m),STANDARD RISK,10.0,7.0,205.2,4,0,3,Male,1,5,4,10,Potential Loyalists
54459,0,10.0,Established (7-12m),STANDARD RISK,1.0,2.0,161.88,1,0,1,Male,5,3,3,11,Potential Loyalists
54460,0,25.0,Loyal (25m+),LOW RISK,3.0,2.0,179.82,4,0,1,Male,3,3,4,10,Potential Loyalists
54461,0,15.0,Mature (13-24m),LOW RISK,5.0,2.0,285.15,4,0,3,Male,2,3,5,10,Potential Loyalists
54462,0,1.0,New (0-3m),STANDARD RISK,1.0,2.0,137.0,3,0,3,Female,5,3,1,9,At Risk
54463,0,2.0,New (0-3m),STANDARD RISK,8.0,2.0,181.61,5,0,1,Male,1,3,4,8,At Risk
54464,0,5.0,Growing (4-6m),MEDIUM RISK,8.0,8.0,194.29,1,0,3,Male,1,5,4,10,Potential Loyalists
54465,0,13.0,Mature (13-24m),STANDARD RISK,3.0,4.0,221.13,1,0,1,Male,3,5,5,13,Loyal Customers
54466,0,10.0,Established (7-12m),STANDARD RISK,9.0,2.0,181.74,4,0,1,Female,1,3,4,8,At Risk
54467,0,6.0,Growing (4-6m),STANDARD RISK,9.0,5.0,179.84,3,0,3,Male,1,5,4,10,Potential Loyalists
54468,0,12.0,Established (7-12m),STANDARD RISK,2.0,2.0,245.61,4,0,1,Female,4,3,5,12,Potential Loyalists
54469,0,31.0,Loyal (25m+),STANDARD RISK,3.0,2.0,181.6,3,1,1,Male,3,3,4,10,Potential Loyalists
54470,0,5.0,Growing (4-6m),MEDIUM RISK,4.0,2.0,173.21,1,1,1,Male,2,3,4,9,At Risk
54471,0,5.0,Growing (4-6m),STANDARD RISK,1.0,2.0,189.1,5,0,2,Male,5,3,4,12,Potential Loyalists
54472,0,19.0,Mature (13-24m),LOW RISK,12.0,10.0,177.1,5,0,1,Male,1,5,4,10,Potential Loyalists
54473,0,5.0,Growing (4-6m),MEDIUM RISK,3.0,3.0,151.95,1,1,1,Male,3,4,2,9,At Risk
54474,0,7.0,Established (7-12m),STANDARD RISK,9.0,2.0,243.78,4,0,1,Female,1,3,5,9,At Risk
54475,0,1.0,New (0-3m),STANDARD RISK,11.0,12.0,295.68,5,1,1,Male,1,5,5,11,Potential Loyalists
54476,0,17.0,Mature (13-24m),STANDARD RISK,8.0,2.0,149.55,1,0,1,Female,1,3,2,6,Lost Customers
54477,0,23.0,Mature (13-24m),STANDARD RISK,8.0,2.0,264.64,3,1,1,Female,1,3,5,9,At Risk
54478,1,16.0,Mature (13-24m),LOW RISK,8.0,8.0,174.41,4,0,1,Male,1,5,4,10,Potential Loyalists
54479,0,1.0,New (0-3m),STANDARD RISK,3.0,2.0,149.78,4,1,1,Female,3,3,2,8,At Risk
54480,0,6.0,Growing (4-6m),STANDARD RISK,10.0,12.0,177.28,4,1,3,Female,1,5,4,10,Potential Loyalists
54481,0,1.0,New (0-3m),STANDARD RISK,5.0,2.0,169.78,3,1,3,Male,2,3,3,8,At Risk
54482,0,5.0,Growing (4-6m),MEDIUM RISK,8.0,2.0,200.47,1,0,3,Male,1,3,4,8,At Risk
54483,0,6.0,Growing (4-6m),MEDIUM RISK,8.0,2.0,175.55,1,0,1,Female,1,3,4,8,At Risk
54484,1,1.0,New (0-3m),CRITICAL RISK,3.0,3.0,159.64,1,1,1,Male,3,4,3,10,Potential Loyalists
54485,0,4.0,Growing (4-6m),MEDIUM RISK,10.0,2.0,182.75,1,0,1,Female,1,3,4,8,At Risk
54486,0,5.0,Growing (4-6m),STANDARD RISK,3.0,9.0,214.43,3,0,1,Female,3,5,5,13,Loyal Customers
54487,0,13.0,Mature (13-24m),STANDARD RISK,4.0,14.0,317.72,1,0,1,Male,2,5,5,12,Potential Loyalists
54488,1,3.0,New (0-3m),STANDARD RISK,1.0,2.0,177.38,3,1,3,Female,5,3,4,12,Potential Loyalists
54489,0,7.0,Established (7-12m),STANDARD RISK,2.0,2.0,171.82,1,0,3,Male,4,3,3,10,Potential Loyalists
54490,0,21.0,Mature (13-24m),STANDARD RISK,2.0,2.0,308.0,3,0,1,Male,4,3,5,12,Potential Loyalists
54491,0,17.0,Mature (13-24m),STANDARD RISK,1.0,2.0,177.57,3,0,1,Female,5,3,4,12,Potential Loyalists
54492,0,1.0,New (0-3m),STANDARD RISK,5.0,2.0,188.49,4,1,3,Male,2,3,4,9,At Risk
54493,0,28.0,Loyal (25m+),STANDARD RISK,4.0,2.0,173.69,3,0,1,Female,2,3,4,9,At Risk
54494,0,17.0,Mature (13-24m),LOW RISK,3.0,2.0,224.85,5,0,1,Female,3,3,5,11,Potential Loyalists
54495,0,19.0,Mature (13-24m),STANDARD RISK,9.0,10.0,161.97,1,0,1,Male,1,5,3,9,At Risk
54496,0,14.0,Mature (13-24m),STANDARD RISK,3.0,2.0,199.57,1,1,3,Male,3,3,4,10,Potential Loyalists
54497,1,1.0,New (0-3m),STANDARD RISK,8.0,2.0,146.19,5,1,1,Male,1,3,2,6,Lost Customers
54498,0,3.0,New (0-3m),STANDARD RISK,3.0,3.0,164.83,1,0,1,Male,3,4,3,10,Potential Loyalists
54499,0,4.0,Growing (4-6m),STANDARD RISK,3.0,2.0,186.18,3,0,3,Female,3,3,4,10,Potential Loyalists
54500,0,1.0,New (0-3m),STANDARD RISK,8.0,2.0,187.14,4,0,3,Female,1,3,4,8,At Risk
54501,0,11.0,Established (7-12m),STANDARD RISK,5.0,2.0,188.47,1,0,1,Male,2,3,4,9,At Risk
54502,0,12.0,Established (7-12m),STANDARD RISK,10.0,2.0,240.1,1,1,1,Male,1,3,5,9,At Risk
54503,0,5.0,Growing (4-6m),MEDIUM RISK,11.0,5.0,196.43,1,1,1,Female,1,5,4,10,Potential Loyalists
54504,0,3.0,New (0-3m),STANDARD RISK,8.0,2.0,207.68,4,1,3,Female,1,3,4,8,At Risk
54505,0,9.0,Established (7-12m),STANDARD RISK,14.0,2.0,205.95,4,0,1,Male,1,3,4,8,At Risk
54506,0,1.0,New (0-3m),STANDARD RISK,3.0,2.0,154.04,1,0,1,Male,3,3,3,9,At Risk
54507,0,15.0,Mature (13-24m),STANDARD RISK,3.0,2.0,185.32,4,1,1,Male,3,3,4,10,Potential Loyalists
54508,0,21.0,Mature (13-24m),STANDARD RISK,1.0,2.0,154.76,3,0,3,Male,5,3,3,11,Potential Loyalists
54509,0,16.0,Mature (13-24m),STANDARD RISK,1.0,2.0,284.92,1,0,1,Female,5,3,5,13,Loyal Customers
54510,0,3.0,New (0-3m),STANDARD RISK,3.0,2.0,171.49,3,0,3,Male,3,3,3,9,At Risk
54511,0,16.0,Mature (13-24m),STANDARD RISK,1.0,2.0,151.96,3,1,2,Male,5,3,2,10,Potential Loyalists
54512,0,6.0,Growing (4-6m),STANDARD RISK,8.0,2.0,148.7,4,0,1,Female,1,3,2,6,Lost Customers
54513,0,22.0,Mature (13-24m),STANDARD RISK,1.0,2.0,250.04,3,0,3,Female,5,3,5,13,Loyal Customers
54514,0,11.0,Established (7-12m),STANDARD RISK,8.0,7.0,184.74,5,1,1,Male,1,5,4,10,Potential Loyalists
54515,0,4.0,Growing (4-6m),STANDARD RISK,3.0,3.0,172.36,3,1,3,Female,3,4,3,10,Potential Loyalists
54516,0,1.0,New (0-3m),STANDARD RISK,8.0,8.0,177.96,3,0,3,Male,1,5,4,10,Potential Loyalists
54517,0,16.0,Mature (13-24m),STANDARD RISK,1.0,2.0,192.81,1,0,1,Male,5,3,4,12,Potential Loyalists
54518,1,1.0,New (0-3m),STANDARD RISK,3.0,2.0,146.74,4,1,3,Female,3,3,2,8,At Risk
54519,0,10.0,Established (7-12m),STANDARD RISK,1.0,2.0,191.53,1,0,3,Female,5,3,4,12,Potential Loyalists
54520,0,10.0,Established (7-12m),STANDARD RISK,3.0,2.0,221.99,1,0,3,Male,3,3,5,11,Potential Loyalists
54521,0,31.0,Loyal (25m+),STANDARD RISK,3.0,2.0,192.55,3,0,1,Male,3,3,4,10,Potential Loyalists
54522,0,14.0,Mature (13-24m),STANDARD RISK,8.0,2.0,147.13,3,1,1,Female,1,3,2,6,Lost Customers
54523,0,1.0,New (0-3m),STANDARD RISK,3.0,3.0,151.1,1,0,3,Male,3,4,2,9,At Risk
54524,1,1.0,New (0-3m),STANDARD RISK,1.0,2.0,153.51,3,1,3,Female,5,3,2,10,Potential Loyalists
54525,0,11.0,Established (7-12m),STANDARD RISK,4.0,2.0,159.52,5,0,1,Female,2,3,3,8,At Risk
54526,0,20.0,Mature (13-24m),STANDARD RISK,1.0,2.0,177.58,3,0,1,Female,5,3,4,12,Potential Loyalists
54527,1,5.0,Growing (4-6m),STANDARD RISK,3.0,8.0,218.55,4,0,3,Male,3,5,5,13,Loyal Customers
54528,0,24.0,Mature (13-24m),STANDARD RISK,3.0,2.0,229.96,1,0,1,Male,3,3,5,11,Potential Loyalists
54529,1,4.0,Growing (4-6m),STANDARD RISK,1.0,2.0,188.8,3,1,3,Male,5,3,4,12,Potential Loyalists
54530,0,5.0,Growing (4-6m),STANDARD RISK,3.0,3.0,151.57,4,1,1,Male,3,4,2,9,At Risk
54531,1,1.0,New (0-3m),STANDARD RISK,1.0,2.0,152.16,4,0,3,Female,5,3,2,10,Potential Loyalists
54532,0,3.0,New (0-3m),STANDARD RISK,3.0,2.0,147.01,1,0,1,Male,3,3,2,8,At Risk
54533,0,9.0,Established (7-12m),STANDARD RISK,1.0,2.0,190.4,4,0,1,Male,5,3,4,12,Potential Loyalists
54534,0,1.0,New (0-3m),STANDARD RISK,5.0,2.0,163.16,4,0,1,Male,2,3,3,8,At Risk
54535,0,2.0,New (0-3m),STANDARD RISK,8.0,2.0,177.53,1,0,3,Male,1,3,4,8,At Risk
54536,0,23.0,Mature (13-24m),STANDARD RISK,1.0,2.0,234.65,3,0,1,Male,5,3,5,13,Loyal Customers
54537,0,25.0,Loyal (25m+),STANDARD RISK,8.0,2.0,174.36,1,0,3,Female,1,3,4,8,At Risk
54538,0,10.0,Established (7-12m),STANDARD RISK,3.0,3.0,150.43,3,0,1,Female,3,4,2,9,At Risk
54539,1,1.0,New (0-3m),CRITICAL RISK,5.0,2.0,178.04,1,1,3,Male,2,3,4,9,At Risk
54540,0,29.0,Loyal (25m+),STANDARD RISK,3.0,2.0,291.59,1,1,1,Female,3,3,5,11,Potential Loyalists
54541,0,1.0,New (0-3m),STANDARD RISK,4.0,2.0,167.6,3,1,3,Female,2,3,3,8,At Risk
54542,0,4.0,Growing (4-6m),STANDARD RISK,1.0,2.0,149.76,4,0,3,Male,5,3,2,10,Potential Loyalists
54543,1,1.0,New (0-3m),STANDARD RISK,5.0,2.0,156.02,5,0,1,Male,2,3,3,8,At Risk
54544,0,1.0,New (0-3m),STANDARD RISK,3.0,2.0,147.44,4,0,1,Female,3,3,2,8,At Risk
54545,0,10.0,Established (7-12m),STANDARD RISK,1.0,10.0,200.96,3,0,3,Male,5,5,4,14,Loyal Customers
54546,1,1.0,New (0-3m),CRITICAL RISK,1.0,2.0,147.85,1,1,1,Male,5,3,2,10,Potential Loyalists
54547,0,11.0,Established (7-12m),STANDARD RISK,18.0,13.0,155.34,5,0,1,Female,1,5,3,9,At Risk
54548,0,14.0,Mature (13-24m),LOW RISK,4.0,2.0,182.15,4,0,3,Female,2,3,4,9,At Risk
54549,0,16.0,Mature (13-24m),LOW RISK,3.0,2.0,150.76,5,0,1,Female,3,3,2,8,At Risk
54550,0,11.0,Established (7-12m),STANDARD RISK,2.0,2.0,166.97,4,1,1,Male,4,3,3,10,Potential Loyalists
54551,0,17.0,Mature (13-24m),LOW RISK,10.0,4.0,268.36,4,0,1,Male,1,5,5,11,Potential Loyalists
54552,0,14.0,Mature (13-24m),STANDARD RISK,1.0,2.0,159.48,3,0,1,Female,5,3,3,11,Potential Loyalists
54553,0,28.0,Loyal (25m+),LOW RISK,3.0,2.0,319.06,5,0,1,Male,3,3,5,11,Potential Loyalists
54554,0,8.0,Established (7-12m),STANDARD RISK,3.0,2.0,190.38,3,0,3,Female,3,3,4,10,Potential Loyalists
54555,0,5.0,Growing (4-6m),STANDARD RISK,13.0,4.0,168.06,5,0,1,Female,1,5,3,9,At Risk
54556,0,17.0,Mature (13-24m),STANDARD RISK,3.0,2.0,147.58,1,0,1,Male,3,3,2,8,At Risk
54557,0,17.0,Mature (13-24m),STANDARD RISK,3.0,2.0,170.22,3,1,1,Female,3,3,3,9,At Risk
54558,0,1.0,New (0-3m),CRITICAL RISK,4.0,2.0,169.87,1,1,3,Female,2,3,3,8,At Risk
54559,0,11.0,Established (7-12m),STANDARD RISK,8.0,11.0,169.49,3,1,1,Female,1,5,3,9,At Risk
54560,0,5.0,Growing (4-6m),STANDARD RISK,3.0,4.0,147.18,5,0,1,Male,3,5,2,10,Potential Loyalists
54561,0,13.0,Mature (13-24m),STANDARD RISK,7.0,2.0,316.97,3,1,1,Male,2,3,5,10,Potential Loyalists
54562,0,30.0,Loyal (25m+),LOW RISK,8.0,2.0,257.12,5,0,3,Female,1,3,5,9,At Risk
54563,0,4.0,Growing (4-6m),STANDARD RISK,5.0,5.0,190.77,3,0,3,Female,2,5,4,11,Potential Loyalists
54564,0,15.0,Mature (13-24m),LOW RISK,8.0,2.0,208.92,5,0,3,Male,1,3,5,9,At Risk
54565,0,2.0,New (0-3m),STANDARD RISK,9.0,2.0,170.58,5,0,1,Male,1,3,3,7,At Risk
54566,1,1.0,New (0-3m),STANDARD RISK,3.0,2.0,165.31,5,0,1,Male,3,3,3,9,At Risk
54567,0,26.0,Loyal (25m+),STANDARD RISK,5.0,2.0,204.69,3,1,1,Male,2,3,4,9,At Risk
54568,0,19.0,Mature (13-24m),STANDARD RISK,3.0,2.0,151.54,1,0,1,Male,3,3,2,8,At Risk
54569,0,26.0,Loyal (25m+),STANDARD RISK,5.0,2.0,290.55,1,0,1,Female,2,3,5,10,Potential Loyalists
54570,0,16.0,Mature (13-24m),STANDARD RISK,3.0,2.0,170.56,3,0,1,Female,3,3,3,9,At Risk
54571,0,4.0,Growing (4-6m),MEDIUM RISK,3.0,2.0,185.91,1,0,1,Female,3,3,4,10,Potential Loyalists
54572,0,31.0,Loyal (25m+),LOW RISK,11.0,12.0,320.66,5,0,1,Female,1,5,5,11,Potential Loyalists
54573,0,20.0,Mature (13-24m),STANDARD RISK,9.0,2.0,173.1,3,0,1,Female,1,3,4,8,At Risk
54574,0,16.0,Mature (13-24m),STANDARD RISK,5.0,2.0,170.23,1,0,1,Female,2,3,3,8,At Risk
54575,1,1.0,New (0-3m),STANDARD RISK,5.0,2.0,157.02,4,1,3,Female,2,3,3,8,At Risk
54576,1,1.0,New (0-3m),STANDARD RISK,1.0,2.0,148.51,3,0,3,Female,5,3,2,10,Potential Loyalists
54577,0,12.0,Established (7-12m),STANDARD RISK,1.0,2.0,142.02,1,1,1,Male,5,3,2,10,Potential Loyalists
54578,0,14.0,Mature (13-24m),STANDARD RISK,13.0,2.0,305.41,3,0,3,Female,1,3,5,9,At Risk
54579,0,1.0,New (0-3m),STANDARD RISK,3.0,2.0,153.86,1,0,1,Female,3,3,3,9,At Risk
54580,0,4.0,Growing (4-6m),MEDIUM RISK,5.0,2.0,145.97,1,0,1,Male,2,3,2,7,At Risk
54581,0,3.0,New (0-3m),STANDARD RISK,8.0,2.0,244.35,3,0,1,Male,1,3,5,9,At Risk
54582,1,1.0,New (0-3m),STANDARD RISK,2.0,2.0,150.46,4,0,1,Female,4,3,2,9,At Risk
54583,1,1.0,New (0-3m),STANDARD RISK,1.0,2.0,150.64,1,0,2,Male,5,3,2,10,Potential Loyalists
54584,0,4.0,Growing (4-6m),STANDARD RISK,9.0,8.0,209.12,5,0,3,Female,1,5,5,11,Potential Loyalists
54585,0,31.0,Loyal (25m+),STANDARD RISK,1.0,2.0,266.18,1,0,3,Male,5,3,5,13,Loyal Customers
54586,0,24.0,Mature (13-24m),STANDARD RISK,8.0,16.0,295.46,3,0,1,Male,1,5,5,11,Potential Loyalists
54587,0,4.0,Growing (4-6m),MEDIUM RISK,8.0,7.0,150.64,1,0,1,Female,1,5,2,8,At Risk
54588,0,31.0,Loyal (25m+),LOW RISK,3.0,14.0,227.66,5,0,3,Female,3,5,5,13,Loyal Customers
54589,0,21.0,Mature (13-24m),STANDARD RISK,5.0,2.0,175.7,1,0,1,Female,2,3,4,9,At Risk
54590,0,20.0,Mature (13-24m),STANDARD RISK,2.0,2.0,303.61,3,0,1,Male,4,3,5,12,Potential Loyalists
54591,0,9.0,Established (7-12m),STANDARD RISK,4.0,5.0,167.3,3,0,1,Male,2,5,3,10,Potential Loyalists
54592,0,28.0,Loyal (25m+),STANDARD RISK,1.0,2.0,162.8,3,0,1,Female,5,3,3,11,Potential Loyalists
54593,0,8.0,Established (7-12m),STANDARD RISK,8.0,6.0,152.68,3,0,1,Male,1,5,2,8,At Risk
54594,0,6.0,Growing (4-6m),MEDIUM RISK,3.0,2.0,215.71,1,1,3,Female,3,3,5,11,Potential Loyalists
54595,0,5.0,Growing (4-6m),STANDARD RISK,9.0,2.0,231.48,4,0,1,Male,1,3,5,9,At Risk
54596,1,1.0,New (0-3m),STANDARD RISK,8.0,8.0,261.1,3,1,1,Male,1,5,5,11,Potential Loyalists
54597,1,1.0,New (0-3m),STANDARD RISK,4.0,2.0,159.08,1,0,1,Male,2,3,3,8,At Risk
54598,0,4.0,Growing (4-6m),STANDARD RISK,3.0,2.0,154.83,4,0,3,Male,3,3,3,9,At Risk
54599,0,9.0,Established (7-12m),STANDARD RISK,1.0,2.0,201.32,3,1,1,Male,5,3,4,12,Potential Loyalists
54600,1,1.0,New (0-3m),STANDARD RISK,3.0,2.0,223.24,3,0,1,Male,3,3,5,11,Potential Loyalists
54601,1,1.0,New (0-3m),STANDARD RISK,3.0,2.0,224.5,5,1,2,Female,3,3,5,11,Potential Loyalists
54602,0,16.0,Mature (13-24m),STANDARD RISK,1.0,3.0,145.93,3,0,1,Male,5,4,2,11,Potential Loyalists
54603,0,10.0,Established (7-12m),STANDARD RISK,3.0,10.0,224.8,1,0,3,Male,3,5,5,13,Loyal Customers
54604,1,1.0,New (0-3m),STANDARD RISK,3.0,2.0,163.94,3,0,1,Male,3,3,3,9,At Risk
54605,0,22.0,Mature (13-24m),STANDARD RISK,8.0,7.0,165.51,1,0,3,Female,1,5,3,9,At Risk
54606,0,29.0,Loyal (25m+),LOW RISK,9.0,8.0,293.35,4,0,3,Female,1,5,5,11,Potential Loyalists
54607,0,15.0,Mature (13-24m),STANDARD RISK,11.0,2.0,187.3,1,0,3,Male,1,3,4,8,At Risk
54608,0,9.0,Established (7-12m),STANDARD RISK,10.0,7.0,172.17,3,0,3,Male,1,5,3,9,At Risk
54609,0,14.0,Mature (13-24m),STANDARD RISK,14.0,2.0,257.37,3,0,1,Female,1,3,5,9,At Risk
54610,0,13.0,Mature (13-24m),STANDARD RISK,8.0,2.0,162.55,3,0,1,Female,1,3,3,7,At Risk
54611,0,5.0,Growing (4-6m),MEDIUM RISK,6.0,2.0,190.82,1,1,3,Male,2,3,4,9,At Risk
54612,0,16.0,Mature (13-24m),STANDARD RISK,9.0,6.0,199.06,5,1,1,Male,1,5,4,10,Potential Loyalists
54613,0,19.0,Mature (13-24m),LOW RISK,8.0,4.0,173.05,4,0,3,Male,1,5,3,9,At Risk
54614,1,1.0,New (0-3m),STANDARD RISK,1.0,2.0,152.41,3,1,2,Female,5,3,2,10,Potential Loyalists
54615,0,3.0,New (0-3m),STANDARD RISK,3.0,2.0,167.62,1,0,1,Male,3,3,3,9,At Risk
54616,0,7.0,Established (7-12m),STANDARD RISK,6.0,2.0,286.84,3,0,1,Female,2,3,5,10,Potential Loyalists
54617,0,5.0,Growing (4-6m),MEDIUM RISK,2.0,2.0,240.57,1,0,3,Male,4,3,5,12,Potential Loyalists
54618,1,1.0,New (0-3m),STANDARD RISK,1.0,2.0,143.78,4,1,3,Male,5,3,2,10,Potential Loyalists
54619,0,14.0,Mature (13-24m),LOW RISK,2.0,2.0,234.32,5,0,3,Male,4,3,5,12,Potential Loyalists
54620,0,15.0,Mature (13-24m),STANDARD RISK,8.0,2.0,193.11,3,1,1,Female,1,3,4,8,At Risk
54621,0,1.0,New (0-3m),STANDARD RISK,1.0,2.0,168.06,3,0,3,Male,5,3,3,11,Potential Loyalists
54622,0,9.0,Established (7-12m),STANDARD RISK,4.0,2.0,173.59,3,0,3,Female,2,3,4,9,At Risk
54623,0,8.0,Established (7-12m),STANDARD RISK,8.0,6.0,178.37,1,0,3,Male,1,5,4,10,Potential Loyalists
54624,1,1.0,New (0-3m),CRITICAL RISK,1.0,2.0,148.4,1,1,1,Male,5,3,2,10,Potential Loyalists
54625,0,11.0,Established (7-12m),STANDARD RISK,3.0,2.0,199.91,1,0,1,Female,3,3,4,10,Potential Loyalists
54626,0,20.0,Mature (13-24m),STANDARD RISK,3.0,2.0,230.27,3,0,1,Female,3,3,5,11,Potential Loyalists
54627,0,15.0,Mature (13-24m),LOW RISK,9.0,12.0,290.95,5,0,3,Female,1,5,5,11,Potential Loyalists
54628,0,11.0,Established (7-12m),STANDARD RISK,3.0,8.0,213.34,4,0,3,Male,3,5,5,13,Loyal Customers
54629,0,26.0,Loyal (25m+),STANDARD RISK,10.0,7.0,180.77,5,1,1,Male,1,5,4,10,Potential Loyalists
54630,1,1.0,New (0-3m),STANDARD RISK,3.0,2.0,172.07,3,0,3,Male,3,3,3,9,At Risk
54631,0,1.0,New (0-3m),STANDARD RISK,2.0,3.0,149.0,1,0,3,Male,4,4,2,10,Potential Loyalists
54632,0,12.0,Established (7-12m),STANDARD RISK,3.0,2.0,223.24,3,0,1,Female,3,3,5,11,Potential Loyalists
54633,0,11.0,Established (7-12m),STANDARD RISK,4.0,5.0,189.47,4,0,1,Female,2,5,4,11,Potential Loyalists
54634,0,23.0,Mature (13-24m),STANDARD RISK,10.0,2.0,320.02,3,1,1,Male,1,3,5,9,At Risk
54635,0,1.0,New (0-3m),CRITICAL RISK,5.0,2.0,152.25,1,1,1,Male,2,3,2,7,At Risk
54636,0,1.0,New (0-3m),STANDARD RISK,5.0,2.0,187.72,4,0,3,Male,2,3,4,9,At Risk
54637,0,1.0,New (0-3m),STANDARD RISK,1.0,2.0,146.27,4,0,1,Male,5,3,2,10,Potential Loyalists
54638,0,24.0,Mature (13-24m),LOW RISK,8.0,11.0,307.0,4,0,2,Male,1,5,5,11,Potential Loyalists
54639,0,1.0,New (0-3m),STANDARD RISK,7.0,2.0,145.96,3,0,3,Male,2,3,2,7,At Risk
54640,1,1.0,New (0-3m),STANDARD RISK,3.0,2.0,153.86,3,1,1,Female,3,3,3,9,At Risk
54641,1,1.0,New (0-3m),STANDARD RISK,1.0,2.0,145.33,5,0,3,Male,5,3,2,10,Potential Loyalists
54642,0,8.0,Established (7-12m),STANDARD RISK,4.0,2.0,161.22,1,1,1,Male,2,4,3,9,At Risk
54643,1,1.0,New (0-3m),STANDARD RISK,3.0,2.0,167.33,5,0,3,Male,3,4,3,10,Potential Loyalists
54644,0,9.0,Established (7-12m),STANDARD RISK,3.0,2.0,161.81,1,0,1,Male,3,4,3,10,Potential Loyalists
54645,0,5.0,Growing (4-6m),MEDIUM RISK,8.0,6.0,179.6,1,0,3,Male,1,5,4,10,Potential Loyalists
54646,0,1.0,New (0-3m),STANDARD RISK,4.0,2.0,146.87,3,0,1,Female,2,4,2,8,At Risk
54647,0,11.0,Established (7-12m),STANDARD RISK,3.0,2.0,221.02,3,1,3,Male,3,4,5,12,Potential Loyalists
54648,0,1.0,New (0-3m),STANDARD RISK,1.0,2.0,153.36,4,0,1,Female,5,4,2,11,Potential Loyalists
54649,0,16.0,Mature (13-24m),STANDARD RISK,3.0,3.0,165.89,1,0,1,Female,3,4,3,10,Potential Loyalists
54650,0,17.0,Mature (13-24m),STANDARD RISK,1.0,2.0,291.27,1,1,1,Male,5,4,5,14,Loyal Customers
54651,0,12.0,Established (7-12m),STANDARD RISK,1.0,2.0,151.19,5,0,1,Female,5,4,2,11,Potential Loyalists
54652,0,17.0,Mature (13-24m),STANDARD RISK,8.0,5.0,181.79,3,1,1,Male,1,5,4,10,Potential Loyalists
54653,0,22.0,Mature (13-24m),LOW RISK,3.0,2.0,279.02,5,0,1,Female,3,4,5,12,Potential Loyalists
54654,0,18.0,Mature (13-24m),STANDARD RISK,3.0,2.0,184.85,3,0,2,Female,3,4,4,11,Potential Loyalists
54655,0,8.0,Established (7-12m),STANDARD RISK,7.0,2.0,150.79,3,1,3,Female,2,4,2,8,At Risk
54656,1,1.0,New (0-3m),STANDARD RISK,3.0,2.0,155.41,5,0,3,Male,3,4,3,10,Potential Loyalists
54657,0,1.0,New (0-3m),STANDARD RISK,3.0,2.0,159.47,3,0,3,Male,3,4,3,10,Potential Loyalists
54658,0,18.0,Mature (13-24m),STANDARD RISK,2.0,2.0,320.13,1,1,1,Male,4,4,5,13,Loyal Customers
54659,0,1.0,New (0-3m),STANDARD RISK,3.0,3.0,152.73,3,0,1,Male,3,4,2,9,At Risk
54660,0,7.0,Established (7-12m),STANDARD RISK,3.0,2.0,196.04,3,0,3,Male,3,4,4,11,Potential Loyalists
54661,0,6.0,Growing (4-6m),MEDIUM RISK,6.0,2.0,188.22,1,1,1,Female,2,4,4,10,Potential Loyalists
54662,0,4.0,Growing (4-6m),STANDARD RISK,1.0,2.0,145.83,3,0,1,Female,5,4,2,11,Potential Loyalists
54663,0,27.0,Loyal (25m+),LOW RISK,11.0,9.0,208.81,5,0,3,Female,1,5,4,10,Potential Loyalists
54664,0,8.0,Established (7-12m),STANDARD RISK,9.0,9.0,151.91,1,0,1,Male,1,5,2,8,At Risk
54665,1,9.0,Established (7-12m),STANDARD RISK,1.0,2.0,167.86,5,0,3,Female,5,4,3,12,Potential Loyalists
54666,0,1.0,New (0-3m),CRITICAL RISK,3.0,2.0,81.0,1,1,1,Female,3,4,1,8,At Risk
54667,0,11.0,Established (7-12m),STANDARD RISK,3.0,8.0,219.34,3,0,1,Male,3,5,5,13,Loyal Customers
54668,0,3.0,New (0-3m),STANDARD RISK,3.0,2.0,180.61,3,0,3,Female,3,4,4,11,Potential Loyalists
54669,0,9.0,Established (7-12m),STANDARD RISK,9.0,12.0,191.46,1,0,1,Male,1,5,4,10,Potential Loyalists
54670,0,7.0,Established (7-12m),STANDARD RISK,8.0,5.0,202.25,1,0,1,Male,1,5,4,10,Potential Loyalists
54671,0,28.0,Loyal (25m+),LOW RISK,2.0,2.0,232.25,4,0,2,Male,4,4,5,13,Loyal Customers
54672,0,10.0,Established (7-12m),STANDARD RISK,3.0,2.0,213.47,4,1,1,Male,3,4,5,12,Potential Loyalists
54673,0,1.0,New (0-3m),STANDARD RISK,2.0,2.0,145.45,1,0,1,Male,4,4,2,10,Potential Loyalists
54674,1,1.0,New (0-3m),STANDARD RISK,2.0,2.0,135.09,3,1,1,Male,4,4,1,9,At Risk
54675,1,1.0,New (0-3m),STANDARD RISK,8.0,10.0,158.48,5,1,1,Male,1,5,3,9,At Risk
54676,0,9.0,Established (7-12m),STANDARD RISK,1.0,2.0,137.81,3,0,1,Male,5,4,1,10,Potential Loyalists
54677,0,1.0,New (0-3m),STANDARD RISK,3.0,2.0,153.19,5,0,1,Male,3,4,2,9,At Risk
54678,0,1.0,New (0-3m),STANDARD RISK,3.0,2.0,173.51,4,0,3,Male,3,4,4,11,Potential Loyalists
54679,0,12.0,Established (7-12m),STANDARD RISK,6.0,2.0,165.28,1,0,3,Female,2,4,3,9,At Risk
54680,0,3.0,New (0-3m),STANDARD RISK,9.0,3.0,152.2,1,0,1,Male,1,4,2,7,At Risk
54681,0,22.0,Mature (13-24m),LOW RISK,3.0,3.0,206.2,4,0,3,Male,3,4,4,11,Potential Loyalists
54682,0,1.0,New (0-3m),CRITICAL RISK,5.0,2.0,171.47,1,1,3,Female,2,4,3,9,At Risk
54683,0,11.0,Established (7-12m),STANDARD RISK,1.0,2.0,171.8,1,0,1,Male,5,4,3,12,Potential Loyalists
54684,0,24.0,Mature (13-24m),STANDARD RISK,9.0,4.0,157.21,3,1,1,Male,1,5,3,9,At Risk
54685,0,8.0,Established (7-12m),STANDARD RISK,3.0,8.0,211.21,4,0,1,Female,3,5,5,13,Loyal Customers
54686,1,1.0,New (0-3m),STANDARD RISK,1.0,3.0,170.77,3,0,3,Female,5,4,3,12,Potential Loyalists
54687,0,13.0,Mature (13-24m),STANDARD RISK,11.0,12.0,170.53,3,0,1,Female,1,5,3,9,At Risk
54688,0,6.0,Growing (4-6m),MEDIUM RISK,9.0,2.0,178.96,1,0,3,Male,1,4,4,9,At Risk
54689,1,14.0,Mature (13-24m),STANDARD RISK,4.0,2.0,192.96,3,1,3,Male,2,4,4,10,Potential Loyalists
54690,0,12.0,Established (7-12m),STANDARD RISK,9.0,2.0,201.25,1,0,1,Female,1,4,4,9,At Risk
54691,0,1.0,New (0-3m),STANDARD RISK,8.0,2.0,199.12,5,0,1,Female,1,4,4,9,At Risk
54692,0,6.0,Growing (4-6m),MEDIUM RISK,8.0,2.0,236.59,1,0,1,Female,1,4,5,10,Potential Loyalists
54693,0,21.0,Mature (13-24m),LOW RISK,8.0,2.0,174.6,5,0,3,Male,1,4,4,9,At Risk
54694,0,14.0,Mature (13-24m),STANDARD RISK,3.0,2.0,229.75,5,1,3,Male,3,4,5,12,Potential Loyalists
54695,0,27.0,Loyal (25m+),STANDARD RISK,4.0,2.0,273.14,3,0,1,Male,2,4,5,11,Potential Loyalists
54696,0,15.0,Mature (13-24m),STANDARD RISK,7.0,13.0,316.41,1,0,2,Male,2,5,5,12,Potential Loyalists
54697,0,31.0,Loyal (25m+),LOW RISK,3.0,3.0,179.05,5,0,3,Male,3,4,4,11,Potential Loyalists
54698,0,1.0,New (0-3m),STANDARD RISK,3.0,2.0,212.93,5,0,1,Male,3,4,5,12,Potential Loyalists
54699,0,15.0,Mature (13-24m),STANDARD RISK,11.0,3.0,316.89,3,0,2,Male,1,4,5,10,Potential Loyalists
54700,0,24.0,Mature (13-24m),LOW RISK,3.0,3.0,163.75,4,0,3,Male,3,4,3,10,Potential Loyalists
54701,1,1.0,New (0-3m),STANDARD RISK,8.0,4.0,147.16,4,1,1,Female,1,5,2,8,At Risk
54702,0,10.0,Established (7-12m),STANDARD RISK,6.0,2.0,242.13,5,0,1,Female,2,4,5,11,Potential Loyalists
54703,0,12.0,Established (7-12m),STANDARD RISK,1.0,2.0,203.61,3,1,1,Female,5,4,4,13,Loyal Customers
54704,0,18.0,Mature (13-24m),STANDARD RISK,5.0,2.0,162.08,3,0,1,Male,2,4,3,9,At Risk
54705,0,21.0,Mature (13-24m),STANDARD RISK,14.0,12.0,262.7,3,1,3,Female,1,5,5,11,Potential Loyalists
54706,0,4.0,Growing (4-6m),MEDIUM RISK,8.0,8.0,178.04,1,0,3,Male,1,5,4,10,Potential Loyalists
54707,0,3.0,New (0-3m),STANDARD RISK,1.0,2.0,151.42,3,0,3,Male,5,4,2,11,Potential Loyalists
54708,1,6.0,Growing (4-6m),STANDARD RISK,3.0,3.0,152.59,3,1,1,Male,3,4,2,9,At Risk
54709,0,17.0,Mature (13-24m),STANDARD RISK,3.0,3.0,193.04,1,0,3,Male,3,4,4,11,Potential Loyalists
54710,0,8.0,Established (7-12m),STANDARD RISK,4.0,5.0,186.42,3,0,1,Female,2,5,4,11,Potential Loyalists
54711,0,1.0,New (0-3m),STANDARD RISK,3.0,2.0,150.0,5,0,1,Male,3,4,2,9,At Risk
54712,0,13.0,Mature (13-24m),LOW RISK,7.0,4.0,188.89,4,0,2,Female,2,5,4,11,Potential Loyalists
54713,0,30.0,Loyal (25m+),STANDARD RISK,2.0,2.0,236.03,1,0,1,Male,4,4,5,13,Loyal Customers
54714,0,14.0,Mature (13-24m),STANDARD RISK,4.0,3.0,148.42,1,1,1,Female,2,4,2,8,At Risk
54715,0,1.0,New (0-3m),STANDARD RISK,8.0,2.0,193.11,5,0,1,Female,1,4,4,9,At Risk
54716,0,3.0,New (0-3m),STANDARD RISK,3.0,3.0,147.97,4,0,3,Male,3,4,2,9,At Risk
54717,0,27.0,Loyal (25m+),STANDARD RISK,3.0,3.0,149.5,1,0,1,Male,3,4,2,9,At Risk
54718,0,9.0,Established (7-12m),STANDARD RISK,1.0,2.0,175.93,5,0,1,Female,5,4,4,13,Loyal Customers
54719,0,6.0,Growing (4-6m),MEDIUM RISK,8.0,5.0,178.09,1,0,1,Male,1,5,4,10,Potential Loyalists
54720,0,12.0,Established (7-12m),STANDARD RISK,2.0,2.0,155.57,3,1,1,Male,4,4,3,11,Potential Loyalists
54721,0,8.0,Established (7-12m),STANDARD RISK,1.0,2.0,176.21,5,0,1,Female,5,4,4,13,Loyal Customers
54722,0,26.0,Loyal (25m+),LOW RISK,17.0,2.0,293.56,5,0,3,Male,1,4,5,10,Potential Loyalists
54723,1,1.0,New (0-3m),CRITICAL RISK,9.0,8.0,151.86,1,1,1,Male,1,5,2,8,At Risk
54724,0,1.0,New (0-3m),STANDARD RISK,5.0,2.0,186.8,1,0,3,Female,2,4,4,10,Potential Loyalists
54725,0,19.0,Mature (13-24m),STANDARD RISK,2.0,4.0,191.32,3,0,3,Male,4,5,4,13,Loyal Customers
54726,0,1.0,New (0-3m),STANDARD RISK,3.0,2.0,160.05,3,0,1,Male,3,4,3,10,Potential Loyalists
54727,1,11.0,Established (7-12m),STANDARD RISK,4.0,2.0,188.97,3,1,3,Female,2,4,4,10,Potential Loyalists
54728,0,8.0,Established (7-12m),STANDARD RISK,5.0,2.0,187.74,1,0,3,Male,2,4,4,10,Potential Loyalists
54729,1,19.0,Mature (13-24m),STANDARD RISK,5.0,2.0,323.59,5,1,1,Male,2,4,5,11,Potential Loyalists
54730,0,10.0,Established (7-12m),STANDARD RISK,10.0,2.0,200.87,5,0,3,Male,1,4,4,9,At Risk
54731,0,26.0,Loyal (25m+),STANDARD RISK,3.0,2.0,167.58,1,0,1,Male,3,4,3,10,Potential Loyalists
54732,0,1.0,New (0-3m),STANDARD RISK,1.0,3.0,168.64,1,0,1,Female,5,4,3,12,Potential Loyalists
54733,0,3.0,New (0-3m),STANDARD RISK,2.0,2.0,168.35,3,0,1,Female,4,4,3,11,Potential Loyalists
54734,1,1.0,New (0-3m),STANDARD RISK,3.0,2.0,178.26,5,0,3,Male,3,4,4,11,Potential Loyalists
54735,0,8.0,Established (7-12m),STANDARD RISK,4.0,2.0,157.8,1,0,1,Female,2,4,3,9,At Risk
54736,0,28.0,Loyal (25m+),STANDARD RISK,5.0,2.0,179.85,5,1,1,Female,2,4,4,10,Potential Loyalists
54737,0,1.0,New (0-3m),STANDARD RISK,2.0,2.0,168.42,1,0,3,Male,4,4,3,11,Potential Loyalists
54738,0,11.0,Established (7-12m),STANDARD RISK,4.0,5.0,152.82,5,1,1,Female,2,5,2,9,At Risk
54739,0,12.0,Established (7-12m),STANDARD RISK,13.0,5.0,184.8,5,1,1,Female,1,5,4,10,Potential Loyalists
54740,0,8.0,Established (7-12m),STANDARD RISK,4.0,2.0,168.81,5,0,1,Female,2,4,3,9,At Risk
54741,0,9.0,Established (7-12m),STANDARD RISK,3.0,2.0,150.72,1,0,3,Female,3,4,2,9,At Risk
54742,0,4.0,Growing (4-6m),STANDARD RISK,3.0,2.0,163.33,3,0,1,Male,3,4,3,10,Potential Loyalists
54743,0,14.0,Mature (13-24m),LOW RISK,8.0,4.0,167.44,4,0,1,Female,1,5,3,9,At Risk
54744,0,8.0,Established (7-12m),STANDARD RISK,3.0,2.0,190.0,5,0,3,Female,3,4,4,11,Potential Loyalists
54745,0,16.0,Mature (13-24m),STANDARD RISK,10.0,15.0,309.3,1,0,1,Male,1,5,5,11,Potential Loyalists
54746,1,1.0,New (0-3m),STANDARD RISK,1.0,2.0,141.01,5,1,1,Male,5,4,2,11,Potential Loyalists
54747,0,1.0,New (0-3m),STANDARD RISK,1.0,2.0,151.94,4,0,1,Male,5,4,2,11,Potential Loyalists
54748,0,26.0,Loyal (25m+),STANDARD RISK,5.0,2.0,156.49,3,0,1,Female,2,4,3,9,At Risk
54749,0,24.0,Mature (13-24m),STANDARD RISK,4.0,2.0,301.39,3,0,1,Male,2,4,5,11,Potential Loyalists
54750,1,1.0,New (0-3m),STANDARD RISK,1.0,2.0,148.19,5,1,1,Female,5,4,2,11,Potential Loyalists
54751,0,7.0,Established (7-12m),STANDARD RISK,8.0,2.0,241.91000000000005,3,0,1,Male,1,4,5,10,Potential Loyalists
54752,1,1.0,New (0-3m),STANDARD RISK,3.0,2.0,178.24,5,0,3,Female,3,4,4,11,Potential Loyalists
54753,0,21.0,Mature (13-24m),STANDARD RISK,1.0,4.0,292.52,1,1,1,Female,5,5,5,15,Loyal Customers
54754,0,10.0,Established (7-12m),STANDARD RISK,6.0,2.0,177.28,4,0,1,Female,2,4,4,10,Potential Loyalists
54755,0,3.0,New (0-3m),STANDARD RISK,8.0,2.0,152.0,3,0,1,Male,1,4,2,7,At Risk
54756,1,21.0,Mature (13-24m),STANDARD RISK,9.0,14.0,317.46,4,1,1,Male,1,5,5,11,Potential Loyalists
54757,0,9.0,Established (7-12m),STANDARD RISK,3.0,3.0,150.06,3,0,1,Female,3,4,2,9,At Risk
54758,0,16.0,Mature (13-24m),STANDARD RISK,3.0,2.0,185.62,1,1,1,Female,3,4,4,11,Potential Loyalists
54759,1,1.0,New (0-3m),STANDARD RISK,2.0,3.0,168.82,3,0,1,Male,4,4,3,11,Potential Loyalists
54760,0,10.0,Established (7-12m),STANDARD RISK,5.0,2.0,146.43,4,0,2,Male,2,4,2,8,At Risk
54761,0,6.0,Growing (4-6m),STANDARD RISK,9.0,7.0,186.62,3,0,1,Female,1,5,4,10,Potential Loyalists
54762,0,14.0,Mature (13-24m),STANDARD RISK,1.0,2.0,175.94,3,0,1,Male,5,4,4,13,Loyal Customers
54763,0,4.0,Growing (4-6m),MEDIUM RISK,1.0,2.0,193.77,1,1,1,Female,5,4,4,13,Loyal Customers
54764,0,19.0,Mature (13-24m),STANDARD RISK,1.0,2.0,147.74,3,0,1,Female,5,4,2,11,Potential Loyalists
54765,0,16.0,Mature (13-24m),LOW RISK,9.0,8.0,169.34,4,0,1,Male,1,5,3,9,At Risk
54766,0,12.0,Established (7-12m),STANDARD RISK,3.0,2.0,187.88,5,0,1,Male,3,4,4,11,Potential Loyalists
54767,0,8.0,Established (7-12m),STANDARD RISK,4.0,2.0,150.53,1,0,1,Female,2,4,2,8,At Risk
54768,1,13.0,Mature (13-24m),STANDARD RISK,8.0,8.0,201.54,1,0,3,Female,1,5,4,10,Potential Loyalists
54769,1,19.0,Mature (13-24m),STANDARD RISK,4.0,8.0,176.6,1,0,3,Male,2,5,4,11,Potential Loyalists
54770,0,17.0,Mature (13-24m),LOW RISK,1.0,2.0,296.59,5,0,1,Male,5,4,5,14,Loyal Customers
54771,0,1.0,New (0-3m),CRITICAL RISK,9.0,2.0,253.08,1,1,1,Male,1,4,5,10,Potential Loyalists
54772,0,9.0,Established (7-12m),STANDARD RISK,3.0,2.0,227.21,3,0,1,Male,3,4,5,12,Potential Loyalists
54773,0,2.0,New (0-3m),STANDARD RISK,6.0,8.0,172.79,4,1,3,Female,2,5,3,10,Potential Loyalists
54774,0,8.0,Established (7-12m),STANDARD RISK,3.0,2.0,162.37,1,0,2,Male,3,4,3,10,Potential Loyalists
54775,1,1.0,New (0-3m),STANDARD RISK,8.0,2.0,148.66,3,1,1,Female,1,4,2,7,At Risk
54776,0,1.0,New (0-3m),STANDARD RISK,1.0,2.0,142.06,1,0,1,Male,5,4,2,11,Potential Loyalists
54777,0,25.0,Loyal (25m+),STANDARD RISK,18.0,5.0,288.07,3,0,3,Female,1,5,5,11,Potential Loyalists
54778,0,18.0,Mature (13-24m),LOW RISK,4.0,3.0,184.33,4,0,1,Male,2,4,4,10,Potential Loyalists
54779,0,1.0,New (0-3m),STANDARD RISK,2.0,2.0,159.24,5,0,1,Male,4,4,3,11,Potential Loyalists
54780,0,7.0,Established (7-12m),STANDARD RISK,9.0,2.0,165.37,5,0,3,Male,1,4,3,8,At Risk
54781,0,9.0,Established (7-12m),STANDARD RISK,2.0,2.0,150.59,5,0,1,Female,4,4,2,10,Potential Loyalists
54782,0,10.0,Established (7-12m),STANDARD RISK,12.0,5.0,187.01,1,1,3,Male,1,5,4,10,Potential Loyalists
54783,0,6.0,Growing (4-6m),MEDIUM RISK,4.0,2.0,169.03,1,0,3,Male,2,4,3,9,At Risk
54784,0,4.0,Growing (4-6m),MEDIUM RISK,4.0,2.0,162.61,1,0,1,Male,2,4,3,9,At Risk
54785,0,27.0,Loyal (25m+),STANDARD RISK,5.0,2.0,234.34,1,1,3,Female,2,4,5,11,Potential Loyalists
54786,0,19.0,Mature (13-24m),STANDARD RISK,3.0,2.0,232.61,5,1,3,Male,3,4,5,12,Potential Loyalists
54787,0,6.0,Growing (4-6m),STANDARD RISK,4.0,2.0,176.75,3,0,1,Female,2,4,4,10,Potential Loyalists
54788,0,26.0,Loyal (25m+),STANDARD RISK,1.0,2.0,263.26,1,0,1,Female,5,4,5,14,Loyal Customers
54789,0,11.0,Established (7-12m),STANDARD RISK,1.0,2.0,188.34,3,0,3,Male,5,4,4,13,Loyal Customers
54790,0,2.0,New (0-3m),STANDARD RISK,5.0,2.0,174.36,1,0,2,Male,2,4,4,10,Potential Loyalists
54791,0,1.0,New (0-3m),STANDARD RISK,3.0,3.0,172.75,1,0,1,Male,3,4,3,10,Potential Loyalists
54792,0,18.0,Mature (13-24m),STANDARD RISK,3.0,2.0,153.18,1,1,1,Male,3,4,2,9,At Risk
54793,0,16.0,Mature (13-24m),STANDARD RISK,3.0,3.0,150.15,1,1,1,Male,3,4,2,9,At Risk
54794,0,10.0,Established (7-12m),STANDARD RISK,4.0,2.0,148.42,5,0,2,Male,2,4,2,8,At Risk
54795,0,1.0,New (0-3m),STANDARD RISK,4.0,2.0,166.94,5,1,3,Male,2,4,3,9,At Risk
54796,0,9.0,Established (7-12m),STANDARD RISK,16.0,2.0,231.85,3,1,1,Female,1,4,5,10,Potential Loyalists
54797,1,1.0,New (0-3m),STANDARD RISK,9.0,8.0,145.22,4,1,1,Female,1,5,2,8,At Risk
54798,0,6.0,Growing (4-6m),MEDIUM RISK,3.0,2.0,148.14,1,0,1,Male,3,4,2,9,At Risk
54799,0,1.0,New (0-3m),STANDARD RISK,4.0,2.0,167.56,5,0,3,Male,2,4,3,9,At Risk
54800,0,23.0,Mature (13-24m),LOW RISK,3.0,2.0,160.8,5,0,1,Female,3,4,3,10,Potential Loyalists
54801,0,1.0,New (0-3m),STANDARD RISK,5.0,4.0,156.62,1,0,1,Male,2,5,3,10,Potential Loyalists
54802,0,6.0,Growing (4-6m),STANDARD RISK,4.0,6.0,190.24,4,0,3,Male,2,5,4,11,Potential Loyalists
54803,0,12.0,Established (7-12m),STANDARD RISK,3.0,2.0,153.99,4,0,3,Male,3,4,3,10,Potential Loyalists
54804,0,16.0,Mature (13-24m),STANDARD RISK,4.0,2.0,177.31,1,1,1,Female,2,4,4,10,Potential Loyalists
54805,0,5.0,Growing (4-6m),MEDIUM RISK,3.0,2.0,148.56,1,1,1,Male,3,4,2,9,At Risk
54806,1,1.0,New (0-3m),STANDARD RISK,3.0,2.0,153.0,3,1,3,Female,3,4,2,9,At Risk
54807,0,27.0,Loyal (25m+),STANDARD RISK,3.0,2.0,243.36,1,0,3,Male,3,4,5,12,Potential Loyalists
54808,0,9.0,Established (7-12m),STANDARD RISK,9.0,2.0,234.03,4,0,1,Male,1,4,5,10,Potential Loyalists
54809,0,11.0,Established (7-12m),STANDARD RISK,1.0,2.0,154.73,1,0,3,Female,5,4,3,12,Potential Loyalists
54810,0,27.0,Loyal (25m+),STANDARD RISK,9.0,4.0,267.75,1,0,1,Female,1,5,5,11,Potential Loyalists
54811,0,17.0,Mature (13-24m),STANDARD RISK,3.0,3.0,180.62,1,0,1,Female,3,4,4,11,Potential Loyalists
54812,0,21.0,Mature (13-24m),STANDARD RISK,8.0,8.0,170.37,1,1,3,Female,1,5,3,9,At Risk
54813,0,11.0,Established (7-12m),STANDARD RISK,10.0,2.0,201.42,4,1,3,Male,1,4,4,9,At Risk
54814,0,24.0,Mature (13-24m),LOW RISK,8.0,15.0,304.24,5,0,1,Male,1,5,5,11,Potential Loyalists
54815,0,13.0,Mature (13-24m),STANDARD RISK,5.0,2.0,177.04,1,0,2,Female,2,4,4,10,Potential Loyalists
54816,0,7.0,Established (7-12m),STANDARD RISK,4.0,2.0,147.77,4,1,2,Male,2,4,2,8,At Risk
54817,1,1.0,New (0-3m),CRITICAL RISK,2.0,2.0,152.95,1,1,1,Male,4,4,2,10,Potential Loyalists
54818,0,3.0,New (0-3m),STANDARD RISK,4.0,2.0,150.32,1,0,1,Female,2,4,2,8,At Risk
54819,0,18.0,Mature (13-24m),STANDARD RISK,2.0,8.0,150.59,5,1,1,Male,4,5,2,11,Potential Loyalists
54820,0,2.0,New (0-3m),STANDARD RISK,3.0,2.0,174.08,1,0,3,Male,3,4,4,11,Potential Loyalists
54821,1,21.0,Mature (13-24m),STANDARD RISK,1.0,2.0,148.8,1,1,1,Male,5,4,2,11,Potential Loyalists
54822,0,17.0,Mature (13-24m),LOW RISK,1.0,2.0,172.65,4,0,1,Female,5,4,3,12,Potential Loyalists
54823,1,1.0,New (0-3m),STANDARD RISK,3.0,2.0,145.44,3,0,3,Female,3,4,2,9,At Risk
54824,1,1.0,New (0-3m),STANDARD RISK,1.0,2.0,151.93,1,0,1,Female,5,4,2,11,Potential Loyalists
54825,0,10.0,Established (7-12m),STANDARD RISK,12.0,5.0,190.86,1,1,1,Male,1,5,4,10,Potential Loyalists
54826,0,21.0,Mature (13-24m),STANDARD RISK,3.0,2.0,157.94,1,1,3,Female,3,4,3,10,Potential Loyalists
54827,1,1.0,New (0-3m),STANDARD RISK,3.0,2.0,166.71,3,1,1,Female,3,4,3,10,Potential Loyalists
54828,1,5.0,Growing (4-6m),MEDIUM RISK,1.0,2.0,152.78,1,1,1,Female,5,4,2,11,Potential Loyalists
54829,0,2.0,New (0-3m),STANDARD RISK,3.0,3.0,148.77,3,0,1,Female,3,4,2,9,At Risk
54830,1,3.0,New (0-3m),STANDARD RISK,3.0,3.0,149.04,5,1,1,Male,3,4,2,9,At Risk
54831,0,1.0,New (0-3m),STANDARD RISK,1.0,2.0,148.18,3,0,1,Female,5,4,2,11,Potential Loyalists
54832,0,8.0,Established (7-12m),STANDARD RISK,1.0,2.0,145.08,4,0,1,Male,5,4,2,11,Potential Loyalists
54833,0,16.0,Mature (13-24m),STANDARD RISK,4.0,2.0,187.44,3,0,3,Female,2,4,4,10,Potential Loyalists
54834,0,7.0,Established (7-12m),STANDARD RISK,3.0,2.0,152.99,5,1,1,Male,3,4,2,9,At Risk
54835,0,31.0,Loyal (25m+),STANDARD RISK,3.0,2.0,230.52,4,1,1,Female,3,4,5,12,Potential Loyalists
54836,0,5.0,Growing (4-6m),STANDARD RISK,3.0,6.0,148.29,3,0,3,Male,3,5,2,10,Potential Loyalists
54837,0,9.0,Established (7-12m),STANDARD RISK,8.0,2.0,165.14,1,1,1,Female,1,4,3,8,At Risk
54838,0,23.0,Mature (13-24m),LOW RISK,8.0,2.0,199.03,4,0,1,Female,1,4,4,9,At Risk
54839,0,22.0,Mature (13-24m),STANDARD RISK,1.0,2.0,147.59,3,0,1,Male,5,4,2,11,Potential Loyalists
54840,0,5.0,Growing (4-6m),STANDARD RISK,1.0,2.0,194.32,3,0,3,Female,5,4,4,13,Loyal Customers
54841,0,10.0,Established (7-12m),STANDARD RISK,2.0,2.0,171.78,1,0,1,Male,4,4,3,11,Potential Loyalists
54842,0,12.0,Established (7-12m),STANDARD RISK,12.0,6.0,260.82,5,0,1,Female,1,5,5,11,Potential Loyalists
54843,0,6.0,Growing (4-6m),STANDARD RISK,3.0,2.0,148.32,4,0,1,Female,3,4,2,9,At Risk
54844,1,1.0,New (0-3m),STANDARD RISK,1.0,2.0,149.13,4,1,3,Male,5,4,2,11,Potential Loyalists
54845,0,14.0,Mature (13-24m),LOW RISK,3.0,2.0,222.05,4,0,3,Male,3,4,5,12,Potential Loyalists
54846,0,1.0,New (0-3m),STANDARD RISK,8.0,2.0,167.94,5,0,3,Male,1,4,3,8,At Risk
54847,0,15.0,Mature (13-24m),STANDARD RISK,18.0,3.0,172.21,5,1,1,Male,1,4,3,8,At Risk
54848,0,10.0,Established (7-12m),STANDARD RISK,10.0,4.0,150.19,3,0,1,Male,1,5,2,8,At Risk
54849,1,1.0,New (0-3m),STANDARD RISK,1.0,2.0,146.21,4,1,3,Male,5,4,2,11,Potential Loyalists
54850,1,1.0,New (0-3m),STANDARD RISK,1.0,2.0,154.73,5,0,1,Male,5,4,3,12,Potential Loyalists
54851,0,5.0,Growing (4-6m),MEDIUM RISK,6.0,9.0,183.55,1,1,1,Female,2,5,4,11,Potential Loyalists
54852,0,14.0,Mature (13-24m),STANDARD RISK,1.0,2.0,161.17,4,1,1,Male,5,4,3,12,Potential Loyalists
54853,0,6.0,Growing (4-6m),STANDARD RISK,4.0,7.0,192.25,5,0,1,Female,2,5,4,11,Potential Loyalists
54854,1,1.0,New (0-3m),CRITICAL RISK,3.0,4.0,228.25,1,1,3,Male,3,5,5,13,Loyal Customers
54855,0,7.0,Established (7-12m),STANDARD RISK,5.0,2.0,194.49,1,0,1,Female,2,4,4,10,Potential Loyalists
54856,1,1.0,New (0-3m),STANDARD RISK,3.0,12.0,231.09,3,0,3,Male,3,5,5,13,Loyal Customers
54857,0,19.0,Mature (13-24m),LOW RISK,9.0,2.0,169.47,4,0,1,Male,1,4,3,8,At Risk
54858,0,3.0,New (0-3m),STANDARD RISK,3.0,2.0,146.57,1,0,3,Female,3,4,2,9,At Risk
54859,0,9.0,Established (7-12m),STANDARD RISK,1.0,2.0,171.01,3,0,3,Female,5,4,3,12,Potential Loyalists
54860,0,26.0,Loyal (25m+),STANDARD RISK,9.0,8.0,295.99,1,0,1,Male,1,5,5,11,Potential Loyalists
54861,1,21.0,Mature (13-24m),STANDARD RISK,1.0,2.0,149.79,3,0,1,Male,5,4,2,11,Potential Loyalists
54862,0,27.0,Loyal (25m+),STANDARD RISK,3.0,16.0,273.52,3,0,3,Male,3,5,5,13,Loyal Customers
54863,0,4.0,Growing (4-6m),STANDARD RISK,8.0,8.0,197.64,3,0,3,Male,1,5,4,10,Potential Loyalists
54864,0,12.0,Established (7-12m),STANDARD RISK,4.0,2.0,181.66,1,1,3,Female,2,4,4,10,Potential Loyalists
54865,0,9.0,Established (7-12m),STANDARD RISK,9.0,2.0,203.23,1,0,3,Male,1,4,4,9,At Risk
54866,0,13.0,Mature (13-24m),STANDARD RISK,8.0,2.0,203.8,3,0,3,Male,1,4,4,9,At Risk
54867,1,4.0,Growing (4-6m),STANDARD RISK,1.0,2.0,256.94,4,1,3,Female,5,4,5,14,Loyal Customers
54868,0,21.0,Mature (13-24m),STANDARD RISK,8.0,3.0,175.67,3,1,1,Male,1,4,4,9,At Risk
54869,0,10.0,Established (7-12m),STANDARD RISK,8.0,2.0,175.79,1,0,3,Male,1,4,4,9,At Risk
54870,1,1.0,New (0-3m),STANDARD RISK,3.0,2.0,148.21,5,1,1,Male,3,4,2,9,At Risk
54871,0,7.0,Established (7-12m),STANDARD RISK,1.0,7.0,299.44,3,0,3,Male,5,5,5,15,Loyal Customers
54872,1,1.0,New (0-3m),STANDARD RISK,1.0,2.0,149.04,5,1,1,Female,5,4,2,11,Potential Loyalists
54873,0,7.0,Established (7-12m),STANDARD RISK,3.0,2.0,159.52,1,0,1,Female,3,4,3,10,Potential Loyalists
54874,0,19.0,Mature (13-24m),STANDARD RISK,3.0,2.0,147.7,1,0,1,Female,3,4,2,9,At Risk
54875,0,24.0,Mature (13-24m),STANDARD RISK,4.0,2.0,298.99,1,0,1,Male,2,4,5,11,Potential Loyalists
54876,0,7.0,Established (7-12m),STANDARD RISK,3.0,2.0,179.88,4,1,1,Female,3,4,4,11,Potential Loyalists
54877,0,15.0,Mature (13-24m),STANDARD RISK,12.0,2.0,319.19,3,0,1,Male,1,4,5,10,Potential Loyalists
54878,0,1.0,New (0-3m),STANDARD RISK,3.0,3.0,153.11,4,0,1,Female,3,4,2,9,At Risk
54879,0,19.0,Mature (13-24m),STANDARD RISK,9.0,2.0,161.33,5,1,1,Male,1,4,3,8,At Risk
54880,0,21.0,Mature (13-24m),STANDARD RISK,8.0,2.0,166.63,1,1,3,Female,1,4,3,8,At Risk
54881,1,1.0,New (0-3m),STANDARD RISK,2.0,2.0,146.32,3,1,1,Female,4,4,2,10,Potential Loyalists
54882,0,24.0,Mature (13-24m),STANDARD RISK,6.0,2.0,264.73,3,1,1,Male,2,4,5,11,Potential Loyalists
54883,0,12.0,Established (7-12m),STANDARD RISK,3.0,2.0,151.84,3,0,1,Male,3,4,2,9,At Risk
54884,0,20.0,Mature (13-24m),STANDARD RISK,8.0,2.0,233.45,3,0,1,Male,1,4,5,10,Potential Loyalists
54885,0,1.0,New (0-3m),STANDARD RISK,3.0,4.0,168.77,3,0,1,Female,3,5,3,11,Potential Loyalists
54886,1,1.0,New (0-3m),STANDARD RISK,3.0,2.0,162.43,4,1,1,Male,3,4,3,10,Potential Loyalists
54887,0,5.0,Growing (4-6m),STANDARD RISK,4.0,2.0,166.48,5,0,1,Female,2,4,3,9,At Risk
54888,0,1.0,New (0-3m),STANDARD RISK,1.0,2.0,135.51,1,0,1,Male,5,4,1,10,Potential Loyalists
54889,0,28.0,Loyal (25m+),STANDARD RISK,9.0,2.0,232.39,3,0,1,Female,1,4,5,10,Potential Loyalists
54890,0,9.0,Established (7-12m),STANDARD RISK,3.0,11.0,228.88,3,1,1,Female,3,5,5,13,Loyal Customers
54891,0,4.0,Growing (4-6m),STANDARD RISK,8.0,2.0,239.16000000000005,5,1,1,Female,1,4,5,10,Potential Loyalists
54892,1,1.0,New (0-3m),STANDARD RISK,1.0,2.0,151.0,5,1,1,Female,5,4,2,11,Potential Loyalists
54893,1,1.0,New (0-3m),STANDARD RISK,3.0,2.0,149.22,4,0,1,Female,3,4,2,9,At Risk
54894,0,1.0,New (0-3m),STANDARD RISK,4.0,2.0,179.72,1,0,1,Male,2,4,4,10,Potential Loyalists
54895,0,1.0,New (0-3m),STANDARD RISK,2.0,2.0,149.51,5,0,1,Male,4,4,2,10,Potential Loyalists
54896,0,22.0,Mature (13-24m),STANDARD RISK,3.0,3.0,167.4,3,0,1,Male,3,4,3,10,Potential Loyalists
54897,0,22.0,Mature (13-24m),STANDARD RISK,9.0,2.0,234.99,3,0,1,Male,1,4,5,10,Potential Loyalists
54898,0,15.0,Mature (13-24m),STANDARD RISK,2.0,3.0,175.03,3,0,1,Female,4,4,4,12,Potential Loyalists
54899,0,13.0,Mature (13-24m),STANDARD RISK,9.0,2.0,252.42,1,0,1,Female,1,4,5,10,Potential Loyalists
54900,0,1.0,New (0-3m),STANDARD RISK,3.0,3.0,167.27,1,0,1,Female,3,4,3,10,Potential Loyalists
54901,0,9.0,Established (7-12m),STANDARD RISK,3.0,2.0,164.17,1,0,1,Male,3,4,3,10,Potential Loyalists
54902,0,1.0,New (0-3m),STANDARD RISK,1.0,2.0,308.03,3,0,3,Male,5,4,5,14,Loyal Customers
54903,0,24.0,Mature (13-24m),STANDARD RISK,1.0,2.0,148.8,1,0,1,Male,5,4,2,11,Potential Loyalists
54904,0,31.0,Loyal (25m+),STANDARD RISK,4.0,5.0,262.26,1,1,1,Female,2,5,5,12,Potential Loyalists
54905,1,1.0,New (0-3m),STANDARD RISK,1.0,2.0,172.77,4,0,1,Female,5,4,3,12,Potential Loyalists
54906,0,29.0,Loyal (25m+),STANDARD RISK,8.0,7.0,188.85,4,1,1,Male,1,5,4,10,Potential Loyalists
54907,0,15.0,Mature (13-24m),STANDARD RISK,11.0,6.0,324.73,3,0,1,Female,1,5,5,11,Potential Loyalists
54908,0,12.0,Established (7-12m),STANDARD RISK,1.0,2.0,193.61,1,1,3,Male,5,4,4,13,Loyal Customers
54909,1,1.0,New (0-3m),STANDARD RISK,3.0,3.0,174.69,5,0,3,Male,3,4,4,11,Potential Loyalists
54910,1,16.0,Mature (13-24m),STANDARD RISK,10.0,7.0,323.45,1,0,3,Female,1,5,5,11,Potential Loyalists
54911,0,18.0,Mature (13-24m),STANDARD RISK,12.0,2.0,258.2,1,1,3,Female,1,4,5,10,Potential Loyalists
54912,0,24.0,Mature (13-24m),STANDARD RISK,14.0,2.0,188.47,3,0,3,Female,1,4,4,9,At Risk
54913,1,1.0,New (0-3m),STANDARD RISK,15.0,16.0,152.43,5,0,1,Female,1,5,2,8,At Risk
54914,0,13.0,Mature (13-24m),STANDARD RISK,9.0,2.0,233.8,5,1,1,Female,1,4,5,10,Potential Loyalists
54915,0,7.0,Established (7-12m),STANDARD RISK,3.0,3.0,148.42,1,0,3,Female,3,4,2,9,At Risk
54916,0,19.0,Mature (13-24m),STANDARD RISK,2.0,2.0,301.5,1,0,3,Female,4,4,5,13,Loyal Customers
54917,0,6.0,Growing (4-6m),STANDARD RISK,8.0,8.0,165.25,3,0,1,Female,1,5,3,9,At Risk
54918,0,8.0,Established (7-12m),STANDARD RISK,3.0,2.0,222.25,1,0,3,Male,3,4,5,12,Potential Loyalists
54919,0,31.0,Loyal (25m+),STANDARD RISK,5.0,2.0,244.04,1,1,3,Male,2,4,5,11,Potential Loyalists
54920,0,19.0,Mature (13-24m),LOW RISK,5.0,2.0,146.77,4,0,2,Male,2,4,2,8,At Risk
54921,0,27.0,Loyal (25m+),LOW RISK,13.0,7.0,200.25,4,0,3,Female,1,5,4,10,Potential Loyalists
54922,1,1.0,New (0-3m),STANDARD RISK,1.0,2.0,173.34,3,0,1,Male,5,4,4,13,Loyal Customers
54923,1,1.0,New (0-3m),STANDARD RISK,3.0,2.0,145.42,5,1,1,Male,3,4,2,9,At Risk
54924,0,8.0,Established (7-12m),STANDARD RISK,1.0,2.0,147.2,3,1,3,Female,5,4,2,11,Potential Loyalists
54925,0,2.0,New (0-3m),STANDARD RISK,1.0,2.0,135.52,4,0,3,Male,5,4,1,10,Potential Loyalists
54926,0,12.0,Established (7-12m),STANDARD RISK,3.0,3.0,153.21,3,0,1,Male,3,4,2,9,At Risk
54927,0,24.0,Mature (13-24m),STANDARD RISK,8.0,8.0,317.37,3,1,1,Male,1,5,5,11,Potential Loyalists
54928,0,11.0,Established (7-12m),STANDARD RISK,2.0,2.0,166.07,4,0,1,Female,4,4,3,11,Potential Loyalists
54929,0,14.0,Mature (13-24m),LOW RISK,6.0,8.0,208.96,5,0,3,Male,2,5,5,12,Potential Loyalists
54930,0,1.0,New (0-3m),STANDARD RISK,4.0,2.0,145.07,3,0,1,Female,2,4,2,8,At Risk
54931,0,20.0,Mature (13-24m),STANDARD RISK,3.0,3.0,321.27,1,0,1,Male,3,4,5,12,Potential Loyalists
54932,0,28.0,Loyal (25m+),STANDARD RISK,1.0,2.0,231.86,3,0,3,Female,5,4,5,14,Loyal Customers
54933,0,30.0,Loyal (25m+),STANDARD RISK,4.0,2.0,154.42,3,0,1,Female,2,4,3,9,At Risk
54934,0,10.0,Established (7-12m),STANDARD RISK,3.0,8.0,213.58,1,0,1,Female,3,5,5,13,Loyal Customers
54935,0,29.0,Loyal (25m+),LOW RISK,3.0,7.0,292.56,5,0,1,Male,3,5,5,13,Loyal Customers
54936,0,17.0,Mature (13-24m),STANDARD RISK,1.0,2.0,232.98,1,0,3,Male,5,4,5,14,Loyal Customers
54937,1,1.0,New (0-3m),CRITICAL RISK,3.0,2.0,148.23,1,1,3,Female,3,4,2,9,At Risk
54938,1,1.0,New (0-3m),STANDARD RISK,1.0,2.0,139.16,5,0,1,Female,5,4,1,10,Potential Loyalists
54939,0,20.0,Mature (13-24m),STANDARD RISK,8.0,2.0,171.15,5,1,1,Female,1,4,3,8,At Risk
54940,1,15.0,Mature (13-24m),STANDARD RISK,8.0,3.0,149.61,3,1,1,Male,1,4,2,7,At Risk
54941,1,1.0,New (0-3m),STANDARD RISK,3.0,2.0,212.22,5,0,1,Male,3,4,5,12,Potential Loyalists
54942,0,1.0,New (0-3m),STANDARD RISK,4.0,2.0,164.55,5,0,1,Male,2,4,3,9,At Risk
54943,0,4.0,Growing (4-6m),STANDARD RISK,3.0,2.0,224.57,5,0,1,Male,3,4,5,12,Potential Loyalists
54944,0,15.0,Mature (13-24m),STANDARD RISK,9.0,2.0,158.76,3,0,1,Female,1,4,3,8,At Risk
54945,0,12.0,Established (7-12m),STANDARD RISK,3.0,2.0,213.23,3,0,1,Female,3,4,5,12,Potential Loyalists
54946,0,14.0,Mature (13-24m),STANDARD RISK,3.0,12.0,228.22,1,0,1,Male,3,5,5,13,Loyal Customers
54947,0,1.0,New (0-3m),STANDARD RISK,3.0,2.0,171.21,3,0,1,Male,3,4,3,10,Potential Loyalists
54948,0,29.0,Loyal (25m+),LOW RISK,3.0,2.0,234.76,4,0,1,Male,3,4,5,12,Potential Loyalists
54949,0,2.0,New (0-3m),STANDARD RISK,8.0,2.0,161.6,3,0,1,Female,1,4,3,8,At Risk
54950,1,8.0,Established (7-12m),STANDARD RISK,3.0,4.0,229.82,5,0,2,Male,3,5,5,13,Loyal Customers
54951,0,7.0,Established (7-12m),STANDARD RISK,3.0,2.0,196.19,1,0,1,Male,3,4,4,11,Potential Loyalists
54952,1,1.0,New (0-3m),STANDARD RISK,3.0,5.0,220.82,5,1,3,Male,3,5,5,13,Loyal Customers
54953,1,1.0,New (0-3m),STANDARD RISK,9.0,4.0,170.08,3,0,1,Female,1,5,3,9,At Risk
54954,0,2.0,New (0-3m),STANDARD RISK,3.0,3.0,147.07,3,0,1,Male,3,4,2,9,At Risk
54955,0,8.0,Established (7-12m),STANDARD RISK,5.0,2.0,202.56,1,0,1,Male,2,4,4,10,Potential Loyalists
54956,0,11.0,Established (7-12m),STANDARD RISK,1.0,2.0,191.94,1,1,3,Female,5,4,4,13,Loyal Customers
54957,1,1.0,New (0-3m),CRITICAL RISK,7.0,6.0,161.91,1,1,1,Male,2,5,3,10,Potential Loyalists
54958,1,1.0,New (0-3m),STANDARD RISK,1.0,2.0,148.77,3,0,1,Male,5,4,2,11,Potential Loyalists
54959,1,1.0,New (0-3m),STANDARD RISK,3.0,3.0,148.13,4,1,1,Male,3,4,2,9,At Risk
54960,0,16.0,Mature (13-24m),LOW RISK,8.0,14.0,301.65,5,0,1,Male,1,5,5,11,Potential Loyalists
54961,1,1.0,New (0-3m),STANDARD RISK,1.0,2.0,150.96,4,0,1,Male,5,4,2,11,Potential Loyalists
54962,1,14.0,Mature (13-24m),STANDARD RISK,1.0,2.0,172.28,3,1,3,Male,5,4,3,12,Potential Loyalists
54963,0,7.0,Established (7-12m),STANDARD RISK,3.0,2.0,168.02,4,0,3,Female,3,4,3,10,Potential Loyalists
54964,0,8.0,Established (7-12m),STANDARD RISK,1.0,2.0,154.79,1,0,1,Male,5,4,3,12,Potential Loyalists
54965,0,22.0,Mature (13-24m),STANDARD RISK,2.0,3.0,293.85,1,0,1,Male,4,4,5,13,Loyal Customers
54966,0,19.0,Mature (13-24m),STANDARD RISK,13.0,5.0,180.93,3,0,3,Female,1,5,4,10,Potential Loyalists
54967,0,26.0,Loyal (25m+),LOW RISK,3.0,5.0,229.45,4,0,1,Male,3,5,5,13,Loyal Customers
54968,0,12.0,Established (7-12m),STANDARD RISK,3.0,3.0,212.4,3,1,3,Male,3,4,5,12,Potential Loyalists
54969,0,3.0,New (0-3m),STANDARD RISK,8.0,2.0,150.14,1,0,1,Female,1,4,2,7,At Risk
54970,0,2.0,New (0-3m),STANDARD RISK,8.0,2.0,201.55,4,0,1,Female,1,4,4,9,At Risk
54971,0,20.0,Mature (13-24m),STANDARD RISK,10.0,5.0,299.65,3,0,3,Male,1,5,5,11,Potential Loyalists
54972,0,12.0,Established (7-12m),STANDARD RISK,1.0,2.0,198.51,4,0,3,Male,5,4,4,13,Loyal Customers
54973,0,17.0,Mature (13-24m),LOW RISK,2.0,2.0,233.2,5,0,1,Female,4,4,5,13,Loyal Customers
54974,1,3.0,New (0-3m),STANDARD RISK,6.0,2.0,246.69,1,0,1,Male,2,4,5,11,Potential Loyalists
54975,0,14.0,Mature (13-24m),STANDARD RISK,10.0,5.0,321.26,3,0,1,Male,1,5,5,11,Potential Loyalists
54976,0,1.0,New (0-3m),STANDARD RISK,3.0,3.0,145.7,4,1,1,Female,3,4,2,9,At Risk
54977,0,13.0,Mature (13-24m),LOW RISK,4.0,2.0,192.82,4,0,1,Male,2,4,4,10,Potential Loyalists
54978,0,10.0,Established (7-12m),STANDARD RISK,10.0,2.0,202.79,1,0,1,Male,1,4,4,9,At Risk
54979,0,5.0,Growing (4-6m),MEDIUM RISK,3.0,3.0,152.91,1,0,3,Male,3,4,2,9,At Risk
54980,0,2.0,New (0-3m),STANDARD RISK,5.0,2.0,157.01,4,0,1,Male,2,4,3,9,At Risk
54981,0,9.0,Established (7-12m),STANDARD RISK,3.0,2.0,174.68,1,0,3,Male,3,4,4,11,Potential Loyalists
54982,0,23.0,Mature (13-24m),LOW RISK,4.0,2.0,256.2,4,0,3,Male,2,4,5,11,Potential Loyalists
54983,0,8.0,Established (7-12m),STANDARD RISK,3.0,2.0,165.33,3,0,1,Male,3,4,3,10,Potential Loyalists
54984,0,3.0,New (0-3m),STANDARD RISK,2.0,2.0,157.91,4,0,1,Female,4,4,3,11,Potential Loyalists
54985,0,16.0,Mature (13-24m),STANDARD RISK,1.0,2.0,167.72,1,0,1,Male,5,4,3,12,Potential Loyalists
54986,0,3.0,New (0-3m),CRITICAL RISK,3.0,2.0,175.56,1,1,1,Male,3,4,4,11,Potential Loyalists
54987,0,12.0,Established (7-12m),STANDARD RISK,1.0,6.0,153.44,3,0,2,Male,5,5,2,12,Potential Loyalists
54988,0,2.0,New (0-3m),STANDARD RISK,3.0,2.0,152.03,3,1,1,Male,3,4,2,9,At Risk
54989,1,1.0,New (0-3m),STANDARD RISK,1.0,2.0,144.04,3,0,1,Male,5,4,2,11,Potential Loyalists
54990,1,1.0,New (0-3m),STANDARD RISK,4.0,2.0,207.24,5,1,3,Female,2,4,4,10,Potential Loyalists
54991,0,15.0,Mature (13-24m),STANDARD RISK,1.0,2.0,172.66,1,1,1,Male,5,4,3,12,Potential Loyalists
54992,1,1.0,New (0-3m),STANDARD RISK,3.0,3.0,151.1,3,0,1,Male,3,4,2,9,At Risk
54993,0,11.0,Established (7-12m),STANDARD RISK,4.0,2.0,182.31,1,0,1,Female,2,4,4,10,Potential Loyalists
54994,0,1.0,New (0-3m),STANDARD RISK,3.0,3.0,150.39,3,0,1,Male,3,4,2,9,At Risk
54995,0,8.0,Established (7-12m),STANDARD RISK,4.0,2.0,182.14,3,0,3,Female,2,4,4,10,Potential Loyalists
54996,0,9.0,Established (7-12m),STANDARD RISK,5.0,2.0,168.23,3,0,2,Male,2,4,3,9,At Risk
54997,1,1.0,New (0-3m),STANDARD RISK,11.0,4.0,198.36,5,0,3,Female,1,5,4,10,Potential Loyalists
54998,0,14.0,Mature (13-24m),STANDARD RISK,14.0,2.0,259.99,3,0,1,Female,1,4,5,10,Potential Loyalists
54999,1,6.0,Growing (4-6m),STANDARD RISK,15.0,14.0,262.58,5,1,3,Male,1,5,5,11,Potential Loyalists
55000,0,16.0,Mature (13-24m),LOW RISK,6.0,2.0,176.55,5,0,3,Male,2,4,4,10,Potential Loyalists
55001,0,9.0,Established (7-12m),STANDARD RISK,8.0,2.0,147.58,3,0,1,Male,1,4,2,7,At Risk
55002,0,1.0,New (0-3m),STANDARD RISK,3.0,2.0,160.97,4,0,1,Male,3,4,3,10,Potential Loyalists
55003,1,1.0,New (0-3m),CRITICAL RISK,1.0,2.0,150.15,1,1,1,Female,5,4,2,11,Potential Loyalists
55004,0,1.0,New (0-3m),STANDARD RISK,8.0,2.0,169.2,1,0,1,Male,1,4,3,8,At Risk
55005,0,4.0,Growing (4-6m),STANDARD RISK,5.0,2.0,190.78,3,0,3,Male,2,4,4,10,Potential Loyalists
55006,0,14.0,Mature (13-24m),STANDARD RISK,1.0,2.0,169.22,1,1,1,Female,5,4,3,12,Potential Loyalists
55007,0,9.0,Established (7-12m),STANDARD RISK,3.0,7.0,227.74,4,0,1,Male,3,5,5,13,Loyal Customers
55008,0,8.0,Established (7-12m),STANDARD RISK,10.0,5.0,178.43,5,0,1,Male,1,5,4,10,Potential Loyalists
55009,0,9.0,Established (7-12m),STANDARD RISK,3.0,3.0,148.76,1,0,1,Male,3,4,2,9,At Risk
55010,1,7.0,Established (7-12m),STANDARD RISK,4.0,2.0,178.46,3,0,3,Female,2,4,4,10,Potential Loyalists
55011,0,6.0,Growing (4-6m),STANDARD RISK,1.0,2.0,153.27,5,0,3,Female,5,4,2,11,Potential Loyalists
55012,0,30.0,Loyal (25m+),LOW RISK,3.0,5.0,324.43,5,0,1,Female,3,5,5,13,Loyal Customers
55013,0,3.0,New (0-3m),STANDARD RISK,9.0,2.0,156.31,1,0,1,Female,1,4,3,8,At Risk
55014,0,1.0,New (0-3m),STANDARD RISK,1.0,2.0,150.52,5,0,1,Male,5,4,2,11,Potential Loyalists
55015,0,19.0,Mature (13-24m),STANDARD RISK,3.0,2.0,169.77,3,1,1,Female,3,4,3,10,Potential Loyalists
55016,0,11.0,Established (7-12m),STANDARD RISK,12.0,4.0,189.74,1,0,1,Female,1,5,4,10,Potential Loyalists
55017,0,1.0,New (0-3m),STANDARD RISK,3.0,2.0,155.33,3,0,1,Male,3,4,3,10,Potential Loyalists
55018,1,8.0,Established (7-12m),STANDARD RISK,3.0,2.0,154.36,3,1,1,Male,3,4,3,10,Potential Loyalists
55019,0,27.0,Loyal (25m+),STANDARD RISK,8.0,5.0,311.06,3,0,1,Female,1,5,5,11,Potential Loyalists
55020,0,3.0,New (0-3m),CRITICAL RISK,4.0,2.0,146.68,1,1,1,Female,2,4,2,8,At Risk
55021,1,1.0,New (0-3m),CRITICAL RISK,1.0,2.0,153.53,1,1,1,Male,5,4,2,11,Potential Loyalists
55022,0,20.0,Mature (13-24m),LOW RISK,10.0,16.0,295.48,5,0,3,Female,1,5,5,11,Potential Loyalists
55023,0,18.0,Mature (13-24m),STANDARD RISK,1.0,2.0,147.9,3,0,1,Male,5,4,2,11,Potential Loyalists
55024,0,7.0,Established (7-12m),STANDARD RISK,5.0,2.0,161.0,3,0,2,Male,2,4,3,9,At Risk
55025,1,5.0,Growing (4-6m),STANDARD RISK,1.0,2.0,146.07,5,0,1,Male,5,4,2,11,Potential Loyalists
55026,0,4.0,Growing (4-6m),STANDARD RISK,4.0,2.0,166.15,5,0,3,Male,2,4,3,9,At Risk
55027,0,14.0,Mature (13-24m),LOW RISK,1.0,2.0,168.27,4,0,3,Male,5,4,3,12,Potential Loyalists
55028,0,24.0,Mature (13-24m),LOW RISK,3.0,3.0,303.56,5,0,1,Female,3,4,5,12,Potential Loyalists
55029,0,2.0,New (0-3m),STANDARD RISK,4.0,4.0,156.96,5,0,1,Male,2,5,3,10,Potential Loyalists
55030,0,20.0,Mature (13-24m),LOW RISK,4.0,2.0,315.81,4,0,1,Male,2,4,5,11,Potential Loyalists
55031,0,9.0,Established (7-12m),STANDARD RISK,3.0,2.0,214.66,5,1,3,Male,3,4,5,12,Potential Loyalists
55032,1,1.0,New (0-3m),STANDARD RISK,1.0,2.0,147.1,4,0,1,Female,5,4,2,11,Potential Loyalists
55033,0,7.0,Established (7-12m),STANDARD RISK,2.0,2.0,170.39,3,0,3,Female,4,4,3,11,Potential Loyalists
55034,0,10.0,Established (7-12m),STANDARD RISK,8.0,2.0,152.41,3,0,1,Male,1,4,2,7,At Risk
55035,0,4.0,Growing (4-6m),STANDARD RISK,10.0,9.0,159.91,3,0,1,Male,1,5,3,9,At Risk
55036,0,18.0,Mature (13-24m),STANDARD RISK,18.0,14.0,170.41,1,0,1,Male,1,5,3,9,At Risk
55037,0,1.0,New (0-3m),STANDARD RISK,3.0,3.0,151.78,1,0,3,Male,3,4,2,9,At Risk
55038,0,20.0,Mature (13-24m),STANDARD RISK,5.0,2.0,198.79,1,0,1,Male,2,4,4,10,Potential Loyalists
55039,0,16.0,Mature (13-24m),LOW RISK,4.0,2.0,187.72,5,0,2,Male,2,4,4,10,Potential Loyalists
55040,0,31.0,Loyal (25m+),STANDARD RISK,10.0,2.0,177.2,1,1,3,Male,1,4,4,9,At Risk
55041,0,6.0,Growing (4-6m),STANDARD RISK,3.0,3.0,159.0,4,0,1,Female,3,4,3,10,Potential Loyalists
55042,0,6.0,Growing (4-6m),STANDARD RISK,8.0,2.0,174.98,3,1,1,Female,1,4,4,9,At Risk
55043,0,10.0,Established (7-12m),STANDARD RISK,3.0,8.0,227.52,5,1,1,Female,3,5,5,13,Loyal Customers
55044,0,7.0,Established (7-12m),STANDARD RISK,11.0,5.0,152.81,1,0,1,Male,1,5,2,8,At Risk
55045,0,14.0,Mature (13-24m),LOW RISK,4.0,2.0,193.52,4,0,3,Female,2,4,4,10,Potential Loyalists
55046,0,1.0,New (0-3m),STANDARD RISK,2.0,2.0,174.5,1,0,3,Male,4,4,4,12,Potential Loyalists
55047,0,4.0,Growing (4-6m),STANDARD RISK,8.0,6.0,160.79,4,1,1,Male,1,5,3,9,At Risk
55048,0,16.0,Mature (13-24m),STANDARD RISK,1.0,2.0,256.91,5,1,1,Female,5,4,5,14,Loyal Customers
55049,0,9.0,Established (7-12m),STANDARD RISK,3.0,5.0,228.77,1,1,3,Female,3,5,5,13,Loyal Customers
55050,0,1.0,New (0-3m),STANDARD RISK,9.0,7.0,147.35,5,1,1,Male,1,5,2,8,At Risk
55051,0,28.0,Loyal (25m+),STANDARD RISK,3.0,2.0,230.02,3,0,1,Female,3,4,5,12,Potential Loyalists
55052,0,18.0,Mature (13-24m),STANDARD RISK,8.0,8.0,145.11,1,0,1,Female,1,5,2,8,At Risk
55053,1,1.0,New (0-3m),STANDARD RISK,1.0,2.0,143.59,4,1,1,Female,5,4,2,11,Potential Loyalists
55054,0,3.0,New (0-3m),STANDARD RISK,3.0,2.0,162.6,1,0,1,Female,3,4,3,10,Potential Loyalists
55055,0,28.0,Loyal (25m+),STANDARD RISK,10.0,2.0,302.79,1,0,1,Male,1,4,5,10,Potential Loyalists
55056,0,5.0,Growing (4-6m),STANDARD RISK,2.0,2.0,193.33,5,1,1,Male,4,4,4,12,Potential Loyalists
55057,0,5.0,Growing (4-6m),STANDARD RISK,9.0,2.0,193.12,5,0,1,Female,1,4,4,9,At Risk
55058,0,31.0,Loyal (25m+),STANDARD RISK,6.0,2.0,176.71,1,0,3,Female,2,4,4,10,Potential Loyalists
55059,0,17.0,Mature (13-24m),STANDARD RISK,8.0,2.0,322.4,1,0,1,Male,1,4,5,10,Potential Loyalists
55060,0,23.0,Mature (13-24m),STANDARD RISK,1.0,2.0,312.11,3,0,1,Male,5,4,5,14,Loyal Customers
55061,0,10.0,Established (7-12m),STANDARD RISK,8.0,2.0,161.92,4,0,1,Male,1,4,3,8,At Risk
55062,0,22.0,Mature (13-24m),LOW RISK,1.0,2.0,150.59,4,0,1,Male,5,4,2,11,Potential Loyalists
55063,0,1.0,New (0-3m),STANDARD RISK,4.0,2.0,150.17,3,0,1,Male,2,4,2,8,At Risk
55064,0,3.0,New (0-3m),CRITICAL RISK,1.0,2.0,191.23,1,1,1,Male,5,4,4,13,Loyal Customers
55065,0,22.0,Mature (13-24m),STANDARD RISK,1.0,2.0,307.65,1,0,1,Male,5,4,5,14,Loyal Customers
55066,0,3.0,New (0-3m),STANDARD RISK,8.0,2.0,286.24,1,0,1,Female,1,4,5,10,Potential Loyalists
55067,0,8.0,Established (7-12m),STANDARD RISK,1.0,2.0,150.85,3,0,1,Female,5,4,2,11,Potential Loyalists
55068,0,18.0,Mature (13-24m),LOW RISK,11.0,4.0,307.13,4,0,3,Male,1,5,5,11,Potential Loyalists
55069,0,7.0,Established (7-12m),STANDARD RISK,9.0,2.0,208.8,3,1,3,Male,1,4,4,9,At Risk
55070,0,1.0,New (0-3m),CRITICAL RISK,2.0,2.0,154.94,1,1,1,Female,4,4,3,11,Potential Loyalists
55071,0,1.0,New (0-3m),STANDARD RISK,2.0,2.0,137.23,3,0,1,Male,4,4,1,9,At Risk
55072,1,1.0,New (0-3m),CRITICAL RISK,1.0,2.0,136.18,1,1,3,Male,5,4,1,10,Potential Loyalists
55073,0,1.0,New (0-3m),CRITICAL RISK,3.0,3.0,153.75,1,1,1,Male,3,4,3,10,Potential Loyalists
55074,1,9.0,Established (7-12m),STANDARD RISK,12.0,2.0,313.24,4,1,3,Female,1,4,5,10,Potential Loyalists
55075,0,29.0,Loyal (25m+),STANDARD RISK,1.0,16.0,260.77,4,1,1,Male,5,5,5,15,Loyal Customers
55076,1,1.0,New (0-3m),STANDARD RISK,3.0,3.0,151.25,3,0,1,Female,3,4,2,9,At Risk
55077,0,20.0,Mature (13-24m),LOW RISK,9.0,2.0,312.89,4,0,3,Female,1,4,5,10,Potential Loyalists
55078,0,8.0,Established (7-12m),STANDARD RISK,3.0,2.0,170.38,5,1,3,Female,3,4,3,10,Potential Loyalists
55079,0,25.0,Loyal (25m+),STANDARD RISK,11.0,12.0,323.47,4,1,3,Male,1,5,5,11,Potential Loyalists
55080,0,31.0,Loyal (25m+),STANDARD RISK,3.0,6.0,230.12,1,0,1,Male,3,5,5,13,Loyal Customers
55081,0,8.0,Established (7-12m),STANDARD RISK,11.0,6.0,169.44,4,0,1,Female,1,5,3,9,At Risk
55082,0,2.0,New (0-3m),STANDARD RISK,3.0,2.0,146.54,3,1,1,Male,3,4,2,9,At Risk
55083,0,18.0,Mature (13-24m),LOW RISK,14.0,15.0,316.9,5,0,1,Male,1,5,5,11,Potential Loyalists
55084,0,8.0,Established (7-12m),STANDARD RISK,9.0,2.0,169.9,4,0,2,Male,1,4,3,8,At Risk
55085,0,9.0,Established (7-12m),STANDARD RISK,3.0,3.0,160.06,3,1,1,Male,3,4,3,10,Potential Loyalists
55086,0,16.0,Mature (13-24m),STANDARD RISK,1.0,2.0,148.72,4,1,1,Female,5,4,2,11,Potential Loyalists
55087,0,17.0,Mature (13-24m),STANDARD RISK,3.0,16.0,227.31,1,0,3,Female,3,5,5,13,Loyal Customers
55088,0,10.0,Established (7-12m),STANDARD RISK,13.0,6.0,179.1,4,1,1,Female,1,5,4,10,Potential Loyalists
55089,1,8.0,Established (7-12m),STANDARD RISK,6.0,2.0,204.78,1,0,1,Female,2,4,4,10,Potential Loyalists
55090,0,2.0,New (0-3m),CRITICAL RISK,3.0,3.0,163.67,1,1,1,Male,3,4,3,10,Potential Loyalists
55091,0,25.0,Loyal (25m+),STANDARD RISK,8.0,8.0,153.38,3,0,1,Female,1,5,2,8,At Risk
55092,0,4.0,Growing (4-6m),STANDARD RISK,8.0,2.0,171.95,3,1,1,Female,1,4,3,8,At Risk
55093,1,1.0,New (0-3m),STANDARD RISK,8.0,8.0,158.39,3,1,1,Female,1,5,3,9,At Risk
55094,0,2.0,New (0-3m),STANDARD RISK,3.0,2.0,145.8,5,0,1,Male,3,4,2,9,At Risk
55095,0,1.0,New (0-3m),STANDARD RISK,2.0,3.0,145.96,4,0,1,Female,4,4,2,10,Potential Loyalists
55096,0,6.0,Growing (4-6m),MEDIUM RISK,9.0,2.0,187.09,1,0,3,Male,1,4,4,9,At Risk
55097,0,19.0,Mature (13-24m),LOW RISK,1.0,2.0,305.61,4,0,1,Female,5,4,5,14,Loyal Customers
55098,0,13.0,Mature (13-24m),STANDARD RISK,3.0,16.0,296.23,4,1,1,Female,3,5,5,13,Loyal Customers
55099,0,31.0,Loyal (25m+),STANDARD RISK,3.0,3.0,148.72,3,0,1,Male,3,4,2,9,At Risk
55100,1,1.0,New (0-3m),STANDARD RISK,2.0,2.0,173.83,3,0,1,Male,4,4,4,12,Potential Loyalists
55101,1,3.0,New (0-3m),STANDARD RISK,4.0,2.0,164.04,5,0,1,Male,2,4,3,9,At Risk
55102,0,4.0,Growing (4-6m),MEDIUM RISK,8.0,7.0,171.27,1,0,1,Female,1,5,3,9,At Risk
55103,0,10.0,Established (7-12m),STANDARD RISK,8.0,2.0,195.94,3,0,1,Female,1,4,4,9,At Risk
55104,0,20.0,Mature (13-24m),LOW RISK,8.0,6.0,159.23,5,0,2,Female,1,5,3,9,At Risk
55105,0,2.0,New (0-3m),STANDARD RISK,6.0,8.0,191.74,1,0,1,Female,2,5,4,11,Potential Loyalists
55106,0,24.0,Mature (13-24m),STANDARD RISK,3.0,2.0,293.8,5,1,1,Female,3,4,5,12,Potential Loyalists
55107,1,4.0,Growing (4-6m),STANDARD RISK,3.0,2.0,215.94,4,1,3,Male,3,4,5,12,Potential Loyalists
55108,1,16.0,Mature (13-24m),STANDARD RISK,3.0,8.0,209.46,4,1,3,Male,3,5,5,13,Loyal Customers
55109,0,4.0,Growing (4-6m),STANDARD RISK,9.0,2.0,244.16000000000005,5,1,1,Female,1,4,5,10,Potential Loyalists
55110,0,13.0,Mature (13-24m),STANDARD RISK,8.0,2.0,170.34,3,0,1,Male,1,4,3,8,At Risk
55111,0,5.0,Growing (4-6m),STANDARD RISK,3.0,10.0,223.52,3,1,3,Female,3,5,5,13,Loyal Customers
55112,0,15.0,Mature (13-24m),LOW RISK,10.0,12.0,186.51,4,0,3,Male,1,5,4,10,Potential Loyalists
55113,1,1.0,New (0-3m),STANDARD RISK,3.0,3.0,148.02,4,1,3,Female,3,4,2,9,At Risk
55114,1,8.0,Established (7-12m),STANDARD RISK,3.0,2.0,148.62,5,0,1,Male,3,4,2,9,At Risk
55115,0,16.0,Mature (13-24m),STANDARD RISK,11.0,3.0,303.61,3,1,1,Male,1,4,5,10,Potential Loyalists
55116,0,29.0,Loyal (25m+),STANDARD RISK,12.0,10.0,316.87,3,0,1,Female,1,5,5,11,Potential Loyalists
55117,0,30.0,Loyal (25m+),LOW RISK,8.0,8.0,322.17,4,0,2,Male,1,5,5,11,Potential Loyalists
55118,0,14.0,Mature (13-24m),STANDARD RISK,1.0,2.0,160.44,3,0,1,Male,5,4,3,12,Potential Loyalists
55119,0,8.0,Established (7-12m),STANDARD RISK,3.0,2.0,210.0,1,0,1,Male,3,4,5,12,Potential Loyalists
55120,0,14.0,Mature (13-24m),STANDARD RISK,9.0,9.0,171.61,1,0,1,Male,1,5,3,9,At Risk
55121,0,15.0,Mature (13-24m),LOW RISK,8.0,2.0,166.03,5,0,3,Female,1,4,3,8,At Risk
55122,0,9.0,Established (7-12m),STANDARD RISK,2.0,2.0,167.49,3,1,1,Male,4,4,3,11,Potential Loyalists
55123,0,25.0,Loyal (25m+),STANDARD RISK,11.0,2.0,265.26,4,1,2,Male,1,4,5,10,Potential Loyalists
55124,0,12.0,Established (7-12m),STANDARD RISK,8.0,2.0,193.93,5,0,3,Female,1,4,4,9,At Risk
55125,0,8.0,Established (7-12m),STANDARD RISK,7.0,10.0,186.25,5,0,3,Female,2,5,4,11,Potential Loyalists
55126,0,1.0,New (0-3m),STANDARD RISK,3.0,2.0,161.69,1,0,1,Male,3,4,3,10,Potential Loyalists
55127,1,21.0,Mature (13-24m),STANDARD RISK,3.0,6.0,225.08,5,1,1,Female,3,5,5,13,Loyal Customers
55128,0,14.0,Mature (13-24m),LOW RISK,4.0,2.0,148.87,4,0,1,Male,2,4,2,8,At Risk
55129,0,10.0,Established (7-12m),STANDARD RISK,14.0,7.0,171.39,5,0,3,Female,1,5,3,9,At Risk
55130,0,22.0,Mature (13-24m),STANDARD RISK,9.0,2.0,203.98,1,0,1,Male,1,4,4,9,At Risk
55131,0,1.0,New (0-3m),STANDARD RISK,1.0,2.0,150.34,1,0,3,Female,5,4,2,11,Potential Loyalists
55132,0,25.0,Loyal (25m+),LOW RISK,4.0,2.0,256.42,4,0,1,Female,2,4,5,11,Potential Loyalists
55133,0,1.0,New (0-3m),STANDARD RISK,1.0,2.0,141.11,1,0,1,Female,5,4,2,11,Potential Loyalists
55134,0,9.0,Established (7-12m),STANDARD RISK,1.0,2.0,178.63,1,0,1,Female,5,4,4,13,Loyal Customers
55135,0,1.0,New (0-3m),STANDARD RISK,1.0,2.0,175.71,1,0,3,Male,5,4,4,13,Loyal Customers
55136,1,19.0,Mature (13-24m),STANDARD RISK,9.0,4.0,261.95,3,1,3,Male,1,5,5,11,Potential Loyalists
55137,0,30.0,Loyal (25m+),STANDARD RISK,10.0,2.0,259.02,4,1,1,Male,1,4,5,10,Potential Loyalists
55138,0,8.0,Established (7-12m),STANDARD RISK,1.0,2.0,145.29,3,0,1,Female,5,4,2,11,Potential Loyalists
55139,0,14.0,Mature (13-24m),STANDARD RISK,9.0,12.0,188.77,3,0,1,Female,1,5,4,10,Potential Loyalists
55140,0,8.0,Established (7-12m),STANDARD RISK,8.0,8.0,179.29,3,0,1,Male,1,5,4,10,Potential Loyalists
55141,1,1.0,New (0-3m),STANDARD RISK,1.0,2.0,152.85,1,0,3,Female,5,4,2,11,Potential Loyalists
55142,1,1.0,New (0-3m),STANDARD RISK,3.0,4.0,171.14,3,1,3,Female,3,5,3,11,Potential Loyalists
55143,0,12.0,Established (7-12m),STANDARD RISK,4.0,2.0,151.1,3,0,1,Male,2,4,2,8,At Risk
55144,0,8.0,Established (7-12m),STANDARD RISK,12.0,5.0,191.87,1,0,1,Female,1,5,4,10,Potential Loyalists
55145,0,2.0,New (0-3m),STANDARD RISK,5.0,2.0,172.24,5,0,3,Male,2,4,3,9,At Risk
55146,1,1.0,New (0-3m),STANDARD RISK,8.0,7.0,186.79,3,1,1,Male,1,5,4,10,Potential Loyalists
55147,0,13.0,Mature (13-24m),STANDARD RISK,5.0,2.0,186.2,1,1,3,Male,2,4,4,10,Potential Loyalists
55148,0,25.0,Loyal (25m+),LOW RISK,3.0,4.0,230.96,4,0,3,Male,3,5,5,13,Loyal Customers
55149,0,15.0,Mature (13-24m),STANDARD RISK,4.0,4.0,179.67,1,1,1,Female,2,5,4,11,Potential Loyalists
55150,0,11.0,Established (7-12m),STANDARD RISK,4.0,2.0,154.96,3,1,1,Male,2,4,3,9,At Risk
55151,0,7.0,Established (7-12m),STANDARD RISK,3.0,2.0,224.98,1,0,3,Male,3,4,5,12,Potential Loyalists
55152,0,6.0,Growing (4-6m),STANDARD RISK,3.0,2.0,165.78,4,1,3,Male,3,4,3,10,Potential Loyalists
55153,0,13.0,Mature (13-24m),STANDARD RISK,6.0,2.0,234.2,3,0,1,Male,2,4,5,11,Potential Loyalists
55154,0,1.0,New (0-3m),STANDARD RISK,3.0,2.0,187.32,3,0,3,Male,3,4,4,11,Potential Loyalists
55155,0,26.0,Loyal (25m+),STANDARD RISK,3.0,2.0,257.47,3,1,1,Female,3,4,5,12,Potential Loyalists
55156,0,17.0,Mature (13-24m),STANDARD RISK,9.0,2.0,165.81,3,1,1,Female,1,4,3,8,At Risk
55157,0,1.0,New (0-3m),CRITICAL RISK,5.0,5.0,182.69,1,1,3,Female,2,5,4,11,Potential Loyalists
55158,1,1.0,New (0-3m),STANDARD RISK,8.0,8.0,148.94,3,1,1,Female,1,5,2,8,At Risk
55159,0,1.0,New (0-3m),STANDARD RISK,2.0,2.0,164.04,1,0,1,Male,4,4,3,11,Potential Loyalists
55160,0,16.0,Mature (13-24m),LOW RISK,10.0,2.0,292.99,5,0,2,Female,1,4,5,10,Potential Loyalists
55161,0,26.0,Loyal (25m+),LOW RISK,5.0,2.0,154.5,5,0,1,Female,2,4,3,9,At Risk
55162,0,11.0,Established (7-12m),STANDARD RISK,3.0,2.0,161.29,3,0,1,Female,3,4,3,10,Potential Loyalists
55163,0,9.0,Established (7-12m),STANDARD RISK,3.0,3.0,218.62,1,0,1,Male,3,4,5,12,Potential Loyalists
55164,0,1.0,New (0-3m),STANDARD RISK,3.0,2.0,157.29,1,0,1,Male,3,4,3,10,Potential Loyalists
55165,0,1.0,New (0-3m),STANDARD RISK,8.0,2.0,160.78,5,0,1,Male,1,4,3,8,At Risk
55166,0,3.0,New (0-3m),STANDARD RISK,10.0,2.0,204.88,5,0,2,Male,1,4,4,9,At Risk
55167,1,13.0,Mature (13-24m),LOW RISK,4.0,2.0,167.84,5,0,1,Male,2,4,3,9,At Risk
55168,1,1.0,New (0-3m),CRITICAL RISK,8.0,8.0,200.53,1,1,1,Female,1,5,4,10,Potential Loyalists
55169,0,28.0,Loyal (25m+),STANDARD RISK,8.0,13.0,298.28,1,0,1,Female,1,5,5,11,Potential Loyalists
55170,0,31.0,Loyal (25m+),STANDARD RISK,6.0,2.0,322.01,5,1,1,Female,2,4,5,11,Potential Loyalists
55171,0,29.0,Loyal (25m+),STANDARD RISK,1.0,2.0,272.32,1,0,1,Male,5,4,5,14,Loyal Customers
55172,0,10.0,Established (7-12m),STANDARD RISK,3.0,2.0,217.78,4,1,3,Female,3,4,5,12,Potential Loyalists
55173,1,1.0,New (0-3m),STANDARD RISK,1.0,2.0,138.59,3,0,3,Female,5,4,1,10,Potential Loyalists
55174,0,4.0,Growing (4-6m),STANDARD RISK,3.0,2.0,172.79,5,0,3,Female,3,4,3,10,Potential Loyalists
55175,0,5.0,Growing (4-6m),STANDARD RISK,1.0,2.0,289.22,4,0,1,Female,5,4,5,14,Loyal Customers
55176,0,8.0,Established (7-12m),STANDARD RISK,4.0,2.0,154.96,5,0,1,Male,2,4,3,9,At Risk
55177,1,1.0,New (0-3m),STANDARD RISK,1.0,2.0,137.61,4,0,1,Female,5,4,1,10,Potential Loyalists
55178,0,1.0,New (0-3m),STANDARD RISK,5.0,2.0,145.99,5,0,1,Male,2,4,2,8,At Risk
55179,0,10.0,Established (7-12m),STANDARD RISK,9.0,2.0,183.1,1,0,1,Male,1,4,4,9,At Risk
55180,0,10.0,Established (7-12m),STANDARD RISK,3.0,2.0,181.47,5,0,3,Female,3,4,4,11,Potential Loyalists
55181,0,21.0,Mature (13-24m),STANDARD RISK,3.0,2.0,159.2,1,0,1,Male,3,4,3,10,Potential Loyalists
55182,1,1.0,New (0-3m),STANDARD RISK,3.0,3.0,169.0,5,0,3,Male,3,4,3,10,Potential Loyalists
55183,0,11.0,Established (7-12m),STANDARD RISK,4.0,2.0,160.0,3,0,1,Male,2,4,3,9,At Risk
55184,0,30.0,Loyal (25m+),LOW RISK,1.0,2.0,145.66,5,0,1,Female,5,4,2,11,Potential Loyalists
55185,0,21.0,Mature (13-24m),STANDARD RISK,7.0,6.0,296.69,3,0,1,Female,2,5,5,12,Potential Loyalists
55186,0,1.0,New (0-3m),STANDARD RISK,4.0,2.0,166.62,3,1,3,Female,2,4,3,9,At Risk
55187,0,6.0,Growing (4-6m),MEDIUM RISK,3.0,2.0,217.04,1,0,3,Male,3,4,5,12,Potential Loyalists
55188,0,8.0,Established (7-12m),STANDARD RISK,3.0,2.0,157.94,4,0,1,Female,3,4,3,10,Potential Loyalists
55189,0,15.0,Mature (13-24m),STANDARD RISK,4.0,2.0,146.27,3,1,1,Male,2,4,2,8,At Risk
55190,0,14.0,Mature (13-24m),STANDARD RISK,8.0,2.0,164.75,3,0,1,Male,1,4,3,8,At Risk
55191,0,5.0,Growing (4-6m),MEDIUM RISK,10.0,2.0,232.93,1,0,3,Male,1,4,5,10,Potential Loyalists
55192,1,10.0,Established (7-12m),STANDARD RISK,3.0,5.0,225.96,1,0,3,Male,3,5,5,13,Loyal Customers
55193,1,3.0,New (0-3m),STANDARD RISK,1.0,2.0,161.46,5,1,1,Female,5,4,3,12,Potential Loyalists
55194,1,1.0,New (0-3m),STANDARD RISK,8.0,5.0,199.46,4,0,1,Female,1,5,4,10,Potential Loyalists
55195,0,19.0,Mature (13-24m),STANDARD RISK,8.0,2.0,233.51,5,1,1,Male,1,4,5,10,Potential Loyalists
55196,0,5.0,Growing (4-6m),STANDARD RISK,3.0,2.0,146.09,4,0,2,Female,3,4,2,9,At Risk
55197,1,1.0,New (0-3m),CRITICAL RISK,3.0,3.0,162.22,1,1,1,Male,3,4,3,10,Potential Loyalists
55198,0,19.0,Mature (13-24m),STANDARD RISK,3.0,2.0,218.8,1,1,1,Male,3,4,5,12,Potential Loyalists
55199,0,22.0,Mature (13-24m),LOW RISK,3.0,3.0,179.86,5,0,3,Male,3,4,4,11,Potential Loyalists
55200,1,1.0,New (0-3m),STANDARD RISK,3.0,3.0,152.42,3,0,2,Female,3,4,2,9,At Risk
55201,0,14.0,Mature (13-24m),LOW RISK,9.0,5.0,262.57,4,0,1,Male,1,5,5,11,Potential Loyalists
55202,0,2.0,New (0-3m),STANDARD RISK,3.0,2.0,209.63,5,0,3,Male,3,4,5,12,Potential Loyalists
55203,0,18.0,Mature (13-24m),STANDARD RISK,4.0,2.0,156.62,3,0,1,Male,2,4,3,9,At Risk
55204,0,27.0,Loyal (25m+),LOW RISK,9.0,9.0,290.98,4,0,1,Male,1,5,5,11,Potential Loyalists
55205,0,23.0,Mature (13-24m),STANDARD RISK,3.0,2.0,191.51,3,0,1,Male,3,4,4,11,Potential Loyalists
55206,0,14.0,Mature (13-24m),STANDARD RISK,3.0,2.0,148.45,3,0,1,Male,3,4,2,9,At Risk
55207,0,18.0,Mature (13-24m),LOW RISK,4.0,2.0,159.2,4,0,1,Male,2,4,3,9,At Risk
55208,0,7.0,Established (7-12m),STANDARD RISK,4.0,2.0,168.73,5,0,3,Male,2,4,3,9,At Risk
55209,0,8.0,Established (7-12m),STANDARD RISK,13.0,4.0,172.59,5,0,3,Male,1,5,3,9,At Risk
55210,0,4.0,Growing (4-6m),STANDARD RISK,3.0,3.0,178.01,3,0,3,Male,3,4,4,11,Potential Loyalists
55211,0,16.0,Mature (13-24m),STANDARD RISK,9.0,6.0,161.73,1,0,1,Female,1,5,3,9,At Risk
55212,0,18.0,Mature (13-24m),STANDARD RISK,1.0,2.0,172.68,3,0,3,Female,5,4,3,12,Potential Loyalists
55213,0,4.0,Growing (4-6m),STANDARD RISK,1.0,2.0,137.74,3,0,1,Male,5,4,1,10,Potential Loyalists
55214,0,31.0,Loyal (25m+),STANDARD RISK,9.0,3.0,174.0,3,0,1,Male,1,4,4,9,At Risk
55215,0,23.0,Mature (13-24m),LOW RISK,3.0,2.0,229.66,4,0,1,Male,3,4,5,12,Potential Loyalists
55216,0,8.0,Established (7-12m),STANDARD RISK,10.0,7.0,295.07,5,0,1,Male,1,5,5,11,Potential Loyalists
55217,1,1.0,New (0-3m),STANDARD RISK,3.0,2.0,154.09,3,0,3,Male,3,4,3,10,Potential Loyalists
55218,1,1.0,New (0-3m),STANDARD RISK,1.0,2.0,182.65,4,0,3,Female,5,4,4,13,Loyal Customers
55219,1,1.0,New (0-3m),STANDARD RISK,11.0,11.0,170.99,4,1,3,Female,1,5,3,9,At Risk
55220,0,9.0,Established (7-12m),STANDARD RISK,1.0,2.0,149.04,3,0,3,Male,5,4,2,11,Potential Loyalists
55221,1,1.0,New (0-3m),STANDARD RISK,1.0,2.0,156.72,5,1,1,Male,5,4,3,12,Potential Loyalists
55222,0,1.0,New (0-3m),STANDARD RISK,1.0,2.0,145.33,4,0,3,Female,5,4,2,11,Potential Loyalists
55223,0,18.0,Mature (13-24m),STANDARD RISK,3.0,3.0,227.09,3,1,1,Male,3,4,5,12,Potential Loyalists
55224,0,3.0,New (0-3m),STANDARD RISK,3.0,2.0,211.2,3,0,3,Male,3,4,5,12,Potential Loyalists
55225,0,4.0,Growing (4-6m),STANDARD RISK,4.0,2.0,145.64,3,0,2,Male,2,4,2,8,At Risk
55226,0,29.0,Loyal (25m+),STANDARD RISK,3.0,2.0,165.35,3,1,1,Male,3,4,3,10,Potential Loyalists
55227,0,7.0,Established (7-12m),STANDARD RISK,3.0,2.0,163.38,4,0,1,Female,3,4,3,10,Potential Loyalists
55228,0,21.0,Mature (13-24m),STANDARD RISK,3.0,2.0,170.91,3,1,3,Female,3,4,3,10,Potential Loyalists
55229,1,1.0,New (0-3m),STANDARD RISK,1.0,2.0,150.61,5,0,1,Male,5,4,2,11,Potential Loyalists
55230,0,2.0,New (0-3m),STANDARD RISK,1.0,2.0,140.63,3,0,1,Male,5,4,1,10,Potential Loyalists
55231,0,2.0,New (0-3m),STANDARD RISK,4.0,2.0,173.98,5,0,3,Male,2,4,4,10,Potential Loyalists
55232,0,23.0,Mature (13-24m),LOW RISK,3.0,2.0,172.89,5,0,1,Female,3,4,3,10,Potential Loyalists
55233,0,3.0,New (0-3m),STANDARD RISK,3.0,2.0,156.8,4,0,1,Female,3,4,3,10,Potential Loyalists
55234,0,2.0,New (0-3m),STANDARD RISK,8.0,2.0,190.49,4,0,1,Male,1,4,4,9,At Risk
55235,0,7.0,Established (7-12m),STANDARD RISK,1.0,2.0,188.88,3,1,1,Male,5,4,4,13,Loyal Customers
55236,0,6.0,Growing (4-6m),MEDIUM RISK,1.0,2.0,237.44,1,0,1,Male,5,4,5,14,Loyal Customers
55237,0,28.0,Loyal (25m+),STANDARD RISK,13.0,2.0,285.32,1,0,1,Female,1,4,5,10,Potential Loyalists
55238,1,1.0,New (0-3m),STANDARD RISK,8.0,2.0,148.62,5,0,1,Male,1,4,2,7,At Risk
55239,0,18.0,Mature (13-24m),LOW RISK,18.0,15.0,288.28,5,0,1,Male,1,5,5,11,Potential Loyalists
55240,0,13.0,Mature (13-24m),LOW RISK,3.0,3.0,208.76,4,0,1,Female,3,4,4,11,Potential Loyalists
55241,0,20.0,Mature (13-24m),LOW RISK,2.0,6.0,291.06,4,0,3,Female,4,5,5,14,Loyal Customers
55242,0,9.0,Established (7-12m),STANDARD RISK,3.0,4.0,211.06,4,0,1,Female,3,5,5,13,Loyal Customers
55243,0,1.0,New (0-3m),STANDARD RISK,3.0,2.0,147.72,3,0,1,Male,3,4,2,9,At Risk
55244,1,4.0,Growing (4-6m),STANDARD RISK,1.0,2.0,145.18,5,0,1,Male,5,4,2,11,Potential Loyalists
55245,0,8.0,Established (7-12m),STANDARD RISK,7.0,9.0,195.83,3,1,3,Male,2,5,4,11,Potential Loyalists
55246,1,1.0,New (0-3m),STANDARD RISK,8.0,8.0,165.84,3,0,1,Female,1,5,3,9,At Risk
55247,0,24.0,Mature (13-24m),STANDARD RISK,10.0,14.0,269.11,1,1,1,Male,1,5,5,11,Potential Loyalists
55248,0,8.0,Established (7-12m),STANDARD RISK,8.0,6.0,148.08,3,1,3,Male,1,5,2,8,At Risk
55249,0,16.0,Mature (13-24m),LOW RISK,1.0,2.0,173.41,4,0,1,Male,5,4,4,13,Loyal Customers
55250,0,11.0,Established (7-12m),STANDARD RISK,8.0,4.0,167.85,1,0,1,Male,1,5,3,9,At Risk
55251,0,3.0,New (0-3m),STANDARD RISK,3.0,2.0,222.15,5,0,1,Female,3,4,5,12,Potential Loyalists
55252,0,7.0,Established (7-12m),STANDARD RISK,3.0,2.0,168.2,4,0,1,Male,3,4,3,10,Potential Loyalists
55253,0,19.0,Mature (13-24m),STANDARD RISK,4.0,2.0,146.32,1,0,1,Male,2,4,2,8,At Risk
55254,0,16.0,Mature (13-24m),STANDARD RISK,3.0,14.0,226.24,1,1,1,Male,3,5,5,13,Loyal Customers
55255,0,14.0,Mature (13-24m),LOW RISK,2.0,8.0,179.73,5,0,3,Male,4,5,4,13,Loyal Customers
55256,0,7.0,Established (7-12m),STANDARD RISK,8.0,6.0,177.07,3,1,1,Male,1,5,4,10,Potential Loyalists
55257,0,14.0,Mature (13-24m),STANDARD RISK,8.0,8.0,289.37,1,1,2,Male,1,5,5,11,Potential Loyalists
55258,0,1.0,New (0-3m),STANDARD RISK,1.0,2.0,147.96,5,0,1,Male,5,4,2,11,Potential Loyalists
55259,0,14.0,Mature (13-24m),STANDARD RISK,3.0,3.0,165.69,1,1,1,Male,3,4,3,10,Potential Loyalists
55260,0,19.0,Mature (13-24m),LOW RISK,8.0,8.0,199.41,4,0,1,Male,1,5,4,10,Potential Loyalists
55261,0,9.0,Established (7-12m),STANDARD RISK,3.0,5.0,149.3,3,0,3,Female,3,5,2,10,Potential Loyalists
55262,0,6.0,Growing (4-6m),STANDARD RISK,6.0,3.0,183.78,4,0,1,Female,2,4,4,10,Potential Loyalists
55263,0,10.0,Established (7-12m),STANDARD RISK,3.0,2.0,151.44,1,1,3,Male,3,4,2,9,At Risk
55264,0,22.0,Mature (13-24m),STANDARD RISK,8.0,8.0,189.39,3,0,3,Female,1,5,4,10,Potential Loyalists
55265,0,3.0,New (0-3m),STANDARD RISK,1.0,2.0,149.51,3,0,1,Male,5,4,2,11,Potential Loyalists
55266,0,7.0,Established (7-12m),STANDARD RISK,3.0,3.0,188.92,5,0,3,Male,3,4,4,11,Potential Loyalists
55267,1,1.0,New (0-3m),STANDARD RISK,3.0,7.0,222.14,5,0,3,Male,3,5,5,13,Loyal Customers
55268,0,12.0,Established (7-12m),STANDARD RISK,3.0,2.0,185.77,3,0,2,Male,3,4,4,11,Potential Loyalists
55269,0,9.0,Established (7-12m),STANDARD RISK,3.0,2.0,149.5,5,0,1,Male,3,4,2,9,At Risk
55270,0,8.0,Established (7-12m),STANDARD RISK,3.0,2.0,217.5,4,0,3,Male,3,4,5,12,Potential Loyalists
55271,1,1.0,New (0-3m),STANDARD RISK,1.0,2.0,145.74,5,1,1,Female,5,4,2,11,Potential Loyalists
55272,1,17.0,Mature (13-24m),STANDARD RISK,3.0,2.0,226.69,1,0,1,Female,3,4,5,12,Potential Loyalists
55273,1,2.0,New (0-3m),STANDARD RISK,5.0,2.0,173.55,4,0,1,Male,2,4,4,10,Potential Loyalists
55274,0,6.0,Growing (4-6m),STANDARD RISK,3.0,2.0,165.87,5,0,1,Male,3,4,3,10,Potential Loyalists
55275,0,22.0,Mature (13-24m),LOW RISK,7.0,8.0,148.67,5,0,1,Female,2,5,2,9,At Risk
55276,0,8.0,Established (7-12m),STANDARD RISK,1.0,2.0,154.72,1,0,1,Male,5,4,3,12,Potential Loyalists
55277,0,29.0,Loyal (25m+),STANDARD RISK,14.0,3.0,320.86,1,0,3,Male,1,4,5,10,Potential Loyalists
55278,0,8.0,Established (7-12m),STANDARD RISK,2.0,3.0,179.84,1,0,1,Male,4,4,4,12,Potential Loyalists
55279,0,1.0,New (0-3m),STANDARD RISK,1.0,2.0,145.61,1,0,1,Female,5,4,2,11,Potential Loyalists
55280,0,12.0,Established (7-12m),STANDARD RISK,3.0,8.0,224.24,4,0,3,Male,3,5,5,13,Loyal Customers
55281,0,12.0,Established (7-12m),STANDARD RISK,3.0,2.0,166.98,4,0,3,Female,3,4,3,10,Potential Loyalists
55282,0,10.0,Established (7-12m),STANDARD RISK,1.0,2.0,193.15,3,0,3,Female,5,4,4,13,Loyal Customers
55283,0,3.0,New (0-3m),STANDARD RISK,6.0,2.0,172.23,5,1,1,Male,2,4,3,9,At Risk
55284,0,9.0,Established (7-12m),STANDARD RISK,5.0,2.0,186.42,3,1,1,Female,2,4,4,10,Potential Loyalists
55285,0,13.0,Mature (13-24m),STANDARD RISK,7.0,8.0,207.37,3,0,3,Male,2,5,4,11,Potential Loyalists
55286,0,3.0,New (0-3m),STANDARD RISK,3.0,2.0,213.53,1,0,1,Male,3,4,5,12,Potential Loyalists
55287,0,24.0,Mature (13-24m),STANDARD RISK,1.0,2.0,318.31,3,1,3,Male,5,4,5,14,Loyal Customers
55288,0,1.0,New (0-3m),STANDARD RISK,3.0,3.0,145.73,3,0,1,Male,3,4,2,9,At Risk
55289,0,10.0,Established (7-12m),STANDARD RISK,3.0,2.0,180.62,5,1,1,Male,3,4,4,11,Potential Loyalists
55290,0,16.0,Mature (13-24m),STANDARD RISK,2.0,2.0,321.13,1,0,1,Male,4,4,5,13,Loyal Customers
55291,0,9.0,Established (7-12m),STANDARD RISK,9.0,7.0,159.07,3,0,1,Male,1,5,3,9,At Risk
55292,0,8.0,Established (7-12m),STANDARD RISK,8.0,8.0,175.63,3,0,1,Male,1,5,4,10,Potential Loyalists
55293,0,14.0,Mature (13-24m),LOW RISK,3.0,2.0,171.39,5,0,3,Female,3,4,3,10,Potential Loyalists
55294,0,17.0,Mature (13-24m),LOW RISK,3.0,2.0,173.76,4,0,1,Male,3,4,4,11,Potential Loyalists
55295,0,9.0,Established (7-12m),STANDARD RISK,2.0,2.0,151.9,1,0,1,Male,4,4,2,10,Potential Loyalists
55296,0,20.0,Mature (13-24m),LOW RISK,13.0,2.0,300.67,5,0,3,Male,1,4,5,10,Potential Loyalists
55297,1,1.0,New (0-3m),STANDARD RISK,1.0,2.0,149.08,4,1,1,Male,5,4,2,11,Potential Loyalists
55298,0,1.0,New (0-3m),STANDARD RISK,4.0,2.0,153.14,3,1,1,Female,2,4,2,8,At Risk
55299,0,24.0,Mature (13-24m),STANDARD RISK,14.0,2.0,237.45,3,1,1,Male,1,4,5,10,Potential Loyalists
55300,0,6.0,Growing (4-6m),MEDIUM RISK,3.0,2.0,158.12,1,0,1,Female,3,4,3,10,Potential Loyalists
55301,0,18.0,Mature (13-24m),STANDARD RISK,11.0,2.0,315.49,1,1,1,Female,1,4,5,10,Potential Loyalists
55302,0,4.0,Growing (4-6m),STANDARD RISK,2.0,2.0,146.41,4,0,1,Male,4,4,2,10,Potential Loyalists
55303,0,19.0,Mature (13-24m),STANDARD RISK,5.0,2.0,182.69,5,1,1,Female,2,4,4,10,Potential Loyalists
55304,0,19.0,Mature (13-24m),LOW RISK,6.0,5.0,168.85,5,0,3,Male,2,5,3,10,Potential Loyalists
55305,0,5.0,Growing (4-6m),STANDARD RISK,4.0,2.0,178.32,5,0,3,Male,2,4,4,10,Potential Loyalists
55306,0,10.0,Established (7-12m),STANDARD RISK,2.0,2.0,171.63,3,1,1,Female,4,4,3,11,Potential Loyalists
55307,0,8.0,Established (7-12m),STANDARD RISK,3.0,8.0,172.24,1,0,1,Male,3,5,3,11,Potential Loyalists
55308,0,23.0,Mature (13-24m),LOW RISK,5.0,2.0,157.11,5,0,1,Female,2,4,3,9,At Risk
55309,0,13.0,Mature (13-24m),LOW RISK,8.0,8.0,178.77,5,0,1,Male,1,5,4,10,Potential Loyalists
55310,0,1.0,New (0-3m),STANDARD RISK,8.0,2.0,165.66,5,0,1,Male,1,4,3,8,At Risk
55311,0,9.0,Established (7-12m),STANDARD RISK,11.0,2.0,177.08,5,0,1,Male,1,4,4,9,At Risk
55312,0,2.0,New (0-3m),STANDARD RISK,1.0,2.0,173.77,5,0,1,Female,5,4,4,13,Loyal Customers
55313,0,1.0,New (0-3m),STANDARD RISK,3.0,3.0,156.17,1,0,1,Male,3,4,3,10,Potential Loyalists
55314,1,1.0,New (0-3m),CRITICAL RISK,1.0,2.0,140.69,1,1,3,Female,5,4,1,10,Potential Loyalists
55315,0,21.0,Mature (13-24m),STANDARD RISK,1.0,2.0,321.58,3,0,2,Female,5,4,5,14,Loyal Customers
55316,0,13.0,Mature (13-24m),STANDARD RISK,8.0,2.0,155.69,3,0,1,Male,1,4,3,8,At Risk
55317,0,14.0,Mature (13-24m),STANDARD RISK,3.0,15.0,229.35,3,0,1,Female,3,5,5,13,Loyal Customers
55318,0,9.0,Established (7-12m),STANDARD RISK,10.0,3.0,166.48,3,0,1,Female,1,4,3,8,At Risk
55319,0,11.0,Established (7-12m),STANDARD RISK,3.0,2.0,182.68,3,0,1,Male,3,4,4,11,Potential Loyalists
55320,0,13.0,Mature (13-24m),STANDARD RISK,9.0,4.0,175.42,3,0,1,Female,1,5,4,10,Potential Loyalists
55321,0,19.0,Mature (13-24m),STANDARD RISK,10.0,4.0,182.7,1,0,1,Female,1,5,4,10,Potential Loyalists
55322,0,12.0,Established (7-12m),STANDARD RISK,3.0,2.0,202.56,3,1,1,Female,3,4,4,11,Potential Loyalists
55323,1,1.0,New (0-3m),STANDARD RISK,3.0,7.0,228.06,5,0,3,Male,3,5,5,13,Loyal Customers
55324,0,11.0,Established (7-12m),STANDARD RISK,8.0,8.0,164.36,4,0,1,Female,1,5,3,9,At Risk
55325,0,14.0,Mature (13-24m),STANDARD RISK,4.0,4.0,204.45,1,1,1,Female,2,5,4,11,Potential Loyalists
55326,0,18.0,Mature (13-24m),STANDARD RISK,3.0,2.0,182.43,1,1,2,Male,3,4,4,11,Potential Loyalists
55327,0,22.0,Mature (13-24m),STANDARD RISK,3.0,3.0,277.02,1,0,1,Male,3,4,5,12,Potential Loyalists
55328,1,1.0,New (0-3m),CRITICAL RISK,3.0,3.0,179.4,1,1,3,Male,3,4,4,11,Potential Loyalists
55329,0,1.0,New (0-3m),CRITICAL RISK,4.0,2.0,162.6,1,1,1,Female,2,4,3,9,At Risk
55330,0,1.0,New (0-3m),STANDARD RISK,3.0,2.0,160.17,3,0,1,Female,3,4,3,10,Potential Loyalists
55331,0,1.0,New (0-3m),STANDARD RISK,3.0,2.0,150.8,1,0,1,Male,3,4,2,9,At Risk
55332,1,4.0,Growing (4-6m),STANDARD RISK,4.0,2.0,146.66,5,1,1,Male,2,4,2,8,At Risk
55333,0,3.0,New (0-3m),STANDARD RISK,5.0,2.0,183.69,3,0,3,Male,2,4,4,10,Potential Loyalists
55334,0,10.0,Established (7-12m),STANDARD RISK,3.0,2.0,205.08,5,0,1,Female,3,4,4,11,Potential Loyalists
55335,0,1.0,New (0-3m),STANDARD RISK,8.0,2.0,177.06,3,0,1,Male,1,4,4,9,At Risk
55336,0,13.0,Mature (13-24m),LOW RISK,1.0,2.0,177.95,4,0,1,Male,5,4,4,13,Loyal Customers
55337,0,23.0,Mature (13-24m),LOW RISK,3.0,2.0,289.13,4,0,1,Female,3,4,5,12,Potential Loyalists
55338,0,24.0,Mature (13-24m),LOW RISK,12.0,2.0,257.69,5,0,1,Female,1,4,5,10,Potential Loyalists
55339,0,1.0,New (0-3m),STANDARD RISK,3.0,3.0,152.83,3,0,3,Female,3,4,2,9,At Risk
55340,0,8.0,Established (7-12m),STANDARD RISK,10.0,8.0,179.33,4,0,1,Female,1,5,4,10,Potential Loyalists
55341,0,10.0,Established (7-12m),STANDARD RISK,4.0,2.0,145.13,4,0,1,Male,2,4,2,8,At Risk
55342,0,23.0,Mature (13-24m),STANDARD RISK,13.0,3.0,264.66,3,1,1,Female,1,4,5,10,Potential Loyalists
55343,0,10.0,Established (7-12m),STANDARD RISK,3.0,2.0,168.74,3,0,1,Female,3,4,3,10,Potential Loyalists
55344,0,10.0,Established (7-12m),STANDARD RISK,5.0,2.0,193.42,5,0,1,Male,2,4,4,10,Potential Loyalists
55345,0,28.0,Loyal (25m+),STANDARD RISK,8.0,5.0,299.26,3,0,1,Female,1,5,5,11,Potential Loyalists
55346,0,17.0,Mature (13-24m),STANDARD RISK,12.0,7.0,301.03,3,0,1,Male,1,5,5,11,Potential Loyalists
55347,1,1.0,New (0-3m),CRITICAL RISK,8.0,7.0,170.81,1,1,3,Male,1,5,3,9,At Risk
55348,0,12.0,Established (7-12m),STANDARD RISK,10.0,3.0,172.35,1,0,1,Male,1,4,3,8,At Risk
55349,0,3.0,New (0-3m),STANDARD RISK,10.0,2.0,166.87,4,1,3,Male,1,4,3,8,At Risk
55350,0,7.0,Established (7-12m),STANDARD RISK,5.0,2.0,180.05,1,0,3,Male,2,4,4,10,Potential Loyalists
55351,0,6.0,Growing (4-6m),STANDARD RISK,7.0,2.0,179.7,4,0,1,Male,2,4,4,10,Potential Loyalists
55352,0,5.0,Growing (4-6m),MEDIUM RISK,3.0,2.0,179.76,1,0,3,Female,3,4,4,11,Potential Loyalists
55353,0,23.0,Mature (13-24m),STANDARD RISK,3.0,3.0,150.87,5,1,1,Female,3,4,2,9,At Risk
55354,0,12.0,Established (7-12m),STANDARD RISK,4.0,4.0,149.4,4,0,1,Female,2,5,2,9,At Risk
55355,0,21.0,Mature (13-24m),LOW RISK,3.0,2.0,284.72,4,0,3,Female,3,4,5,12,Potential Loyalists
55356,0,23.0,Mature (13-24m),STANDARD RISK,1.0,2.0,278.79,3,0,1,Male,5,4,5,14,Loyal Customers
55357,0,15.0,Mature (13-24m),STANDARD RISK,3.0,2.0,195.82,3,1,3,Male,3,4,4,11,Potential Loyalists
55358,0,1.0,New (0-3m),STANDARD RISK,3.0,2.0,152.28,5,0,3,Male,3,4,2,9,At Risk
55359,0,7.0,Established (7-12m),STANDARD RISK,3.0,2.0,178.68,1,1,3,Female,3,4,4,11,Potential Loyalists
55360,0,10.0,Established (7-12m),STANDARD RISK,3.0,2.0,178.47,3,0,1,Male,3,4,4,11,Potential Loyalists
55361,0,18.0,Mature (13-24m),STANDARD RISK,3.0,3.0,156.95,1,1,2,Female,3,4,3,10,Potential Loyalists
55362,1,1.0,New (0-3m),STANDARD RISK,3.0,2.0,164.89,3,1,1,Male,3,4,3,10,Potential Loyalists
55363,0,12.0,Established (7-12m),STANDARD RISK,1.0,2.0,158.06,3,0,1,Female,5,4,3,12,Potential Loyalists
55364,0,27.0,Loyal (25m+),STANDARD RISK,3.0,2.0,195.05,1,0,1,Male,3,4,4,11,Potential Loyalists
55365,1,12.0,Established (7-12m),STANDARD RISK,8.0,8.0,151.55,3,1,3,Female,1,5,2,8,At Risk
55366,1,1.0,New (0-3m),STANDARD RISK,1.0,2.0,138.93,4,0,1,Male,5,4,1,10,Potential Loyalists
55367,0,1.0,New (0-3m),STANDARD RISK,8.0,6.0,150.7,1,0,1,Male,1,5,2,8,At Risk
55368,0,29.0,Loyal (25m+),LOW RISK,3.0,2.0,160.37,4,0,1,Male,3,4,3,10,Potential Loyalists
55369,0,8.0,Established (7-12m),STANDARD RISK,14.0,5.0,164.86,1,0,1,Male,1,5,3,9,At Risk
55370,0,31.0,Loyal (25m+),STANDARD RISK,1.0,2.0,233.83,1,0,1,Male,5,4,5,14,Loyal Customers
55371,0,7.0,Established (7-12m),STANDARD RISK,14.0,3.0,145.28,4,0,1,Male,1,4,2,7,At Risk
55372,0,11.0,Established (7-12m),STANDARD RISK,3.0,2.0,220.25,1,0,3,Male,3,4,5,12,Potential Loyalists
55373,0,8.0,Established (7-12m),STANDARD RISK,8.0,9.0,154.29,1,0,1,Female,1,5,3,9,At Risk
55374,1,1.0,New (0-3m),CRITICAL RISK,3.0,2.0,147.75,1,1,3,Male,3,4,2,9,At Risk
55375,0,18.0,Mature (13-24m),STANDARD RISK,8.0,7.0,203.79,1,1,1,Female,1,5,4,10,Potential Loyalists
55376,0,9.0,Established (7-12m),STANDARD RISK,5.0,2.0,174.3,1,1,1,Male,2,4,4,10,Potential Loyalists
55377,0,17.0,Mature (13-24m),STANDARD RISK,9.0,9.0,203.47,1,1,3,Male,1,5,4,10,Potential Loyalists
55378,0,1.0,New (0-3m),STANDARD RISK,5.0,2.0,169.01,3,0,1,Male,2,4,3,9,At Risk
55379,0,15.0,Mature (13-24m),STANDARD RISK,3.0,9.0,217.41,3,0,3,Male,3,5,5,13,Loyal Customers
55380,0,3.0,New (0-3m),STANDARD RISK,3.0,2.0,154.74,3,0,1,Female,3,4,3,10,Potential Loyalists
55381,0,10.0,Established (7-12m),STANDARD RISK,8.0,7.0,170.02,1,0,3,Female,1,5,3,9,At Risk
55382,0,19.0,Mature (13-24m),STANDARD RISK,5.0,2.0,232.48,3,0,1,Male,2,4,5,11,Potential Loyalists
55383,1,1.0,New (0-3m),STANDARD RISK,1.0,2.0,140.55,3,0,2,Male,5,4,1,10,Potential Loyalists
55384,1,11.0,Established (7-12m),STANDARD RISK,11.0,2.0,254.36,3,0,3,Male,1,4,5,10,Potential Loyalists
55385,0,1.0,New (0-3m),STANDARD RISK,3.0,2.0,148.05,3,0,1,Male,3,4,2,9,At Risk
55386,0,19.0,Mature (13-24m),LOW RISK,7.0,9.0,292.04,4,0,1,Female,2,5,5,12,Potential Loyalists
55387,0,6.0,Growing (4-6m),STANDARD RISK,4.0,2.0,159.33,3,0,1,Male,2,4,3,9,At Risk
55388,0,5.0,Growing (4-6m),STANDARD RISK,4.0,2.0,159.77,3,0,1,Male,2,4,3,9,At Risk
55389,0,15.0,Mature (13-24m),LOW RISK,3.0,2.0,189.3,4,0,2,Male,3,4,4,11,Potential Loyalists
55390,0,14.0,Mature (13-24m),STANDARD RISK,1.0,2.0,190.16,5,1,1,Female,5,4,4,13,Loyal Customers
55391,0,1.0,New (0-3m),STANDARD RISK,3.0,2.0,164.07,5,0,1,Male,3,4,3,10,Potential Loyalists
55392,0,20.0,Mature (13-24m),LOW RISK,10.0,2.0,180.62,4,0,1,Male,1,4,4,9,At Risk
55393,0,9.0,Established (7-12m),STANDARD RISK,8.0,2.0,193.83,3,0,1,Male,1,4,4,9,At Risk
55394,0,4.0,Growing (4-6m),MEDIUM RISK,9.0,2.0,153.62,1,0,1,Male,1,4,2,7,At Risk
55395,0,21.0,Mature (13-24m),LOW RISK,1.0,2.0,174.78,4,0,3,Male,5,4,4,13,Loyal Customers
55396,0,20.0,Mature (13-24m),STANDARD RISK,3.0,2.0,228.68,1,1,3,Male,3,4,5,12,Potential Loyalists
55397,1,1.0,New (0-3m),STANDARD RISK,3.0,3.0,186.34,5,1,3,Male,3,4,4,11,Potential Loyalists
55398,1,1.0,New (0-3m),STANDARD RISK,1.0,2.0,192.35,4,0,3,Male,5,4,4,13,Loyal Customers
55399,0,1.0,New (0-3m),STANDARD RISK,3.0,2.0,157.95,4,0,1,Female,3,4,3,10,Potential Loyalists
55400,0,5.0,Growing (4-6m),MEDIUM RISK,5.0,2.0,177.38,1,0,1,Female,2,4,4,10,Potential Loyalists
55401,0,13.0,Mature (13-24m),STANDARD RISK,9.0,6.0,189.72,1,1,1,Male,1,5,4,10,Potential Loyalists
55402,0,6.0,Growing (4-6m),STANDARD RISK,3.0,2.0,221.1,3,0,3,Male,3,4,5,12,Potential Loyalists
55403,0,14.0,Mature (13-24m),LOW RISK,9.0,13.0,323.33,4,0,3,Male,1,5,5,11,Potential Loyalists
55404,0,19.0,Mature (13-24m),STANDARD RISK,3.0,2.0,222.56,3,0,2,Female,3,4,5,12,Potential Loyalists
55405,0,4.0,Growing (4-6m),STANDARD RISK,8.0,2.0,174.68,5,0,1,Female,1,4,4,9,At Risk
55406,0,1.0,New (0-3m),STANDARD RISK,2.0,3.0,146.45,1,0,2,Male,4,4,2,10,Potential Loyalists
55407,1,1.0,New (0-3m),STANDARD RISK,3.0,2.0,146.8,1,0,2,Female,3,4,2,9,At Risk
55408,0,5.0,Growing (4-6m),STANDARD RISK,3.0,2.0,208.46,3,0,3,Male,3,4,4,11,Potential Loyalists
55409,0,1.0,New (0-3m),STANDARD RISK,5.0,2.0,159.45,1,0,1,Female,2,4,3,9,At Risk
55410,1,1.0,New (0-3m),STANDARD RISK,3.0,3.0,152.6,4,0,3,Female,3,4,2,9,At Risk
55411,0,3.0,New (0-3m),STANDARD RISK,3.0,2.0,187.94,3,1,1,Male,3,4,4,11,Potential Loyalists
55412,0,4.0,Growing (4-6m),STANDARD RISK,8.0,2.0,196.4,5,0,3,Male,1,4,4,9,At Risk
55413,0,8.0,Established (7-12m),STANDARD RISK,3.0,2.0,154.32,1,1,1,Male,3,4,3,10,Potential Loyalists
55414,0,7.0,Established (7-12m),STANDARD RISK,8.0,2.0,176.47,4,0,3,Female,1,4,4,9,At Risk
55415,0,23.0,Mature (13-24m),STANDARD RISK,5.0,2.0,170.07,1,0,3,Female,2,4,3,9,At Risk
55416,1,1.0,New (0-3m),STANDARD RISK,3.0,2.0,210.64,5,1,3,Female,3,4,5,12,Potential Loyalists
55417,0,12.0,Established (7-12m),STANDARD RISK,6.0,2.0,149.68,4,0,1,Female,2,4,2,8,At Risk
55418,1,1.0,New (0-3m),STANDARD RISK,1.0,2.0,206.61,3,0,3,Male,5,4,4,13,Loyal Customers
55419,0,3.0,New (0-3m),STANDARD RISK,1.0,2.0,146.09,5,0,1,Female,5,4,2,11,Potential Loyalists
55420,0,4.0,Growing (4-6m),STANDARD RISK,8.0,2.0,177.94,3,0,1,Male,1,4,4,9,At Risk
55421,0,6.0,Growing (4-6m),STANDARD RISK,8.0,2.0,152.18,4,0,1,Male,1,4,2,7,At Risk
55422,0,12.0,Established (7-12m),STANDARD RISK,1.0,2.0,183.11,1,1,1,Male,5,4,4,13,Loyal Customers
55423,1,7.0,Established (7-12m),STANDARD RISK,1.0,2.0,149.37,3,1,1,Male,5,4,2,11,Potential Loyalists
55424,0,16.0,Mature (13-24m),LOW RISK,5.0,2.0,152.66,4,0,1,Male,2,4,2,8,At Risk
55425,0,29.0,Loyal (25m+),LOW RISK,1.0,2.0,315.38,5,0,1,Male,5,4,5,14,Loyal Customers
55426,0,7.0,Established (7-12m),STANDARD RISK,8.0,2.0,155.55,4,0,1,Male,1,4,3,8,At Risk
55427,0,15.0,Mature (13-24m),LOW RISK,5.0,2.0,147.89,5,0,1,Male,2,4,2,8,At Risk
55428,0,8.0,Established (7-12m),STANDARD RISK,8.0,2.0,165.01,3,1,3,Male,1,4,3,8,At Risk
55429,0,27.0,Loyal (25m+),STANDARD RISK,3.0,2.0,254.65,3,1,1,Female,3,4,5,12,Potential Loyalists
55430,0,17.0,Mature (13-24m),STANDARD RISK,9.0,2.0,160.39,1,0,2,Male,1,4,3,8,At Risk
55431,0,8.0,Established (7-12m),STANDARD RISK,3.0,3.0,185.29,1,0,3,Female,3,4,4,11,Potential Loyalists
55432,1,1.0,New (0-3m),STANDARD RISK,1.0,2.0,151.79,4,0,3,Male,5,4,2,11,Potential Loyalists
55433,0,12.0,Established (7-12m),STANDARD RISK,5.0,2.0,162.02,3,0,1,Female,2,4,3,9,At Risk
55434,1,1.0,New (0-3m),STANDARD RISK,1.0,2.0,148.98,5,1,1,Female,5,4,2,11,Potential Loyalists
55435,0,5.0,Growing (4-6m),MEDIUM RISK,8.0,6.0,179.68,1,0,3,Female,1,5,4,10,Potential Loyalists
55436,0,25.0,Loyal (25m+),STANDARD RISK,3.0,2.0,256.16,3,0,1,Female,3,4,5,12,Potential Loyalists
55437,0,11.0,Established (7-12m),STANDARD RISK,4.0,2.0,166.89,4,0,3,Male,2,4,3,9,At Risk
55438,0,20.0,Mature (13-24m),STANDARD RISK,3.0,3.0,318.28,1,1,1,Male,3,4,5,12,Potential Loyalists
55439,0,10.0,Established (7-12m),STANDARD RISK,8.0,6.0,208.21,5,1,1,Male,1,5,4,10,Potential Loyalists
55440,1,8.0,Established (7-12m),STANDARD RISK,4.0,3.0,148.42,4,1,1,Male,2,4,2,8,At Risk
55441,0,11.0,Established (7-12m),STANDARD RISK,8.0,5.0,165.71,4,0,2,Male,1,5,3,9,At Risk
55442,1,1.0,New (0-3m),CRITICAL RISK,8.0,8.0,183.13,1,1,3,Male,1,5,4,10,Potential Loyalists
55443,0,7.0,Established (7-12m),STANDARD RISK,7.0,8.0,156.43,5,0,1,Male,2,5,3,10,Potential Loyalists
55444,0,2.0,New (0-3m),STANDARD RISK,4.0,2.0,145.44,1,0,1,Male,2,4,2,8,At Risk
55445,0,13.0,Mature (13-24m),STANDARD RISK,3.0,2.0,259.64,3,0,1,Male,3,4,5,12,Potential Loyalists
55446,0,20.0,Mature (13-24m),LOW RISK,3.0,3.0,204.91,4,0,3,Male,3,4,4,11,Potential Loyalists
55447,0,14.0,Mature (13-24m),LOW RISK,3.0,2.0,158.77,5,0,1,Female,3,4,3,10,Potential Loyalists
55448,0,16.0,Mature (13-24m),LOW RISK,1.0,2.0,180.38,5,0,1,Male,5,4,4,13,Loyal Customers
55449,0,9.0,Established (7-12m),STANDARD RISK,8.0,2.0,182.62,1,0,1,Male,1,4,4,9,At Risk
55450,0,12.0,Established (7-12m),STANDARD RISK,9.0,4.0,150.92,4,0,2,Male,1,5,2,8,At Risk
55451,1,1.0,New (0-3m),STANDARD RISK,8.0,2.0,178.46,5,0,1,Male,1,4,4,9,At Risk
55452,1,1.0,New (0-3m),STANDARD RISK,9.0,2.0,167.13,5,0,1,Male,1,4,3,8,At Risk
55453,0,13.0,Mature (13-24m),STANDARD RISK,3.0,3.0,166.27,1,0,3,Male,3,4,3,10,Potential Loyalists
55454,0,17.0,Mature (13-24m),STANDARD RISK,3.0,2.0,149.38,3,0,1,Male,3,4,2,9,At Risk
55455,0,15.0,Mature (13-24m),LOW RISK,3.0,2.0,193.7,4,0,1,Male,3,4,4,11,Potential Loyalists
55456,0,15.0,Mature (13-24m),STANDARD RISK,3.0,14.0,229.47,3,1,3,Female,3,5,5,13,Loyal Customers
55457,0,4.0,Growing (4-6m),STANDARD RISK,3.0,2.0,221.67,3,0,1,Female,3,4,5,12,Potential Loyalists
55458,1,1.0,New (0-3m),STANDARD RISK,5.0,2.0,146.48,4,1,2,Female,2,4,2,8,At Risk
55459,1,10.0,Established (7-12m),STANDARD RISK,3.0,4.0,214.26,4,0,1,Female,3,5,5,13,Loyal Customers
55460,0,14.0,Mature (13-24m),STANDARD RISK,4.0,2.0,190.13,1,0,1,Female,2,4,4,10,Potential Loyalists
55461,0,8.0,Established (7-12m),STANDARD RISK,9.0,5.0,192.99,3,0,3,Male,1,5,4,10,Potential Loyalists
55462,0,31.0,Loyal (25m+),LOW RISK,15.0,15.0,287.91,4,0,3,Male,1,5,5,11,Potential Loyalists
55463,0,9.0,Established (7-12m),STANDARD RISK,4.0,2.0,152.05,3,0,1,Male,2,4,2,8,At Risk
55464,0,21.0,Mature (13-24m),STANDARD RISK,3.0,15.0,228.33,4,1,1,Female,3,5,5,13,Loyal Customers
55465,0,14.0,Mature (13-24m),LOW RISK,8.0,8.0,169.48,5,0,1,Female,1,5,3,9,At Risk
55466,0,28.0,Loyal (25m+),STANDARD RISK,8.0,2.0,193.54,1,0,1,Female,1,4,4,9,At Risk
55467,0,5.0,Growing (4-6m),STANDARD RISK,3.0,3.0,221.37,5,0,3,Female,3,4,5,12,Potential Loyalists
55468,0,2.0,New (0-3m),STANDARD RISK,3.0,2.0,160.91,5,0,1,Female,3,4,3,10,Potential Loyalists
55469,0,12.0,Established (7-12m),STANDARD RISK,4.0,2.0,179.05,1,1,3,Female,2,4,4,10,Potential Loyalists
55470,0,1.0,New (0-3m),STANDARD RISK,3.0,2.0,171.84,1,0,3,Male,3,4,3,10,Potential Loyalists
55471,0,31.0,Loyal (25m+),STANDARD RISK,3.0,3.0,282.87,3,1,1,Male,3,4,5,12,Potential Loyalists
55472,0,1.0,New (0-3m),STANDARD RISK,1.0,2.0,140.14,3,0,1,Female,5,4,1,10,Potential Loyalists
55473,1,1.0,New (0-3m),STANDARD RISK,1.0,2.0,154.56,5,0,2,Male,5,4,3,12,Potential Loyalists
55474,1,1.0,New (0-3m),STANDARD RISK,1.0,3.0,148.35,5,1,2,Male,5,4,2,11,Potential Loyalists
55475,0,19.0,Mature (13-24m),STANDARD RISK,8.0,6.0,176.54,3,0,3,Female,1,5,4,10,Potential Loyalists
55476,0,10.0,Established (7-12m),STANDARD RISK,1.0,2.0,194.62,4,1,1,Female,5,4,4,13,Loyal Customers
55477,0,17.0,Mature (13-24m),STANDARD RISK,8.0,8.0,181.75,1,0,3,Male,1,5,4,10,Potential Loyalists
55478,0,1.0,New (0-3m),CRITICAL RISK,3.0,2.0,148.79,1,1,1,Female,3,4,2,9,At Risk
55479,0,3.0,New (0-3m),STANDARD RISK,11.0,4.0,163.12,1,0,1,Male,1,5,3,9,At Risk
55480,0,6.0,Growing (4-6m),MEDIUM RISK,1.0,2.0,171.48,1,0,3,Male,5,4,3,12,Potential Loyalists
55481,0,16.0,Mature (13-24m),STANDARD RISK,4.0,4.0,154.36,3,0,1,Male,2,5,3,10,Potential Loyalists
55482,0,21.0,Mature (13-24m),STANDARD RISK,1.0,3.0,146.05,3,0,1,Female,5,4,2,11,Potential Loyalists
55483,0,20.0,Mature (13-24m),STANDARD RISK,3.0,5.0,210.78,1,0,1,Male,3,5,5,13,Loyal Customers
55484,0,2.0,New (0-3m),STANDARD RISK,3.0,3.0,152.06,1,0,2,Male,3,4,2,9,At Risk
55485,0,3.0,New (0-3m),STANDARD RISK,7.0,2.0,188.84,3,0,1,Male,2,4,4,10,Potential Loyalists
55486,0,16.0,Mature (13-24m),STANDARD RISK,1.0,2.0,164.68,3,0,1,Male,5,4,3,12,Potential Loyalists
55487,1,1.0,New (0-3m),STANDARD RISK,3.0,3.0,224.07,4,1,3,Male,3,4,5,12,Potential Loyalists
55488,0,20.0,Mature (13-24m),LOW RISK,9.0,2.0,257.25,5,0,3,Female,1,4,5,10,Potential Loyalists
55489,0,1.0,New (0-3m),STANDARD RISK,9.0,6.0,160.4,3,0,3,Female,1,5,3,9,At Risk
55490,0,3.0,New (0-3m),STANDARD RISK,1.0,2.0,153.04,4,0,2,Male,5,4,2,11,Potential Loyalists
55491,0,17.0,Mature (13-24m),STANDARD RISK,15.0,7.0,318.92,3,0,1,Female,1,5,5,11,Potential Loyalists
55492,0,22.0,Mature (13-24m),LOW RISK,10.0,13.0,321.65,4,0,1,Male,1,5,5,11,Potential Loyalists
55493,1,1.0,New (0-3m),CRITICAL RISK,1.0,2.0,149.39,1,1,1,Male,5,4,2,11,Potential Loyalists
55494,1,10.0,Established (7-12m),STANDARD RISK,8.0,2.0,198.14,4,0,3,Female,1,4,4,9,At Risk
55495,0,1.0,New (0-3m),STANDARD RISK,4.0,8.0,172.74,5,0,1,Female,2,5,3,10,Potential Loyalists
55496,0,13.0,Mature (13-24m),STANDARD RISK,3.0,3.0,164.02,1,0,1,Male,3,4,3,10,Potential Loyalists
55497,0,29.0,Loyal (25m+),STANDARD RISK,5.0,2.0,151.62,1,0,1,Male,2,4,2,8,At Risk
55498,0,2.0,New (0-3m),STANDARD RISK,1.0,2.0,153.56,4,0,3,Female,5,4,2,11,Potential Loyalists
55499,1,1.0,New (0-3m),STANDARD RISK,1.0,2.0,135.81,1,0,3,Male,5,4,1,10,Potential Loyalists
55500,1,1.0,New (0-3m),STANDARD RISK,1.0,2.0,149.72,4,1,1,Male,5,4,2,11,Potential Loyalists
55501,0,10.0,Established (7-12m),STANDARD RISK,8.0,2.0,181.73,3,1,3,Female,1,4,4,9,At Risk
55502,0,5.0,Growing (4-6m),STANDARD RISK,3.0,2.0,166.97,3,0,1,Male,3,4,3,10,Potential Loyalists
55503,0,8.0,Established (7-12m),STANDARD RISK,3.0,2.0,222.13,1,1,3,Male,3,4,5,12,Potential Loyalists
55504,0,3.0,New (0-3m),STANDARD RISK,3.0,2.0,145.62,5,0,1,Male,3,4,2,9,At Risk
55505,0,11.0,Established (7-12m),STANDARD RISK,5.0,2.0,167.84,5,1,1,Male,2,4,3,9,At Risk
55506,0,9.0,Established (7-12m),STANDARD RISK,3.0,2.0,172.88,4,1,1,Female,3,4,3,10,Potential Loyalists
55507,0,19.0,Mature (13-24m),STANDARD RISK,9.0,4.0,184.06,1,0,1,Female,1,5,4,10,Potential Loyalists
55508,0,10.0,Established (7-12m),STANDARD RISK,9.0,2.0,163.86,1,0,2,Male,1,4,3,8,At Risk
55509,0,14.0,Mature (13-24m),LOW RISK,17.0,12.0,293.23,5,0,1,Male,1,5,5,11,Potential Loyalists
55510,0,1.0,New (0-3m),STANDARD RISK,1.0,2.0,154.33,3,1,1,Female,5,4,3,12,Potential Loyalists
55511,0,1.0,New (0-3m),STANDARD RISK,8.0,2.0,190.0,3,0,3,Female,1,4,4,9,At Risk
55512,0,22.0,Mature (13-24m),STANDARD RISK,8.0,5.0,296.74,1,0,1,Female,1,5,5,11,Potential Loyalists
55513,0,18.0,Mature (13-24m),LOW RISK,3.0,3.0,175.33,5,0,1,Male,3,4,4,11,Potential Loyalists
55514,1,1.0,New (0-3m),STANDARD RISK,1.0,4.0,148.07,5,1,1,Male,5,5,2,12,Potential Loyalists
55515,1,20.0,Mature (13-24m),STANDARD RISK,1.0,2.0,150.87,1,0,1,Male,5,4,2,11,Potential Loyalists
55516,0,10.0,Established (7-12m),STANDARD RISK,4.0,2.0,180.07,4,0,3,Male,2,4,4,10,Potential Loyalists
55517,0,15.0,Mature (13-24m),LOW RISK,5.0,2.0,168.93,4,0,3,Female,2,4,3,9,At Risk
55518,0,16.0,Mature (13-24m),LOW RISK,8.0,2.0,258.48,5,0,1,Male,1,4,5,10,Potential Loyalists
55519,0,5.0,Growing (4-6m),MEDIUM RISK,5.0,2.0,190.83,1,1,3,Female,2,4,4,10,Potential Loyalists
55520,0,8.0,Established (7-12m),STANDARD RISK,2.0,2.0,206.03,1,1,3,Female,4,4,4,12,Potential Loyalists
55521,0,5.0,Growing (4-6m),STANDARD RISK,3.0,3.0,164.78,3,0,1,Female,3,4,3,10,Potential Loyalists
55522,0,1.0,New (0-3m),STANDARD RISK,8.0,8.0,150.44,1,0,1,Male,1,5,2,8,At Risk
55523,0,19.0,Mature (13-24m),STANDARD RISK,4.0,2.0,178.99,3,0,1,Male,2,4,4,10,Potential Loyalists
55524,0,7.0,Established (7-12m),STANDARD RISK,10.0,2.0,179.87,3,0,3,Male,1,4,4,9,At Risk
55525,0,2.0,New (0-3m),CRITICAL RISK,8.0,2.0,193.34,1,1,3,Male,1,4,4,9,At Risk
55526,1,1.0,New (0-3m),STANDARD RISK,1.0,2.0,135.91,5,0,3,Male,5,4,1,10,Potential Loyalists
55527,0,13.0,Mature (13-24m),STANDARD RISK,3.0,2.0,182.36,3,0,3,Female,3,4,4,11,Potential Loyalists
55528,0,1.0,New (0-3m),STANDARD RISK,3.0,2.0,147.26,4,0,1,Male,3,4,2,9,At Risk
55529,0,8.0,Established (7-12m),STANDARD RISK,12.0,7.0,182.47,1,1,1,Male,1,5,4,10,Potential Loyalists
55530,1,1.0,New (0-3m),STANDARD RISK,3.0,3.0,223.54,3,1,3,Female,3,4,5,12,Potential Loyalists
55531,0,21.0,Mature (13-24m),LOW RISK,8.0,2.0,179.67,4,0,1,Male,1,4,4,9,At Risk
55532,0,30.0,Loyal (25m+),LOW RISK,1.0,2.0,178.8,5,0,3,Female,5,4,4,13,Loyal Customers
55533,0,13.0,Mature (13-24m),LOW RISK,10.0,8.0,176.51,5,0,1,Male,1,5,4,10,Potential Loyalists
55534,0,12.0,Established (7-12m),STANDARD RISK,8.0,2.0,146.33,4,1,1,Female,1,4,2,7,At Risk
55535,0,61.0,Loyal (25m+),STANDARD RISK,1.0,2.0,303.75,1,1,3,Female,5,4,5,14,Loyal Customers
55536,1,1.0,New (0-3m),STANDARD RISK,4.0,2.0,149.32,3,1,1,Female,2,4,2,8,At Risk
55537,0,12.0,Established (7-12m),STANDARD RISK,4.0,2.0,172.71,1,0,1,Male,2,4,3,9,At Risk
55538,0,23.0,Mature (13-24m),STANDARD RISK,4.0,5.0,316.61,1,0,1,Male,2,5,5,12,Potential Loyalists
55539,0,16.0,Mature (13-24m),STANDARD RISK,1.0,2.0,175.87,1,1,3,Male,5,4,4,13,Loyal Customers
55540,1,1.0,New (0-3m),STANDARD RISK,1.0,2.0,153.63,4,0,2,Female,5,4,2,11,Potential Loyalists
55541,0,9.0,Established (7-12m),STANDARD RISK,5.0,2.0,180.61,5,0,3,Male,2,4,4,10,Potential Loyalists
55542,0,2.0,New (0-3m),STANDARD RISK,5.0,2.0,146.44,3,0,1,Male,2,4,2,8,At Risk
55543,0,5.0,Growing (4-6m),STANDARD RISK,4.0,3.0,155.65,5,1,1,Male,2,4,3,9,At Risk
55544,0,10.0,Established (7-12m),STANDARD RISK,3.0,2.0,153.1,4,0,1,Male,3,4,2,9,At Risk
55545,0,8.0,Established (7-12m),STANDARD RISK,3.0,3.0,223.88,1,0,3,Male,3,4,5,12,Potential Loyalists
55546,0,8.0,Established (7-12m),STANDARD RISK,3.0,2.0,211.28,3,0,3,Male,3,4,5,12,Potential Loyalists
55547,0,1.0,New (0-3m),STANDARD RISK,7.0,8.0,153.67,5,0,1,Male,2,5,3,10,Potential Loyalists
55548,0,3.0,New (0-3m),STANDARD RISK,3.0,2.0,178.73,5,0,1,Male,3,4,4,11,Potential Loyalists
55549,0,6.0,Growing (4-6m),MEDIUM RISK,3.0,2.0,191.67,1,0,1,Female,3,4,4,11,Potential Loyalists
55550,0,5.0,Growing (4-6m),STANDARD RISK,8.0,9.0,175.03,5,0,1,Male,1,5,4,10,Potential Loyalists
55551,1,1.0,New (0-3m),STANDARD RISK,4.0,2.0,148.67,1,0,1,Male,2,4,2,8,At Risk
55552,0,12.0,Established (7-12m),STANDARD RISK,1.0,2.0,153.58,5,0,3,Male,5,4,2,11,Potential Loyalists
55553,0,9.0,Established (7-12m),STANDARD RISK,10.0,2.0,177.04,1,1,3,Female,1,4,4,9,At Risk
55554,0,1.0,New (0-3m),STANDARD RISK,8.0,2.0,166.05,1,0,3,Male,1,4,3,8,At Risk
55555,0,6.0,Growing (4-6m),MEDIUM RISK,3.0,2.0,221.79,1,0,1,Male,3,4,5,12,Potential Loyalists
55556,1,1.0,New (0-3m),CRITICAL RISK,9.0,2.0,181.17,1,1,3,Male,1,4,4,9,At Risk
55557,1,17.0,Mature (13-24m),STANDARD RISK,3.0,3.0,229.48,5,1,3,Male,3,4,5,12,Potential Loyalists
55558,0,28.0,Loyal (25m+),STANDARD RISK,4.0,3.0,153.97,3,0,1,Female,2,4,3,9,At Risk
55559,0,7.0,Established (7-12m),STANDARD RISK,9.0,3.0,184.68,3,0,1,Male,1,4,4,9,At Risk
55560,0,17.0,Mature (13-24m),STANDARD RISK,10.0,2.0,200.1,3,0,1,Male,1,4,4,9,At Risk
55561,0,12.0,Established (7-12m),STANDARD RISK,3.0,2.0,154.91,4,1,2,Male,3,4,3,10,Potential Loyalists
55562,0,29.0,Loyal (25m+),STANDARD RISK,5.0,2.0,321.36,4,1,2,Male,2,4,5,11,Potential Loyalists
55563,0,5.0,Growing (4-6m),MEDIUM RISK,1.0,2.0,136.29,1,1,1,Female,5,4,1,10,Potential Loyalists
55564,0,13.0,Mature (13-24m),LOW RISK,11.0,2.0,258.41,5,0,3,Male,1,4,5,10,Potential Loyalists
55565,0,16.0,Mature (13-24m),STANDARD RISK,8.0,4.0,168.32,3,0,1,Male,1,5,3,9,At Risk
55566,0,5.0,Growing (4-6m),STANDARD RISK,9.0,2.0,235.31,3,0,1,Female,1,4,5,10,Potential Loyalists
55567,0,28.0,Loyal (25m+),STANDARD RISK,5.0,2.0,169.4,5,1,1,Female,2,4,3,9,At Risk
55568,0,1.0,New (0-3m),STANDARD RISK,3.0,2.0,171.17,3,0,1,Male,3,4,3,10,Potential Loyalists
55569,0,1.0,New (0-3m),STANDARD RISK,5.0,2.0,151.47,1,0,1,Male,2,4,2,8,At Risk
55570,0,14.0,Mature (13-24m),STANDARD RISK,5.0,10.0,188.23,3,0,1,Female,2,5,4,11,Potential Loyalists
55571,0,14.0,Mature (13-24m),LOW RISK,11.0,6.0,181.77,4,0,3,Female,1,5,4,10,Potential Loyalists
55572,0,1.0,New (0-3m),STANDARD RISK,3.0,2.0,146.87,4,0,2,Female,3,4,2,9,At Risk
55573,0,4.0,Growing (4-6m),STANDARD RISK,8.0,2.0,162.48,4,0,1,Male,1,4,3,8,At Risk
55574,0,1.0,New (0-3m),STANDARD RISK,3.0,2.0,164.77,3,1,1,Male,3,4,3,10,Potential Loyalists
55575,0,21.0,Mature (13-24m),STANDARD RISK,3.0,13.0,211.33,3,0,1,Male,3,5,5,13,Loyal Customers
55576,0,7.0,Established (7-12m),STANDARD RISK,1.0,2.0,145.08,3,0,1,Male,5,4,2,11,Potential Loyalists
55577,0,12.0,Established (7-12m),STANDARD RISK,9.0,6.0,169.4,4,0,3,Male,1,5,3,9,At Risk
55578,0,5.0,Growing (4-6m),STANDARD RISK,3.0,2.0,155.67,3,0,3,Male,3,4,3,10,Potential Loyalists
55579,0,12.0,Established (7-12m),STANDARD RISK,8.0,8.0,178.21,3,0,1,Male,1,5,4,10,Potential Loyalists
55580,0,16.0,Mature (13-24m),STANDARD RISK,3.0,2.0,179.1,5,1,1,Male,3,4,4,11,Potential Loyalists
55581,0,15.0,Mature (13-24m),STANDARD RISK,1.0,2.0,152.82,1,0,1,Male,5,4,2,11,Potential Loyalists
55582,0,21.0,Mature (13-24m),LOW RISK,13.0,2.0,244.57,4,0,1,Female,1,4,5,10,Potential Loyalists
55583,0,9.0,Established (7-12m),STANDARD RISK,3.0,3.0,151.6,3,1,1,Male,3,4,2,9,At Risk
55584,0,1.0,New (0-3m),STANDARD RISK,3.0,2.0,158.75,3,0,1,Male,3,4,3,10,Potential Loyalists
55585,0,9.0,Established (7-12m),STANDARD RISK,9.0,2.0,175.98,3,0,1,Male,1,4,4,9,At Risk
55586,0,7.0,Established (7-12m),STANDARD RISK,2.0,9.0,173.78,1,1,1,Female,4,5,4,13,Loyal Customers
55587,0,6.0,Growing (4-6m),STANDARD RISK,2.0,5.0,153.37,4,0,1,Female,4,5,2,11,Potential Loyalists
55588,0,14.0,Mature (13-24m),STANDARD RISK,1.0,2.0,149.06,1,0,1,Male,5,4,2,11,Potential Loyalists
55589,0,6.0,Growing (4-6m),STANDARD RISK,3.0,3.0,147.69,4,0,3,Male,3,4,2,9,At Risk
55590,0,13.0,Mature (13-24m),STANDARD RISK,8.0,2.0,166.08,1,0,1,Male,1,4,3,8,At Risk
55591,0,12.0,Established (7-12m),STANDARD RISK,12.0,2.0,257.06,3,0,1,Female,1,4,5,10,Potential Loyalists
55592,0,6.0,Growing (4-6m),MEDIUM RISK,3.0,6.0,229.22,1,0,3,Female,3,5,5,13,Loyal Customers
55593,0,11.0,Established (7-12m),STANDARD RISK,9.0,7.0,262.44,1,1,1,Female,1,5,5,11,Potential Loyalists
55594,0,1.0,New (0-3m),STANDARD RISK,5.0,2.0,174.07,3,1,3,Female,2,4,4,10,Potential Loyalists
55595,0,26.0,Loyal (25m+),STANDARD RISK,1.0,2.0,159.82,1,0,3,Male,5,4,3,12,Potential Loyalists
55596,0,18.0,Mature (13-24m),STANDARD RISK,3.0,2.0,149.36,1,1,1,Male,3,4,2,9,At Risk
55597,0,1.0,New (0-3m),STANDARD RISK,3.0,2.0,148.8,5,1,3,Male,3,4,2,9,At Risk
55598,0,13.0,Mature (13-24m),STANDARD RISK,4.0,2.0,319.31,1,0,1,Male,2,4,5,11,Potential Loyalists
55599,1,1.0,New (0-3m),STANDARD RISK,1.0,2.0,142.9,5,0,3,Male,5,4,2,11,Potential Loyalists
55600,0,10.0,Established (7-12m),STANDARD RISK,5.0,4.0,201.44,1,0,3,Female,2,5,4,11,Potential Loyalists
55601,0,10.0,Established (7-12m),STANDARD RISK,3.0,2.0,176.31,4,0,1,Female,3,4,4,11,Potential Loyalists
55602,0,30.0,Loyal (25m+),STANDARD RISK,10.0,2.0,188.06,3,0,1,Male,1,4,4,9,At Risk
55603,1,1.0,New (0-3m),CRITICAL RISK,3.0,3.0,172.87,1,1,1,Male,3,4,3,10,Potential Loyalists
55604,0,16.0,Mature (13-24m),STANDARD RISK,15.0,5.0,313.8,3,0,1,Male,1,5,5,11,Potential Loyalists
55605,1,20.0,Mature (13-24m),STANDARD RISK,9.0,10.0,148.39,3,0,1,Male,1,5,2,8,At Risk
55606,0,15.0,Mature (13-24m),LOW RISK,11.0,2.0,260.7,4,0,1,Female,1,4,5,10,Potential Loyalists
55607,0,8.0,Established (7-12m),STANDARD RISK,8.0,2.0,192.12,3,0,3,Female,1,4,4,9,At Risk
55608,0,10.0,Established (7-12m),STANDARD RISK,12.0,12.0,179.06,1,0,3,Male,1,5,4,10,Potential Loyalists
55609,0,15.0,Mature (13-24m),LOW RISK,3.0,2.0,214.38,4,0,3,Male,3,4,5,12,Potential Loyalists
55610,0,6.0,Growing (4-6m),STANDARD RISK,3.0,2.0,149.39,5,0,1,Male,3,4,2,9,At Risk
55611,0,9.0,Established (7-12m),STANDARD RISK,3.0,2.0,213.37,1,1,2,Female,3,4,5,12,Potential Loyalists
55612,0,12.0,Established (7-12m),STANDARD RISK,10.0,2.0,178.43,1,0,3,Female,1,4,4,9,At Risk
55613,1,14.0,Mature (13-24m),STANDARD RISK,2.0,2.0,192.28,3,0,3,Male,4,4,4,12,Potential Loyalists
55614,0,10.0,Established (7-12m),STANDARD RISK,1.0,2.0,191.52,1,0,3,Female,5,4,4,13,Loyal Customers
55615,0,19.0,Mature (13-24m),STANDARD RISK,2.0,2.0,173.5,3,0,3,Female,4,4,4,12,Potential Loyalists
55616,0,14.0,Mature (13-24m),STANDARD RISK,3.0,3.0,153.09,3,0,1,Male,3,4,2,9,At Risk
55617,0,9.0,Established (7-12m),STANDARD RISK,3.0,2.0,181.89,3,1,1,Male,3,4,4,11,Potential Loyalists
55618,0,14.0,Mature (13-24m),STANDARD RISK,3.0,2.0,145.01,3,0,1,Female,3,4,2,9,At Risk
55619,0,9.0,Established (7-12m),STANDARD RISK,2.0,2.0,154.77,1,0,1,Female,4,4,3,11,Potential Loyalists
55620,0,3.0,New (0-3m),STANDARD RISK,4.0,2.0,165.25,4,1,1,Male,2,4,3,9,At Risk
55621,0,3.0,New (0-3m),STANDARD RISK,5.0,2.0,162.85,5,0,1,Female,2,4,3,9,At Risk
55622,1,14.0,Mature (13-24m),STANDARD RISK,1.0,2.0,233.54,5,1,3,Male,5,4,5,14,Loyal Customers
55623,0,13.0,Mature (13-24m),STANDARD RISK,7.0,2.0,245.31,1,0,3,Female,2,4,5,11,Potential Loyalists
55624,0,5.0,Growing (4-6m),STANDARD RISK,3.0,2.0,224.36,5,0,1,Male,3,4,5,12,Potential Loyalists
55625,0,1.0,New (0-3m),STANDARD RISK,1.0,2.0,154.66,3,0,3,Female,5,4,3,12,Potential Loyalists
55626,0,10.0,Established (7-12m),STANDARD RISK,4.0,2.0,150.71,1,0,1,Male,2,4,2,8,At Risk
55627,0,13.0,Mature (13-24m),LOW RISK,3.0,2.0,224.91,5,0,1,Male,3,4,5,12,Potential Loyalists
55628,0,1.0,New (0-3m),STANDARD RISK,4.0,2.0,186.42,4,1,1,Male,2,4,4,10,Potential Loyalists
55629,0,23.0,Mature (13-24m),LOW RISK,9.0,2.0,178.9,4,0,3,Male,1,4,4,9,At Risk
55630,0,8.0,Established (7-12m),STANDARD RISK,3.0,2.0,169.04,3,0,1,Male,3,4,3,10,Potential Loyalists
